source_id,latest_block,agent_risk_state,agent_execution_mode,baseline_notional,agent_notional,baseline_paper_gas_paid_proxy,agent_paper_gas_paid_proxy,avoided_paper_gas_paid_proxy,paper_gas_paid_proxy_reduction,baseline_paper_slippage_proxy,agent_paper_slippage_proxy,avoided_paper_slippage_proxy,paper_slippage_proxy_reduction,baseline_paper_failed_tx_cost_proxy,agent_paper_failed_tx_cost_proxy,avoided_paper_failed_tx_cost_proxy,paper_failed_tx_cost_proxy_reduction,baseline_paper_confirmation_delay_blocks_proxy,agent_paper_confirmation_delay_blocks_proxy,avoided_paper_confirmation_delay_blocks_proxy,paper_confirmation_delay_blocks_proxy_reduction,baseline_paper_execution_cost_proxy,agent_paper_execution_cost_proxy,avoided_paper_execution_cost_proxy,paper_execution_cost_proxy_reduction,baseline_opportunity_capture_proxy,agent_opportunity_capture_proxy,avoided_opportunity_capture_proxy,opportunity_capture_proxy_reduction
24993716_2026-04-30T15:38:24.572292+00:00,24993716,CAUTION,REDUCE_SIZE,1.0,0.25,1.018932,0.254733,0.764199,0.75,0.2689319999999999,0.0672329999999999,0.201699,0.7500000000000002,0.0706574,0.01766435,0.05299305,0.75,4.7949607,4.7949607,0.0,0.0,1.83801747,0.4595043674999999,1.3785131025000001,0.7500000000000001,1.0,0.25,0.75,0.75
24993872_2026-04-30T15:38:36.621869+00:00,24993872,HIGH_STRESS,PAUSE,1.0,0.0,1.261322,0.0,1.261322,1.0,0.511322,0.0,0.511322,1.0,0.484307,0.0,0.484307,1.0,6.2459101,0.0,6.2459101,1.0,2.88154201,0.0,2.88154201,1.0,1.0,0.0,1.0,1.0
24993873_2026-04-30T15:38:48.675160+00:00,24993873,HIGH_STRESS,PAUSE,1.0,0.0,1.260158,0.0,1.260158,1.0,0.5101579999999999,0.0,0.5101579999999999,1.0,0.4852665,0.0,0.4852665,1.0,6.2487704,0.0,6.2487704,1.0,2.8804595399999995,0.0,2.8804595399999995,1.0,1.0,0.0,1.0,1.0
24993874_2026-04-30T15:39:00.750887+00:00,24993874,HIGH_STRESS,PAUSE,1.0,0.0,1.2624,0.0,1.2624,1.0,0.5124,0.0,0.5124,1.0,0.4862485,0.0,0.4862485,1.0,6.2562495,0.0,6.2562495,1.0,2.88667345,0.0,2.88667345,1.0,1.0,0.0,1.0,1.0
24993875_2026-04-30T15:39:12.817062+00:00,24993875,HIGH_STRESS,PAUSE,1.0,0.0,1.264326,0.0,1.264326,1.0,0.5143260000000001,0.0,0.5143260000000001,1.0,0.4873448,0.0,0.4873448,1.0,6.2622989,0.0,6.2622989,1.0,2.89222669,0.0,2.89222669,1.0,1.0,0.0,1.0,1.0
24993876_2026-04-30T15:39:24.876427+00:00,24993876,HIGH_STRESS,PAUSE,1.0,0.0,1.258242,0.0,1.258242,1.0,0.5082420000000001,0.0,0.5082420000000001,1.0,0.482147,0.0,0.482147,1.0,6.2368201,0.0,6.2368201,1.0,2.87231301,0.0,2.87231301,1.0,1.0,0.0,1.0,1.0
24993877_2026-04-30T15:39:36.934080+00:00,24993877,HIGH_STRESS,PAUSE,1.0,0.0,1.247932,0.0,1.247932,1.0,0.497932,0.0,0.497932,1.0,0.4777381,0.0,0.4777381,1.0,6.2081623,0.0,6.2081623,1.0,2.84441833,0.0,2.84441833,1.0,1.0,0.0,1.0,1.0
24993878_2026-04-30T15:39:49.079255+00:00,24993878,HIGH_STRESS,PAUSE,1.0,0.0,1.24283,0.0,1.24283,1.0,0.4928300000000001,0.0,0.4928300000000001,1.0,0.4718397,0.0,0.4718397,1.0,6.1838974,0.0,6.1838974,1.0,2.82588944,0.0,2.82588944,1.0,1.0,0.0,1.0,1.0
24993881_2026-04-30T15:40:25.240187+00:00,24993881,HIGH_STRESS,PAUSE,1.0,0.0,1.250958,0.0,1.250958,1.0,0.500958,0.0,0.500958,1.0,0.474278,0.0,0.474278,1.0,6.2079469,0.0,6.2079469,1.0,2.84698869,0.0,2.84698869,1.0,1.0,0.0,1.0,1.0
24993891_2026-04-30T15:42:27.903295+00:00,24993891,HIGH_STRESS,PAUSE,1.0,0.0,1.284041,0.0,1.284041,1.0,0.534041,0.0,0.534041,1.0,0.50426655,0.0,0.50426655,1.0,6.3499839,0.0,6.3499839,1.0,2.95734694,0.0,2.95734694,1.0,1.0,0.0,1.0,1.0
24993896_2026-04-30T15:43:28.436308+00:00,24993896,CAUTION,REDUCE_SIZE,1.0,0.5,0.991942,0.495971,0.495971,0.5,0.241942,0.120971,0.120971,0.5,0.3220893,0.16104465,0.16104465,0.5,5.3297102,5.3297102,0.0,0.0,2.08894432,1.04447216,1.04447216,0.5,1.0,0.5,0.5,0.5
24993901_2026-04-30T15:44:28.860723+00:00,24993901,CAUTION,REDUCE_SIZE,1.0,0.25,1.007497,0.25187425,0.7556227500000001,0.75,0.2574970000000001,0.06437425,0.1931227500000001,0.7500000000000001,0.32855875,0.0821396875,0.2464190625,0.75,5.3664361,5.3664361,0.0,0.0,2.13019636,0.5325490900000001,1.5976472699999997,0.75,1.0,0.25,0.75,0.75
24993906_2026-04-30T15:45:29.343615+00:00,24993906,CAUTION,REDUCE_SIZE,1.0,0.25,1.020966,0.2552415,0.7657245,0.75,0.270966,0.0677415,0.20322449999999997,0.75,0.3356279,0.083906975,0.251720925,0.75,5.406090600000001,5.406090600000001,0.0,0.0,2.16816896,0.54204224,1.62612672,0.75,1.0,0.25,0.75,0.75
24993911_2026-04-30T15:46:29.632729+00:00,24993911,CAUTION,REDUCE_SIZE,1.0,0.25,1.024704,0.256176,0.7685280000000001,0.75,0.274704,0.068676,0.206028,0.75,0.3435237,0.085880925,0.257642775,0.75,5.4327131,5.4327131,0.0,0.0,2.1862030100000003,0.5465507525000001,1.6396522575000003,0.75,1.0,0.25,0.75,0.75
24993916_2026-04-30T15:47:30.190788+00:00,24993916,CAUTION,REDUCE_SIZE,1.0,0.5,0.972355,0.4861775,0.4861775,0.5,0.2223549999999999,0.1111774999999999,0.11117750000000001,0.5000000000000002,0.32016135,0.160080675,0.160080675,0.5,5.2838832,5.2838832,0.0,0.0,2.04325967,1.021629835,1.021629835,0.5,1.0,0.5,0.5,0.5
24993921_2026-04-30T15:48:30.420435+00:00,24993921,RECOVERY,RESUME_GRADUALLY,1.0,0.5,0.898689,0.4493445,0.4493445,0.5,0.106499,0.0532495,0.0532495,0.5,0.01201245,0.006006225,0.006006225,0.5,4.4896166,4.4896166,0.0,0.0,1.46616211,0.733081055,0.733081055,0.5,1.0,0.5,0.5,0.5
24993926_2026-04-30T15:49:30.683247+00:00,24993926,CAUTION,REDUCE_SIZE,1.0,0.5,0.903315,0.4516575,0.4516575,0.5,0.116249,0.0581245,0.0581245,0.5,0.01635015,0.008175075,0.008175075,0.5,4.5332084,4.5332084,0.0,0.0,1.48923499,0.744617495,0.744617495,0.5,1.0,0.5,0.5,0.5
24993931_2026-04-30T15:50:31.035112+00:00,24993931,RECOVERY,RESUME_GRADUALLY,1.0,0.5,0.917113,0.4585565,0.4585565,0.5,0.1671129999999999,0.0835564999999999,0.0835565,0.5000000000000003,0.03360605,0.016803025,0.016803025,0.5,4.588489,4.588489,0.0,0.0,1.57668095,0.7883404749999999,0.7883404750000002,0.5000000000000001,1.0,0.5,0.5,0.5
24993936_2026-04-30T15:51:31.323412+00:00,24993936,CAUTION,REDUCE_SIZE,1.0,0.5,0.909862,0.454931,0.454931,0.5,0.1598619999999999,0.0799309999999999,0.07993099999999999,0.5000000000000002,0.0266582999999999,0.0133291499999999,0.013329149999999998,0.5000000000000018,4.5672112,4.5672112,0.0,0.0,1.5531034199999998,0.7765517099999999,0.7765517099999999,0.5,1.0,0.5,0.5,0.5
24993941_2026-04-30T15:52:31.923109+00:00,24993941,RECOVERY,RESUME_GRADUALLY,1.0,0.5,0.899295,0.4496475,0.4496475,0.5,0.1492949999999999,0.0746474999999999,0.0746475,0.5000000000000003,0.02477095,0.012385475,0.012385475,0.5,4.5491988,4.5491988,0.0,0.0,1.52828083,0.764140415,0.764140415,0.5,1.0,0.5,0.5,0.5
24993946_2026-04-30T15:53:32.396139+00:00,24993946,CAUTION,REDUCE_SIZE,1.0,0.5,0.902983,0.4514915,0.4514915,0.5,0.1790009999999999,0.0895004999999999,0.08950050000000001,0.5000000000000003,0.04224435,0.021122175,0.021122175,0.5,4.6136178,4.6136178,0.0,0.0,1.58559013,0.792795065,0.792795065,0.5,1.0,0.5,0.5,0.5
24994657_2026-04-30T18:16:45.131477+00:00,24994657,RECOVERY,RESUME_GRADUALLY,1.0,0.5,0.842822,0.421411,0.421411,0.5,0.0928219999999999,0.0464109999999999,0.04641100000000001,0.5000000000000006,0.0,0.0,0.0,0.0,4.2351885,4.2351885,0.0,0.0,1.35916285,0.679581425,0.679581425,0.5,1.0,0.5,0.5,0.5
24994658_2026-04-30T18:16:57.246127+00:00,24994658,NORMAL,EXECUTE_FULL,1.0,1.0,0.846186,0.846186,0.0,0.0,0.096186,0.096186,0.0,0.0,0.0,0.0,0.0,0.0,4.2430617,4.2430617,0.0,0.0,1.36667817,1.36667817,0.0,0.0,1.0,1.0,0.0,0.0
24994659_2026-04-30T18:17:09.342623+00:00,24994659,CAUTION,REDUCE_SIZE,1.0,0.5,0.857147,0.4285735,0.4285735,0.5,0.1071469999999999,0.0535734999999999,0.053573499999999996,0.5000000000000004,0.00250145,0.001250725,0.001250725,0.5,4.27785,4.27785,0.0,0.0,1.39458045,0.697290225,0.697290225,0.5,1.0,0.5,0.5,0.5
24994660_2026-04-30T18:17:21.458355+00:00,24994660,RECOVERY,RESUME_GRADUALLY,1.0,0.5,0.864579,0.4322895,0.4322895,0.5,0.1145789999999999,0.0572894999999999,0.0572895,0.5000000000000004,0.00510265,0.002551325,0.002551325,0.5,4.2996162,4.2996162,0.0,0.0,1.41422227,0.707111135,0.707111135,0.5,1.0,0.5,0.5,0.5
24994661_2026-04-30T18:17:33.537471+00:00,24994661,CAUTION,REDUCE_SIZE,1.0,0.5,0.872257,0.4361285,0.4361285,0.5,0.1222569999999999,0.0611284999999999,0.061128499999999995,0.5000000000000004,0.0077899499999999,0.0038949749999999,0.0038949749999999997,0.5000000000000064,4.3237267,4.3237267,0.0,0.0,1.4346766199999998,0.7173383099999999,0.7173383099999999,0.5,1.0,0.5,0.5,0.5
24994662_2026-04-30T18:17:45.621447+00:00,24994662,RECOVERY,RESUME_GRADUALLY,1.0,0.5,0.879011,0.4395055,0.4395055,0.5,0.129011,0.0645055,0.0645055,0.5,0.01015385,0.005076925,0.005076925,0.5,4.3509748,4.3509748,0.0,0.0,1.45327333,0.726636665,0.726636665,0.5,1.0,0.5,0.5,0.5
24994663_2026-04-30T18:17:57.697930+00:00,24994663,CAUTION,REDUCE_SIZE,1.0,0.5,0.885089,0.4425445,0.4425445,0.5,0.135089,0.0675445,0.0675445,0.5,0.01446395,0.007231975,0.007231975,0.5,4.3766137,4.3766137,0.0,0.0,1.47230332,0.73615166,0.73615166,0.5,1.0,0.5,0.5,0.5
24994665_2026-04-30T18:18:21.889012+00:00,24994665,RECOVERY,RESUME_GRADUALLY,1.0,0.5,0.887547,0.4437735,0.4437735,0.5,0.1375469999999999,0.0687734999999999,0.06877349999999999,0.5000000000000003,0.01959655,0.009798275,0.009798275,0.5,4.3965882,4.3965882,0.0,0.0,1.48434937,0.742174685,0.742174685,0.5,1.0,0.5,0.5,0.5
24994666_2026-04-30T18:18:33.992725+00:00,24994666,CAUTION,REDUCE_SIZE,1.0,0.5,0.896892,0.448446,0.448446,0.5,0.146892,0.073446,0.073446,0.5,0.0250918,0.0125459,0.0125459,0.5,4.42896,4.42896,0.0,0.0,1.5117718,0.7558859,0.7558859,0.5,1.0,0.5,0.5,0.5
24994667_2026-04-30T18:18:46.089100+00:00,24994667,RECOVERY,RESUME_GRADUALLY,1.0,0.5,0.897172,0.448586,0.448586,0.5,0.1471719999999999,0.0735859999999999,0.07358599999999998,0.5000000000000003,0.0245567999999999,0.0122783999999999,0.0122784,0.500000000000002,4.429027,4.429027,0.0,0.0,1.5118034999999996,0.7559017499999998,0.7559017499999998,0.5,1.0,0.5,0.5,0.5
24994668_2026-04-30T18:18:58.374373+00:00,24994668,CAUTION,REDUCE_SIZE,1.0,0.5,0.893142,0.446571,0.446571,0.5,0.143142,0.071571,0.071571,0.5,0.021853,0.0109265,0.0109265,0.5,4.4179871,4.4179871,0.0,0.0,1.49993571,0.749967855,0.749967855,0.5,1.0,0.5,0.5,0.5
24994669_2026-04-30T18:19:10.466851+00:00,24994669,RECOVERY,RESUME_GRADUALLY,1.0,0.5,0.893752,0.446876,0.446876,0.5,0.143752,0.071876,0.071876,0.5,0.0245916,0.0122958,0.0122958,0.5,4.4283716,4.4283716,0.0,0.0,1.50493276,0.75246638,0.75246638,0.5,1.0,0.5,0.5,0.5
24994670_2026-04-30T18:19:22.534013+00:00,24994670,CAUTION,REDUCE_SIZE,1.0,0.5,0.891289,0.4456445,0.4456445,0.5,0.141289,0.0706445,0.0706445,0.5,0.02464005,0.012320025,0.012320025,0.5,4.4253526,4.4253526,0.0,0.0,1.49975331,0.749876655,0.749876655,0.5,1.0,0.5,0.5,0.5
24994671_2026-04-30T18:19:34.647816+00:00,24994671,RECOVERY,RESUME_GRADUALLY,1.0,0.5,0.892831,0.4464155,0.4464155,0.5,0.143174,0.071587,0.071587,0.5,0.02794305,0.013971525,0.013971525,0.5,4.4402637,4.4402637,0.0,0.0,1.50797442,0.75398721,0.75398721,0.5,1.0,0.5,0.5,0.5
24994672_2026-04-30T18:19:46.809565+00:00,24994672,CAUTION,REDUCE_SIZE,1.0,0.5,0.884564,0.442282,0.442282,0.5,0.1387279999999999,0.0693639999999999,0.06936400000000001,0.5000000000000004,0.0237158,0.0118579,0.0118579,0.5,4.413482,4.413482,0.0,0.0,1.488356,0.744178,0.744178,0.5,1.0,0.5,0.5,0.5
24994673_2026-04-30T18:19:58.941585+00:00,24994673,RECOVERY,RESUME_GRADUALLY,1.0,0.5,0.894058,0.447029,0.447029,0.5,0.14863,0.074315,0.074315,0.5,0.0300093,0.01500465,0.01500465,0.5,4.448576000000001,4.448576000000001,0.0,0.0,1.5175549000000002,0.7587774500000001,0.7587774500000001,0.5,1.0,0.5,0.5,0.5
24994674_2026-04-30T18:20:11.101403+00:00,24994674,CAUTION,REDUCE_SIZE,1.0,0.5,0.898401,0.4492005,0.4492005,0.5,0.152862,0.076431,0.076431,0.5,0.03279895,0.016399475,0.016399475,0.5,4.463517100000001,4.463517100000001,0.0,0.0,1.5304136600000002,0.7652068300000001,0.7652068300000001,0.5,1.0,0.5,0.5,0.5
24994675_2026-04-30T18:20:23.269409+00:00,24994675,RECOVERY,RESUME_GRADUALLY,1.0,0.5,0.903784,0.451892,0.451892,0.5,0.1609049999999999,0.0804524999999999,0.08045250000000001,0.5000000000000003,0.0370959,0.01854795,0.01854795,0.5,4.486917500000001,4.486917500000001,0.0,0.0,1.55047665,0.775238325,0.775238325,0.5,1.0,0.5,0.5,0.5
24994676_2026-04-30T18:20:35.391720+00:00,24994676,CAUTION,REDUCE_SIZE,1.0,0.5,0.898346,0.449173,0.449173,0.5,0.157713,0.0788565,0.0788565,0.5,0.034235,0.0171175,0.0171175,0.5,4.4736465,4.4736465,0.0,0.0,1.53765865,0.768829325,0.768829325,0.5,1.0,0.5,0.5,0.5
24994677_2026-04-30T18:20:47.529512+00:00,24994677,RECOVERY,RESUME_GRADUALLY,1.0,0.5,0.907614,0.453807,0.453807,0.5,0.167354,0.083677,0.083677,0.5,0.0403711,0.02018555,0.02018555,0.5,4.5086436,4.5086436,0.0,0.0,1.56620346,0.78310173,0.78310173,0.5,1.0,0.5,0.5,0.5
24994678_2026-04-30T18:20:59.685956+00:00,24994678,CAUTION,REDUCE_SIZE,1.0,0.5,0.899446,0.449723,0.449723,0.5,0.1632259999999999,0.0816129999999999,0.081613,0.5000000000000003,0.0362739,0.01813695,0.01813695,0.5,4.4840376,4.4840376,0.0,0.0,1.54734966,0.77367483,0.77367483,0.5,1.0,0.5,0.5,0.5
24994680_2026-04-30T18:21:24.037265+00:00,24994680,RECOVERY,RESUME_GRADUALLY,1.0,0.5,0.906955,0.4534775,0.4534775,0.5,0.169926,0.084963,0.084963,0.5,0.04091205,0.020456025,0.020456025,0.5,4.5154689,4.5154689,0.0,0.0,1.56933994,0.7846699699999999,0.7846699700000002,0.5000000000000001,1.0,0.5,0.5,0.5
24994682_2026-04-30T18:21:48.319885+00:00,24994682,CAUTION,REDUCE_SIZE,1.0,0.5,0.916436,0.458218,0.458218,0.5,0.1809429999999999,0.0904714999999999,0.09047150000000001,0.5000000000000003,0.0475355,0.02376775,0.02376775,0.5,4.5500177,4.5500177,0.0,0.0,1.59991627,0.799958135,0.799958135,0.5,1.0,0.5,0.5,0.5
24994683_2026-04-30T18:22:00.486458+00:00,24994683,RECOVERY,RESUME_GRADUALLY,1.0,0.5,0.91485,0.457425,0.457425,0.5,0.181226,0.090613,0.090613,0.5,0.0470653,0.02353265,0.02353265,0.5,4.5487412,4.5487412,0.0,0.0,1.5980154200000003,0.7990077100000001,0.7990077100000001,0.5,1.0,0.5,0.5,0.5
24994684_2026-04-30T18:22:12.654816+00:00,24994684,CAUTION,REDUCE_SIZE,1.0,0.5,0.908775,0.4543875,0.4543875,0.5,0.175416,0.087708,0.087708,0.5,0.04319605,0.021598025,0.021598025,0.5,4.5299539,4.5299539,0.0,0.0,1.5803824400000002,0.7901912200000001,0.7901912200000001,0.5,1.0,0.5,0.5,0.5
24994685_2026-04-30T18:22:24.739633+00:00,24994685,RECOVERY,RESUME_GRADUALLY,1.0,0.5,0.914817,0.4574085,0.4574085,0.5,0.1780159999999999,0.0890079999999999,0.08900799999999999,0.5000000000000002,0.04609075,0.023045375,0.023045375,0.5,4.5496417000000005,4.5496417000000005,0.0,0.0,1.59388792,0.79694396,0.79694396,0.5,1.0,0.5,0.5,0.5
24994686_2026-04-30T18:22:36.995425+00:00,24994686,CAUTION,REDUCE_SIZE,1.0,0.5,0.915047,0.4575235,0.4575235,0.5,0.1743409999999999,0.0871704999999999,0.08717050000000001,0.5000000000000003,0.04506875,0.022534375,0.022534375,0.5,4.5496222,4.5496222,0.0,0.0,1.58941897,0.794709485,0.794709485,0.5,1.0,0.5,0.5,0.5
24994687_2026-04-30T18:22:49.161994+00:00,24994687,RECOVERY,RESUME_GRADUALLY,1.0,0.5,0.905866,0.452933,0.452933,0.5,0.1638899999999999,0.0819449999999999,0.08194499999999999,0.5000000000000002,0.0387200999999999,0.0193600499999999,0.019360050000000004,0.5000000000000013,4.5154248,4.5154248,0.0,0.0,1.56001858,0.78000929,0.78000929,0.5,1.0,0.5,0.5,0.5
24994688_2026-04-30T18:23:01.337059+00:00,24994688,CAUTION,REDUCE_SIZE,1.0,0.5,0.905368,0.452684,0.452684,0.5,0.1641249999999999,0.0820624999999999,0.08206250000000001,0.5000000000000003,0.0386162999999999,0.0193081499999999,0.019308150000000003,0.5000000000000013,4.5142395,4.5142395,0.0,0.0,1.55953325,0.779766625,0.779766625,0.5,1.0,0.5,0.5,0.5
24994689_2026-04-30T18:23:13.516699+00:00,24994689,RECOVERY,RESUME_GRADUALLY,1.0,0.5,0.905129,0.4525645,0.4525645,0.5,0.164988,0.082494,0.082494,0.5,0.03879155,0.019395775,0.019395775,0.5,4.5164905,4.5164905,0.0,0.0,1.5605576,0.7802788,0.7802788,0.5,1.0,0.5,0.5,0.5
24994690_2026-04-30T18:23:25.667091+00:00,24994690,CAUTION,REDUCE_SIZE,1.0,0.5,0.914793,0.4573965,0.4573965,0.5,0.171863,0.0859315,0.0859315,0.5,0.04423645,0.022118225,0.022118225,0.5,4.551829,4.551829,0.0,0.0,1.5860753500000002,0.7930376750000001,0.7930376750000001,0.5,1.0,0.5,0.5,0.5
24994691_2026-04-30T18:23:37.767782+00:00,24994691,RECOVERY,RESUME_GRADUALLY,1.0,0.5,0.917877,0.4589385,0.4589385,0.5,0.1765729999999999,0.0882864999999999,0.08828649999999999,0.5000000000000002,0.04672885,0.023364425,0.023364425,0.5,4.5670688,4.5670688,0.0,0.0,1.5978857300000002,0.7989428650000001,0.7989428650000001,0.5,1.0,0.5,0.5,0.5
24994695_2026-04-30T18:24:26.377691+00:00,24994695,CAUTION,REDUCE_SIZE,1.0,0.5,0.935761,0.4678805,0.4678805,0.5,0.1857609999999999,0.0928804999999999,0.0928805,0.5000000000000003,0.05244105,0.026220525,0.026220525,0.5,4.6159892000000005,4.6159892000000005,0.0,0.0,1.63556197,0.8177809850000001,0.8177809849999998,0.49999999999999994,1.0,0.5,0.5,0.5
24994700_2026-04-30T18:25:26.935733+00:00,24994700,RECOVERY,RESUME_GRADUALLY,1.0,0.5,0.955712,0.477856,0.477856,0.5,0.205712,0.102856,0.102856,0.5,0.0636914,0.0318457,0.0318457,0.5,4.6894038,4.6894038,0.0,0.0,1.69405578,0.84702789,0.84702789,0.5,1.0,0.5,0.5,0.5
24994701_2026-04-30T18:25:39.004240+00:00,24994701,CAUTION,REDUCE_SIZE,1.0,0.5,0.960379,0.4801895,0.4801895,0.5,0.2103789999999999,0.1051894999999999,0.1051895,0.5000000000000002,0.06543195,0.032715975,0.032715975,0.5,4.7023764,4.7023764,0.0,0.0,1.70642759,0.853213795,0.853213795,0.5,1.0,0.5,0.5,0.5
24994702_2026-04-30T18:25:51.247693+00:00,24994702,RECOVERY,RESUME_GRADUALLY,1.0,0.5,0.941438,0.470719,0.470719,0.5,0.191438,0.095719,0.095719,0.5,0.054638,0.027319,0.027319,0.5,4.6403417000000005,4.6403417000000005,0.0,0.0,1.65154817,0.825774085,0.825774085,0.5,1.0,0.5,0.5,0.5
24994703_2026-04-30T18:26:03.360574+00:00,24994703,CAUTION,REDUCE_SIZE,1.0,0.5,0.924586,0.462293,0.462293,0.5,0.174586,0.087293,0.087293,0.5,0.0471792,0.0235896,0.0235896,0.5,4.5918747,4.5918747,0.0,0.0,1.60553867,0.802769335,0.802769335,0.5,1.0,0.5,0.5,0.5
24994704_2026-04-30T18:26:15.448783+00:00,24994704,RECOVERY,RESUME_GRADUALLY,1.0,0.5,0.916681,0.4583405,0.4583405,0.5,0.1666809999999999,0.0833404999999999,0.08334050000000001,0.5000000000000003,0.0418465499999999,0.0209232749999999,0.020923274999999998,0.5000000000000011,4.5608291,4.5608291,0.0,0.0,1.58129146,0.7906457299999999,0.7906457300000002,0.5000000000000001,1.0,0.5,0.5,0.5
24994705_2026-04-30T18:26:27.505237+00:00,24994705,CAUTION,REDUCE_SIZE,1.0,0.5,0.908747,0.4543735,0.4543735,0.5,0.1587469999999999,0.0793734999999999,0.07937349999999999,0.5000000000000002,0.03718085,0.018590425,0.018590425,0.5,4.5339885,4.5339885,0.0,0.0,1.5580736999999998,0.7790368499999999,0.7790368499999999,0.5,1.0,0.5,0.5,0.5
24994706_2026-04-30T18:26:39.660647+00:00,24994706,RECOVERY,RESUME_GRADUALLY,1.0,0.5,0.912668,0.456334,0.456334,0.5,0.164683,0.0823415,0.0823415,0.5,0.0413387,0.02066935,0.02066935,0.5,4.5514845,4.5514845,0.0,0.0,1.5738381500000005,0.7869190750000001,0.7869190750000004,0.5000000000000001,1.0,0.5,0.5,0.5
24994710_2026-04-30T18:27:28.372101+00:00,24994710,CAUTION,REDUCE_SIZE,1.0,0.5,0.917874,0.458937,0.458937,0.5,0.1688319999999999,0.0844159999999999,0.084416,0.5000000000000003,0.0444055,0.02220275,0.02220275,0.5,4.574256999999999,4.574256999999999,0.0,0.0,1.5885372,0.7942686,0.7942686,0.5,1.0,0.5,0.5,0.5
24994715_2026-04-30T18:28:29.147567+00:00,24994715,RECOVERY,RESUME_GRADUALLY,1.0,0.5,0.938332,0.469166,0.469166,0.5,0.188332,0.094166,0.094166,0.5,0.054045,0.0270225,0.0270225,0.5,4.6430348,4.6430348,0.0,0.0,1.64501248,0.82250624,0.82250624,0.5,1.0,0.5,0.5,0.5
24994720_2026-04-30T18:29:29.664847+00:00,24994720,CAUTION,REDUCE_SIZE,1.0,0.5,0.96542,0.48271,0.48271,0.5,0.2154199999999999,0.1077099999999999,0.10770999999999999,0.5000000000000002,0.0714706999999999,0.0357353499999999,0.03573535,0.5000000000000007,4.7425385,4.7425385,0.0,0.0,1.7265645499999998,0.8632822749999999,0.8632822749999999,0.5,1.0,0.5,0.5,0.5
24994725_2026-04-30T18:30:30.020533+00:00,24994725,RECOVERY,RESUME_GRADUALLY,1.0,0.5,0.974485,0.4872425,0.4872425,0.5,0.224485,0.1122425,0.1122425,0.5,0.07211235,0.036056175,0.036056175,0.5,4.7569971,4.7569971,0.0,0.0,1.74678206,0.8733910300000001,0.8733910299999998,0.49999999999999994,1.0,0.5,0.5,0.5
24994730_2026-04-30T18:31:30.663886+00:00,24994730,CAUTION,REDUCE_SIZE,1.0,0.25,1.007112,0.251778,0.755334,0.75,0.257112,0.064278,0.192834,0.75,0.0884146,0.02210365,0.06631095,0.75,4.8527082,4.8527082,0.0,0.0,1.83790942,0.459477355,1.378432065,0.75,1.0,0.25,0.75,0.75
24994735_2026-04-30T18:32:31.124060+00:00,24994735,CAUTION,REDUCE_SIZE,1.0,0.25,1.011985,0.25299625,0.7589887499999999,0.75,0.2619849999999999,0.0654962499999999,0.19648875000000002,0.7500000000000003,0.0927385499999999,0.0231846374999999,0.06955391250000001,0.7500000000000009,4.8819475,4.8819475,0.0,0.0,1.8549033,0.4637258249999999,1.391177475,0.7500000000000001,1.0,0.25,0.75,0.75
24994740_2026-04-30T18:33:31.693322+00:00,24994740,CAUTION,REDUCE_SIZE,1.0,0.25,1.032691,0.25817275,0.7745182500000001,0.75,0.282691,0.07067275,0.21201825000000002,0.75,0.10159425,0.0253985625,0.0761956875,0.75,4.9445267,4.9445267,0.0,0.0,1.91142892,0.47785723,1.43357169,0.7499999999999999,1.0,0.25,0.75,0.75
24994745_2026-04-30T18:34:32.275024+00:00,24994745,CAUTION,REDUCE_SIZE,1.0,0.25,1.011104,0.252776,0.758328,0.75,0.261104,0.065276,0.195828,0.75,0.0885254,0.02213135,0.06639405000000001,0.7500000000000001,4.8790954,4.8790954,0.0,0.0,1.84864294,0.462160735,1.386482205,0.7500000000000001,1.0,0.25,0.75,0.75
24994750_2026-04-30T18:35:20.891682+00:00,24994750,CAUTION,REDUCE_SIZE,1.0,0.25,1.020118,0.2550295,0.7650885000000001,0.75,0.2701180000000001,0.0675295,0.20258850000000006,0.75,0.1004055,0.025101375,0.075304125,0.75,4.939784400000001,4.939784400000001,0.0,0.0,1.88461994,0.471154985,1.413464955,0.75,1.0,0.25,0.75,0.75
24994751_2026-04-30T18:35:45.121965+00:00,24994751,CAUTION,REDUCE_SIZE,1.0,0.25,1.021668,0.255417,0.766251,0.75,0.271668,0.067917,0.20375100000000002,0.75,0.1010149,0.025253725,0.075761175,0.75,4.9478107,4.9478107,0.0,0.0,1.88913197,0.4722829925,1.4168489775,0.75,1.0,0.25,0.75,0.75
24994753_2026-04-30T18:35:57.252995+00:00,24994753,HIGH_STRESS,PAUSE,1.0,0.0,1.040517,0.0,1.040517,1.0,0.2905169999999999,0.0,0.2905169999999999,1.0,0.36262715,0.0,0.36262715,1.0,5.518839099999999,0.0,5.518839099999999,1.0,2.2455450599999995,0.0,2.2455450599999995,1.0,1.0,0.0,1.0,1.0
24994754_2026-04-30T18:36:09.648775+00:00,24994754,HIGH_STRESS,PAUSE,1.0,0.0,1.033797,0.0,1.033797,1.0,0.2837970000000001,0.0,0.2837970000000001,1.0,0.36258965,0.0,0.36258965,1.0,5.5103548,0.0,5.5103548,1.0,2.23121913,0.0,2.23121913,1.0,1.0,0.0,1.0,1.0
24994755_2026-04-30T18:36:21.777145+00:00,24994755,HIGH_STRESS,PAUSE,1.0,0.0,1.009233,0.0,1.009233,1.0,0.259233,0.0,0.259233,1.0,0.35224325,0.0,0.35224325,1.0,5.4419794,0.0,5.4419794,1.0,2.16490719,0.0,2.16490719,1.0,1.0,0.0,1.0,1.0
24994756_2026-04-30T18:36:33.867120+00:00,24994756,HIGH_STRESS,PAUSE,1.0,0.0,0.986408,0.0,0.986408,1.0,0.250896,0.0,0.250896,1.0,0.3430115999999999,0.0,0.3430115999999999,1.0,5.3828372,0.0,5.3828372,1.0,2.11859932,0.0,2.11859932,1.0,1.0,0.0,1.0,1.0
24994757_2026-04-30T18:36:45.998699+00:00,24994757,CAUTION,REDUCE_SIZE,1.0,0.5,0.964301,0.4821505,0.4821505,0.5,0.246502,0.123251,0.123251,0.5,0.33395595,0.166977975,0.166977975,0.5,5.3213511,5.3213511,0.0,0.0,2.07689406,1.03844703,1.03844703,0.5,1.0,0.5,0.5,0.5
24994758_2026-04-30T18:36:58.084602+00:00,24994758,CAUTION,REDUCE_SIZE,1.0,0.5,0.964704,0.482352,0.482352,0.5,0.2389409999999999,0.1194704999999999,0.11947050000000001,0.5000000000000002,0.3318287,0.16591435,0.16591435,0.5,5.3181819,5.3181819,0.0,0.0,2.06729189,1.033645945,1.033645945,0.5,1.0,0.5,0.5,0.5
24994759_2026-04-30T18:37:10.158961+00:00,24994759,CAUTION,REDUCE_SIZE,1.0,0.5,0.964453,0.4822265,0.4822265,0.5,0.2411419999999999,0.1205709999999999,0.12057100000000001,0.5000000000000002,0.33240115,0.166200575,0.166200575,0.5,5.3241739,5.3241739,0.0,0.0,2.07041354,1.0352067699999998,1.0352067700000003,0.5000000000000001,1.0,0.5,0.5,0.5
24994760_2026-04-30T18:37:34.308013+00:00,24994760,CAUTION,REDUCE_SIZE,1.0,0.5,0.968136,0.484068,0.484068,0.5,0.241066,0.120533,0.120533,0.5,0.3336674,0.1668337,0.1668337,0.5,5.3364754,5.3364754,0.0,0.0,2.07651694,1.03825847,1.03825847,0.5,1.0,0.5,0.5,0.5
24994761_2026-04-30T18:37:46.366749+00:00,24994761,CAUTION,REDUCE_SIZE,1.0,0.5,0.977699,0.4888495,0.4888495,0.5,0.247502,0.123751,0.123751,0.5,0.33894525,0.169472625,0.169472625,0.5,5.3693233,5.3693233,0.0,0.0,2.10107858,1.05053929,1.05053929,0.5,1.0,0.5,0.5,0.5
24994762_2026-04-30T18:37:58.438596+00:00,24994762,CAUTION,REDUCE_SIZE,1.0,0.5,0.969103,0.4845515,0.4845515,0.5,0.2443269999999999,0.1221634999999999,0.12216350000000001,0.5000000000000002,0.33498415,0.167492075,0.167492075,0.5,5.3456584000000005,5.3456584000000005,0.0,0.0,2.08297999,1.041489995,1.041489995,0.5,1.0,0.5,0.5,0.5
24994763_2026-04-30T18:38:10.511139+00:00,24994763,HIGH_STRESS,PAUSE,1.0,0.0,0.967625,0.0,0.967625,1.0,0.25027,0.0,0.25027,1.0,0.33624975,0.0,0.33624975,1.0,5.3464475,0.0,5.3464475,1.0,2.0887895,0.0,2.0887895,1.0,1.0,0.0,1.0,1.0
24994764_2026-04-30T18:38:22.583614+00:00,24994764,CAUTION,REDUCE_SIZE,1.0,0.5,0.97906,0.48953,0.48953,0.5,0.246639,0.1233195,0.1233195,0.5,0.3391627,0.16958135,0.16958135,0.5,5.3722309,5.3722309,0.0,0.0,2.10208479,1.051042395,1.051042395,0.5,1.0,0.5,0.5,0.5
24994765_2026-04-30T18:38:34.652828+00:00,24994765,CAUTION,REDUCE_SIZE,1.0,0.5,0.969721,0.4848605,0.4848605,0.5,0.245537,0.1227685,0.1227685,0.5,0.33556345,0.167781725,0.167781725,0.5,5.3476584,5.3476584,0.0,0.0,2.08558729,1.042793645,1.042793645,0.5,1.0,0.5,0.5,0.5
24994766_2026-04-30T18:38:46.715609+00:00,24994766,HIGH_STRESS,PAUSE,1.0,0.0,0.971419,0.0,0.971419,1.0,0.2534970000000001,0.0,0.2534970000000001,1.0,0.33854575,0.0,0.33854575,1.0,5.362815400000001,0.0,5.362815400000001,1.0,2.09974329,0.0,2.09974329,1.0,1.0,0.0,1.0,1.0
24994767_2026-04-30T18:38:58.784375+00:00,24994767,HIGH_STRESS,PAUSE,1.0,0.0,0.972406,0.0,0.972406,1.0,0.2562759999999999,0.0,0.2562759999999999,1.0,0.3397249,0.0,0.3397249,1.0,5.3707506,0.0,5.3707506,1.0,2.10548196,0.0,2.10548196,1.0,1.0,0.0,1.0,1.0
24994768_2026-04-30T18:39:10.855998+00:00,24994768,HIGH_STRESS,PAUSE,1.0,0.0,0.96052,0.0,0.96052,1.0,0.250172,0.0,0.250172,1.0,0.3337336000000001,0.0,0.3337336000000001,1.0,5.3348324,0.0,5.3348324,1.0,2.07790884,0.0,2.07790884,1.0,1.0,0.0,1.0,1.0
24994769_2026-04-30T18:39:22.951704+00:00,24994769,CAUTION,REDUCE_SIZE,1.0,0.5,0.967487,0.4837435,0.4837435,0.5,0.244997,0.1224985,0.1224985,0.5,0.33461955,0.167309775,0.167309775,0.5,5.3504786,5.3504786,0.0,0.0,2.08215141,1.041075705,1.041075705,0.5,1.0,0.5,0.5,0.5
24994770_2026-04-30T18:39:35.049944+00:00,24994770,CAUTION,REDUCE_SIZE,1.0,0.5,0.959116,0.479558,0.479558,0.5,0.232317,0.1161585,0.1161585,0.5,0.3279750999999999,0.1639875499999999,0.16398755,0.5000000000000002,5.3185175,5.3185175,0.0,0.0,2.05125985,1.025629925,1.025629925,0.5,1.0,0.5,0.5,0.5
24994771_2026-04-30T18:39:47.115093+00:00,24994771,CAUTION,REDUCE_SIZE,1.0,0.5,0.971013,0.4855065,0.4855065,0.5,0.240731,0.1203655,0.1203655,0.5,0.33457385,0.167286925,0.167286925,0.5,5.3572298,5.3572298,0.0,0.0,2.08204083,1.041020415,1.041020415,0.5,1.0,0.5,0.5,0.5
24994772_2026-04-30T18:39:59.236081+00:00,24994772,HIGH_STRESS,PAUSE,1.0,0.0,0.982576,0.0,0.982576,1.0,0.2504710000000001,0.0,0.2504710000000001,1.0,0.3415429,0.0,0.3415429,1.0,5.3915209,0.0,5.3915209,1.0,2.11374199,0.0,2.11374199,1.0,1.0,0.0,1.0,1.0
24994773_2026-04-30T18:40:11.343222+00:00,24994773,HIGH_STRESS,PAUSE,1.0,0.0,0.994618,0.0,0.994618,1.0,0.2621279999999999,0.0,0.2621279999999999,1.0,0.3492547,0.0,0.3492547,1.0,5.434565,0.0,5.434565,1.0,2.1494572,0.0,2.1494572,1.0,1.0,0.0,1.0,1.0
24994774_2026-04-30T18:40:23.429542+00:00,24994774,HIGH_STRESS,PAUSE,1.0,0.0,1.007864,0.0,1.007864,1.0,0.271646,0.0,0.271646,1.0,0.3567462,0.0,0.3567462,1.0,5.474234200000001,0.0,5.474234200000001,1.0,2.1836796200000004,0.0,2.1836796200000004,1.0,1.0,0.0,1.0,1.0
24994775_2026-04-30T18:40:35.509371+00:00,24994775,HIGH_STRESS,PAUSE,1.0,0.0,1.01094,0.0,1.01094,1.0,0.2736829999999999,0.0,0.2736829999999999,1.0,0.3584338999999999,0.0,0.3584338999999999,1.0,5.4840809,0.0,5.4840809,1.0,2.19146499,0.0,2.19146499,1.0,1.0,0.0,1.0,1.0
24994779_2026-04-30T18:41:23.903951+00:00,24994779,HIGH_STRESS,PAUSE,1.0,0.0,1.020279,0.0,1.020279,1.0,0.277657,0.0,0.277657,1.0,0.36289475,0.0,0.36289475,1.0,5.510600999999999,0.0,5.510600999999999,1.0,2.21189085,0.0,2.21189085,1.0,1.0,0.0,1.0,1.0
24994784_2026-04-30T18:42:24.331177+00:00,24994784,HIGH_STRESS,PAUSE,1.0,0.0,1.043009,0.0,1.043009,1.0,0.2930090000000001,0.0,0.2930090000000001,1.0,0.37115535,0.0,0.37115535,1.0,5.5742487,0.0,5.5742487,1.0,2.2645982200000003,0.0,2.2645982200000003,1.0,1.0,0.0,1.0,1.0
24994789_2026-04-30T18:43:24.651271+00:00,24994789,HIGH_STRESS,PAUSE,1.0,0.0,1.000247,0.0,1.000247,1.0,0.272937,0.0,0.272937,1.0,0.3544675500000001,0.0,0.3544675500000001,1.0,5.4547598,0.0,5.4547598,1.0,2.1731275300000004,0.0,2.1731275300000004,1.0,1.0,0.0,1.0,1.0
24994793_2026-04-30T18:44:26.234086+00:00,24994793,HIGH_STRESS,PAUSE,1.0,0.0,0.981788,0.0,0.981788,1.0,0.272286,0.0,0.272286,1.0,0.3478116,0.0,0.3478116,1.0,5.4023774,0.0,5.4023774,1.0,2.1421233400000004,0.0,2.1421233400000004,1.0,1.0,0.0,1.0,1.0
24994794_2026-04-30T18:44:38.422522+00:00,24994794,HIGH_STRESS,PAUSE,1.0,0.0,0.981721,0.0,0.981721,1.0,0.2702929999999999,0.0,0.2702929999999999,1.0,0.3471902499999999,0.0,0.3471902499999999,1.0,5.398142,0.0,5.398142,1.0,2.13901845,0.0,2.13901845,1.0,1.0,0.0,1.0,1.0
24994796_2026-04-30T18:44:51.107045+00:00,24994796,HIGH_STRESS,PAUSE,1.0,0.0,0.981941,0.0,0.981941,1.0,0.274661,0.0,0.274661,1.0,0.34857765,0.0,0.34857765,1.0,5.4058484,0.0,5.4058484,1.0,2.14576449,0.0,2.14576449,1.0,1.0,0.0,1.0,1.0
24994798_2026-04-30T18:45:28.283653+00:00,24994798,HIGH_STRESS,PAUSE,1.0,0.0,0.982718,0.0,0.982718,1.0,0.2526790000000001,0.0,0.2526790000000001,1.0,0.342255,0.0,0.342255,1.0,5.3872963,0.0,5.3872963,1.0,2.11638163,0.0,2.11638163,1.0,1.0,0.0,1.0,1.0
24994803_2026-04-30T18:46:29.243044+00:00,24994803,HIGH_STRESS,PAUSE,1.0,0.0,0.995257,0.0,0.995257,1.0,0.2566699999999999,0.0,0.2566699999999999,1.0,0.34784095,0.0,0.34784095,1.0,5.4260183,0.0,5.4260183,1.0,2.14236978,0.0,2.14236978,1.0,1.0,0.0,1.0,1.0
24994808_2026-04-30T18:47:29.870895+00:00,24994808,CAUTION,REDUCE_SIZE,1.0,0.5,0.989562,0.494781,0.494781,0.5,0.2401889999999999,0.1200944999999999,0.1200945,0.5000000000000002,0.3409034,0.1704517,0.1704517,0.5,5.3991277,5.3991277,0.0,0.0,2.11056717,1.055283585,1.055283585,0.5,1.0,0.5,0.5,0.5
24994813_2026-04-30T18:48:31.129352+00:00,24994813,CAUTION,REDUCE_SIZE,1.0,0.5,0.991989,0.4959945,0.4959945,0.5,0.241989,0.1209945,0.1209945,0.5,0.33869705,0.169348525,0.169348525,0.5,5.396800799999999,5.396800799999999,0.0,0.0,2.11235513,1.056177565,1.056177565,0.5,1.0,0.5,0.5,0.5
24994817_2026-04-30T18:49:33.241033+00:00,24994817,CAUTION,REDUCE_SIZE,1.0,0.5,0.985335,0.4926675,0.4926675,0.5,0.2353349999999999,0.1176674999999999,0.11766750000000001,0.5000000000000002,0.33437725,0.167188625,0.167188625,0.5,5.3733735,5.3733735,0.0,0.0,2.0923846,1.0461923,1.0461923,0.5,1.0,0.5,0.5,0.5
24994822_2026-04-30T18:50:21.844155+00:00,24994822,CAUTION,REDUCE_SIZE,1.0,0.5,0.995218,0.497609,0.497609,0.5,0.245218,0.122609,0.122609,0.5,0.3330516,0.1665258,0.1665258,0.5,5.3753971,5.3753971,0.0,0.0,2.11102731,1.055513655,1.055513655,0.5,1.0,0.5,0.5,0.5
24994823_2026-04-30T18:50:34.320078+00:00,24994823,CAUTION,REDUCE_SIZE,1.0,0.25,1.000093,0.25002325,0.75006975,0.75,0.2500929999999999,0.0625232499999999,0.18756974999999998,0.7500000000000002,0.33276145,0.0831903625,0.2495710875,0.75,5.3805988,5.3805988,0.0,0.0,2.12100733,0.5302518325,1.5907554975,0.75,1.0,0.25,0.75,0.75
24994827_2026-04-30T18:51:24.759964+00:00,24994827,CAUTION,REDUCE_SIZE,1.0,0.25,1.011907,0.25297675,0.7589302499999999,0.75,0.2619069999999999,0.0654767499999999,0.19643024999999997,0.7500000000000002,0.33195185,0.0829879625,0.24896388749999998,0.75,5.3903993,5.3903993,0.0,0.0,2.14480578,0.536201445,1.6086043349999999,0.75,1.0,0.25,0.75,0.75
24994832_2026-04-30T18:52:25.179758+00:00,24994832,CAUTION,REDUCE_SIZE,1.0,0.25,1.001489,0.25037225,0.75111675,0.75,0.2514890000000001,0.06287225,0.18861675000000006,0.75,0.32329795,0.0808244875,0.24247346250000001,0.75,5.3446531,5.3446531,0.0,0.0,2.11074126,0.527685315,1.5830559450000001,0.75,1.0,0.25,0.75,0.75
24994837_2026-04-30T18:53:25.712926+00:00,24994837,CAUTION,REDUCE_SIZE,1.0,0.25,1.027229,0.25680725,0.7704217499999999,0.75,0.2772289999999999,0.0693072499999999,0.20792175,0.7500000000000002,0.3324027499999999,0.0831006874999999,0.24930206250000003,0.7500000000000003,5.4133027,5.4133027,0.0,0.0,2.17819102,0.544547755,1.633643265,0.75,1.0,0.25,0.75,0.75
24994842_2026-04-30T18:54:26.163585+00:00,24994842,CAUTION,REDUCE_SIZE,1.0,0.25,1.01602,0.254005,0.7620149999999999,0.75,0.2660199999999999,0.0665049999999999,0.19951500000000003,0.7500000000000003,0.3278703,0.081967575,0.245902725,0.75,5.3811531,5.3811531,0.0,0.0,2.14802561,0.5370064025,1.6110192075,0.75,1.0,0.25,0.75,0.75
24994847_2026-04-30T18:55:26.779597+00:00,24994847,CAUTION,REDUCE_SIZE,1.0,0.25,1.011848,0.252962,0.7588860000000001,0.75,0.2618480000000001,0.065462,0.19638600000000006,0.75,0.32339,0.0808475,0.2425425,0.75,5.3577344,5.3577344,0.0,0.0,2.1328594400000003,0.5332148600000001,1.59964458,0.75,1.0,0.25,0.75,0.75
24994852_2026-04-30T18:56:27.584614+00:00,24994852,CAUTION,REDUCE_SIZE,1.0,0.25,1.008684,0.252171,0.756513,0.75,0.2586839999999999,0.0646709999999999,0.19401300000000002,0.7500000000000003,0.3190830999999999,0.0797707749999999,0.239312325,0.7500000000000002,5.3344289,5.3344289,0.0,0.0,2.11989399,0.5299734974999999,1.5899204925000001,0.75,1.0,0.25,0.75,0.75
24994857_2026-04-30T18:57:28.512509+00:00,24994857,CAUTION,REDUCE_SIZE,1.0,0.25,1.013267,0.25331675,0.7599502499999999,0.75,0.2632669999999999,0.0658167499999999,0.19745025000000002,0.7500000000000003,0.31998525,0.0799963125,0.2399889375,0.75,5.3359761,5.3359761,0.0,0.0,2.13011686,0.532529215,1.597587645,0.75,1.0,0.25,0.75,0.75
24994862_2026-04-30T18:58:28.968453+00:00,24994862,CAUTION,REDUCE_SIZE,1.0,0.25,1.002399,0.25059975,0.75179925,0.75,0.252399,0.06309975,0.18929924999999997,0.75,0.06450245,0.0161256125,0.048376837500000006,0.75,4.7814562,4.7814562,0.0,0.0,1.79744607,0.4493615175,1.3480845525,0.7500000000000001,1.0,0.25,0.75,0.75
24994867_2026-04-30T18:59:29.579078+00:00,24994867,RECOVERY,RESUME_GRADUALLY,1.0,0.5,0.997298,0.498649,0.498649,0.5,0.247298,0.123649,0.123649,0.5,0.0627797,0.03138985,0.03138985,0.5,4.760329199999999,4.760329199999999,0.0,0.0,1.78340862,0.89170431,0.89170431,0.5,1.0,0.5,0.5,0.5
24994872_2026-04-30T19:00:30.376758+00:00,24994872,CAUTION,REDUCE_SIZE,1.0,0.5,0.977923,0.4889615,0.4889615,0.5,0.227923,0.1139615,0.1139615,0.5,0.05396745,0.026983725,0.026983725,0.5,4.6939983,4.6939983,0.0,0.0,1.72921328,0.86460664,0.86460664,0.5,1.0,0.5,0.5,0.5
24994877_2026-04-30T19:01:30.995905+00:00,24994877,RECOVERY,RESUME_GRADUALLY,1.0,0.5,0.952369,0.4761845,0.4761845,0.5,0.202369,0.1011845,0.1011845,0.5,0.04783055,0.023915275,0.023915275,0.5,4.6184188,4.6184188,0.0,0.0,1.66441043,0.832205215,0.832205215,0.5,1.0,0.5,0.5,0.5
24994882_2026-04-30T19:02:31.514595+00:00,24994882,CAUTION,REDUCE_SIZE,1.0,0.5,0.968807,0.4844035,0.4844035,0.5,0.2188069999999999,0.1094034999999999,0.10940349999999999,0.5000000000000002,0.0621632499999999,0.0310816249999999,0.031081624999999998,0.5000000000000008,4.6600857,4.6600857,0.0,0.0,1.71578582,0.85789291,0.85789291,0.5,1.0,0.5,0.5,0.5
24994887_2026-04-30T19:03:32.012508+00:00,24994887,RECOVERY,RESUME_GRADUALLY,1.0,0.5,0.999503,0.4997515,0.4997515,0.5,0.249503,0.1247515,0.1247515,0.5,0.07681385,0.038406925,0.038406925,0.5,4.7457507,4.7457507,0.0,0.0,1.80039492,0.90019746,0.90019746,0.5,1.0,0.5,0.5,0.5
24994892_2026-04-30T19:04:32.554974+00:00,24994892,CAUTION,REDUCE_SIZE,1.0,0.5,0.988783,0.4943915,0.4943915,0.5,0.232473,0.1162365,0.1162365,0.5,0.07412215,0.037061075,0.037061075,0.5,4.7438108,4.7438108,0.0,0.0,1.76975923,0.884879615,0.884879615,0.5,1.0,0.5,0.5,0.5
24994897_2026-04-30T19:05:21.051545+00:00,24994897,RECOVERY,RESUME_GRADUALLY,1.0,0.5,0.996511,0.4982555,0.4982555,0.5,0.246511,0.1232555,0.1232555,0.5,0.07647985,0.038239925,0.038239925,0.5,4.7663303,4.7663303,0.0,0.0,1.79613488,0.8980674399999999,0.8980674400000002,0.5000000000000001,1.0,0.5,0.5,0.5
24994902_2026-04-30T19:06:21.491579+00:00,24994902,CAUTION,REDUCE_SIZE,1.0,0.5,0.979554,0.489777,0.489777,0.5,0.229554,0.114777,0.114777,0.5,0.0640731,0.03203655,0.03203655,0.5,4.709433300000001,4.709433300000001,0.0,0.0,1.74412443,0.872062215,0.872062215,0.5,1.0,0.5,0.5,0.5
24994907_2026-04-30T19:07:22.085927+00:00,24994907,RECOVERY,RESUME_GRADUALLY,1.0,0.5,0.959781,0.4798905,0.4798905,0.5,0.209781,0.1048905,0.1048905,0.5,0.05223895,0.026119475,0.026119475,0.5,4.6594576,4.6594576,0.0,0.0,1.68774671,0.8438733549999999,0.8438733550000002,0.5000000000000001,1.0,0.5,0.5,0.5
24994912_2026-04-30T19:08:22.725158+00:00,24994912,CAUTION,REDUCE_SIZE,1.0,0.5,0.953425,0.4767125,0.4767125,0.5,0.2034249999999999,0.1017124999999999,0.10171250000000001,0.5000000000000002,0.04599555,0.022997775,0.022997775,0.5,4.620003499999999,4.620003499999999,0.0,0.0,1.6648459,0.83242295,0.83242295,0.5,1.0,0.5,0.5,0.5
24994917_2026-04-30T19:09:23.244152+00:00,24994917,RECOVERY,RESUME_GRADUALLY,1.0,0.5,0.979312,0.489656,0.489656,0.5,0.2293119999999999,0.1146559999999999,0.11465600000000001,0.5000000000000002,0.058205,0.0291025,0.0291025,0.5,4.6922268,4.6922268,0.0,0.0,1.73605168,0.86802584,0.86802584,0.5,1.0,0.5,0.5,0.5
24994922_2026-04-30T19:10:23.903446+00:00,24994922,CAUTION,REDUCE_SIZE,1.0,0.5,0.979344,0.489672,0.489672,0.5,0.229344,0.114672,0.114672,0.5,0.0571152,0.0285576,0.0285576,0.5,4.6692609,4.6692609,0.0,0.0,1.73272929,0.866364645,0.866364645,0.5,1.0,0.5,0.5,0.5
19000151_2026-04-30T19:11:12.330274+00:00,19000151,RECOVERY,RESUME_GRADUALLY,1.0,0.5,0.0,0.0,0.0,0.0,0.142227,0.0711135,0.0711135,0.5,0.0126681,0.00633405,0.00633405,0.5,1.9814497,1.9814497,0.0,0.0,0.35304007,0.176520035,0.176520035,0.5,1.0,0.5,0.5,0.5
19000150_2026-04-30T19:16:40.947479+00:00,19000150,CAUTION,REDUCE_SIZE,1.0,0.5,0.0,0.0,0.0,0.0,0.133753,0.0668765,0.0668765,0.5,0.0101259,0.00506295,0.00506295,0.5,1.9721283,1.9721283,0.0,0.0,0.34109173,0.170545865,0.170545865,0.5,1.0,0.5,0.5,0.5
19000151_2026-04-30T19:17:41.608357+00:00,19000151,RECOVERY,RESUME_GRADUALLY,1.0,0.5,0.0,0.0,0.0,0.0,0.142227,0.0711135,0.0711135,0.5,0.0126681,0.00633405,0.00633405,0.5,1.9814497,1.9814497,0.0,0.0,0.35304007,0.176520035,0.176520035,0.5,1.0,0.5,0.5,0.5
19000152_2026-04-30T19:18:42.226545+00:00,19000152,CAUTION,REDUCE_SIZE,1.0,0.5,0.0,0.0,0.0,0.0,0.1432759999999999,0.0716379999999999,0.07163800000000001,0.5000000000000003,0.0129827999999999,0.0064913999999999,0.0064914000000000005,0.5000000000000039,1.9826036,1.9826036,0.0,0.0,0.3545191599999999,0.1772595799999999,0.17725958,0.5000000000000001,1.0,0.5,0.5,0.5
19000153_2026-04-30T19:19:42.921712+00:00,19000153,RECOVERY,RESUME_GRADUALLY,1.0,0.5,0.0,0.0,0.0,0.0,0.1366049999999999,0.0683024999999999,0.06830249999999999,0.5000000000000003,0.0109815,0.00549075,0.00549075,0.5,1.9752655,1.9752655,0.0,0.0,0.34511305,0.172556525,0.172556525,0.5,1.0,0.5,0.5,0.5
19000154_2026-04-30T19:20:43.469962+00:00,19000154,CAUTION,REDUCE_SIZE,1.0,0.5,0.0,0.0,0.0,0.0,0.1345119999999999,0.0672559999999999,0.06725600000000001,0.5000000000000004,0.0103535999999999,0.0051767999999999,0.0051768000000000005,0.5000000000000049,1.9729632,1.9729632,0.0,0.0,0.3421619199999999,0.1710809599999999,0.17108096,0.5000000000000001,1.0,0.5,0.5,0.5
19000155_2026-04-30T19:21:44.147610+00:00,19000155,RECOVERY,RESUME_GRADUALLY,1.0,0.5,0.0,0.0,0.0,0.0,0.132405,0.0662025,0.0662025,0.5,0.0097215,0.00486075,0.00486075,0.5,1.9706455,1.9706455,0.0,0.0,0.33919105,0.169595525,0.169595525,0.5,1.0,0.5,0.5,0.5
19000156_2026-04-30T19:22:44.860429+00:00,19000156,CAUTION,REDUCE_SIZE,1.0,0.5,0.0,0.0,0.0,0.0,0.136301,0.0681505,0.0681505,0.5,0.0108903,0.00544515,0.00544515,0.5,1.9749311,1.9749311,0.0,0.0,0.34468441,0.172342205,0.172342205,0.5,1.0,0.5,0.5,0.5
19000157_2026-04-30T19:23:45.535223+00:00,19000157,RECOVERY,RESUME_GRADUALLY,1.0,0.5,0.0,0.0,0.0,0.0,0.1389559999999999,0.0694779999999999,0.06947800000000001,0.5000000000000004,0.0116867999999999,0.0058433999999999,0.0058434,0.5000000000000043,1.9778516,1.9778516,0.0,0.0,0.3484279599999998,0.1742139799999999,0.1742139799999999,0.5,1.0,0.5,0.5,0.5
19000158_2026-04-30T19:24:46.078682+00:00,19000158,CAUTION,REDUCE_SIZE,1.0,0.5,0.0,0.0,0.0,0.0,0.132839,0.0664195,0.0664195,0.5,0.0098517,0.00492585,0.00492585,0.5,1.9711229,1.9711229,0.0,0.0,0.33980299,0.169901495,0.169901495,0.5,1.0,0.5,0.5,0.5
19000159_2026-04-30T19:25:46.701249+00:00,19000159,RECOVERY,RESUME_GRADUALLY,1.0,0.5,0.0,0.0,0.0,0.0,0.138718,0.069359,0.069359,0.5,0.0116154,0.0058077,0.0058077,0.5,1.9775898,1.9775898,0.0,0.0,0.34809238,0.17404619,0.17404619,0.5,1.0,0.5,0.5,0.5
19000160_2026-04-30T19:26:35.235570+00:00,19000160,CAUTION,REDUCE_SIZE,1.0,0.5,0.0,0.0,0.0,0.0,0.131148,0.065574,0.065574,0.5,0.0093444,0.0046722,0.0046722,0.5,1.9692628,1.9692628,0.0,0.0,0.3374186800000001,0.16870934,0.16870934000000007,0.5000000000000001,1.0,0.5,0.5,0.5
19000161_2026-04-30T19:27:35.914105+00:00,19000161,RECOVERY,RESUME_GRADUALLY,1.0,0.5,0.0,0.0,0.0,0.0,0.1285309999999999,0.0642654999999999,0.06426549999999999,0.5000000000000003,0.0085592999999999,0.0042796499999999,0.00427965,0.5000000000000059,1.9663841,1.9663841,0.0,0.0,0.3337287099999999,0.1668643549999999,0.16686435499999996,0.5000000000000001,1.0,0.5,0.5,0.5
19000162_2026-04-30T19:28:36.499621+00:00,19000162,CAUTION,REDUCE_SIZE,1.0,0.5,0.0,0.0,0.0,0.0,0.126411,0.0632055,0.0632055,0.5,0.0079233,0.00396165,0.00396165,0.5,1.9640521,1.9640521,0.0,0.0,0.33073951,0.165369755,0.165369755,0.5,1.0,0.5,0.5,0.5
19000163_2026-04-30T19:29:37.141310+00:00,19000163,RECOVERY,RESUME_GRADUALLY,1.0,0.5,0.0,0.0,0.0,0.0,0.126923,0.0634615,0.0634615,0.5,0.0080769,0.00403845,0.00403845,0.5,1.9646153,1.9646153,0.0,0.0,0.33146143,0.165730715,0.165730715,0.5,1.0,0.5,0.5,0.5
19000164_2026-04-30T19:30:37.798741+00:00,19000164,CAUTION,REDUCE_SIZE,1.0,0.5,0.0,0.0,0.0,0.0,0.1266629999999999,0.0633314999999999,0.06333149999999999,0.5000000000000003,0.0079988999999999,0.0039994499999999,0.003999449999999999,0.5000000000000062,1.9643293,1.9643293,0.0,0.0,0.3310948299999998,0.1655474149999999,0.1655474149999999,0.5,1.0,0.5,0.5,0.5
19000165_2026-04-30T19:31:38.441636+00:00,19000165,RECOVERY,RESUME_GRADUALLY,1.0,0.5,0.0,0.0,0.0,0.0,0.1198019999999999,0.0599009999999999,0.059900999999999996,0.5000000000000004,0.0059405999999999,0.0029702999999999,0.0029703,0.5000000000000084,1.9567822,1.9567822,0.0,0.0,0.3214208199999999,0.1607104099999999,0.16071041,0.5000000000000002,1.0,0.5,0.5,0.5
19000166_2026-04-30T19:32:39.076432+00:00,19000166,CAUTION,REDUCE_SIZE,1.0,0.5,0.0,0.0,0.0,0.0,0.119974,0.059987,0.059987,0.5,0.0059922,0.0029961,0.0029961,0.5,1.9569714,1.9569714,0.0,0.0,0.3216633400000001,0.16083167,0.16083167000000007,0.5000000000000001,1.0,0.5,0.5,0.5
19000167_2026-04-30T19:33:39.795954+00:00,19000167,RECOVERY,RESUME_GRADUALLY,1.0,0.5,0.0,0.0,0.0,0.0,0.119309,0.0596545,0.0596545,0.5,0.0057927,0.00289635,0.00289635,0.5,1.9562399,1.9562399,0.0,0.0,0.32072569,0.160362845,0.160362845,0.5,1.0,0.5,0.5,0.5
19000168_2026-04-30T19:34:40.448174+00:00,19000168,CAUTION,REDUCE_SIZE,1.0,0.5,0.0,0.0,0.0,0.0,0.1232659999999999,0.0616329999999999,0.061633,0.5000000000000004,0.0069798,0.0034899,0.0034899,0.5,1.9605926,1.9605926,0.0,0.0,0.32630506,0.16315253,0.16315253,0.5,1.0,0.5,0.5,0.5
19000169_2026-04-30T19:35:41.138268+00:00,19000169,RECOVERY,RESUME_GRADUALLY,1.0,0.5,0.0,0.0,0.0,0.0,0.1276389999999999,0.0638194999999999,0.06381949999999999,0.5000000000000003,0.0082916999999999,0.0041458499999999,0.00414585,0.5000000000000061,1.9654029,1.9654029,0.0,0.0,0.3324709899999998,0.1662354949999999,0.1662354949999999,0.5,1.0,0.5,0.5,0.5
19000170_2026-04-30T19:36:41.827094+00:00,19000170,CAUTION,REDUCE_SIZE,1.0,0.5,0.0,0.0,0.0,0.0,0.130653,0.0653265,0.0653265,0.5,0.0091959,0.00459795,0.00459795,0.5,1.9687183,1.9687183,0.0,0.0,0.33672073,0.168360365,0.168360365,0.5,1.0,0.5,0.5,0.5
19000171_2026-04-30T19:37:42.579587+00:00,19000171,RECOVERY,RESUME_GRADUALLY,1.0,0.5,0.0,0.0,0.0,0.0,0.1297359999999999,0.0648679999999999,0.06486800000000001,0.5000000000000004,0.0089207999999999,0.0044603999999999,0.004460400000000001,0.5000000000000057,1.9677096,1.9677096,0.0,0.0,0.3354277599999998,0.1677138799999999,0.1677138799999999,0.5,1.0,0.5,0.5,0.5
19000172_2026-04-30T19:39:19.417080+00:00,19000172,CAUTION,REDUCE_SIZE,1.0,0.5,0.0,0.0,0.0,0.0,0.125495,0.0627475,0.0627475,0.5,0.0076485,0.00382425,0.00382425,0.5,1.9630445,1.9630445,0.0,0.0,0.32944795,0.164723975,0.164723975,0.5,1.0,0.5,0.5,0.5
19000173_2026-04-30T19:41:56.904036+00:00,19000173,RECOVERY,RESUME_GRADUALLY,1.0,0.5,0.0,0.0,0.0,0.0,0.1268019999999999,0.0634009999999999,0.06340099999999999,0.5000000000000003,0.0080405999999999,0.0040202999999999,0.004020299999999999,0.5000000000000061,1.9644822,1.9644822,0.0,0.0,0.3312908199999999,0.1656454099999999,0.16564540999999997,0.5000000000000001,1.0,0.5,0.5,0.5
19000174_2026-04-30T19:43:21.895549+00:00,19000174,CAUTION,REDUCE_SIZE,1.0,0.5,0.0,0.0,0.0,0.0,0.1289139999999999,0.0644569999999999,0.06445699999999999,0.5000000000000003,0.0086741999999999,0.0043370999999999,0.004337099999999999,0.5000000000000057,1.9668054,1.9668054,0.0,0.0,0.3342687399999999,0.1671343699999999,0.16713437,0.5000000000000001,1.0,0.5,0.5,0.5
19000175_2026-04-30T19:44:46.789555+00:00,19000175,RECOVERY,RESUME_GRADUALLY,1.0,0.5,0.0,0.0,0.0,0.0,0.139646,0.069823,0.069823,0.5,0.0118938,0.0059469,0.0059469,0.5,1.9786106,1.9786106,0.0,0.0,0.3494008600000001,0.17470043,0.1747004300000001,0.5000000000000001,1.0,0.5,0.5,0.5
19000176_2026-04-30T20:25:13.841059+00:00,19000176,CAUTION,REDUCE_SIZE,1.0,0.5,0.0,0.0,0.0,0.0,0.146698,0.073349,0.073349,0.5,0.0140094,0.0070047,0.0070047,0.5,1.9863678,1.9863678,0.0,0.0,0.35934418,0.17967209,0.17967209,0.5,1.0,0.5,0.5,0.5
19000177_2026-04-30T20:25:37.963284+00:00,19000177,RECOVERY,RESUME_GRADUALLY,1.0,0.5,0.0,0.0,0.0,0.0,0.146734,0.073367,0.073367,0.5,0.0140202,0.0070101,0.0070101,0.5,1.9864074,1.9864074,0.0,0.0,0.35939494,0.17969747,0.17969747,0.5,1.0,0.5,0.5,0.5
19000178_2026-04-30T20:26:50.303069+00:00,19000178,CAUTION,REDUCE_SIZE,1.0,0.5,0.0,0.0,0.0,0.0,0.1460099999999999,0.0730049999999999,0.07300499999999999,0.5000000000000003,0.0138029999999999,0.0069014999999999,0.0069015000000000005,0.5000000000000037,1.985611,1.985611,0.0,0.0,0.3583740999999999,0.1791870499999999,0.17918705000000001,0.5000000000000001,1.0,0.5,0.5,0.5
19000150_2026-05-01T02:51:53.403557+00:00,19000150,RECOVERY,RESUME_GRADUALLY,1.0,0.5,0.0,0.0,0.0,0.0,0.133753,0.0668765,0.0668765,0.5,0.0101259,0.00506295,0.00506295,0.5,1.9721283,1.9721283,0.0,0.0,0.34109173,0.170545865,0.170545865,0.5,1.0,0.5,0.5,0.5
19000151_2026-05-01T02:52:42.078676+00:00,19000151,CAUTION,REDUCE_SIZE,1.0,0.5,0.0,0.0,0.0,0.0,0.142227,0.0711135,0.0711135,0.5,0.0126681,0.00633405,0.00633405,0.5,1.9814497,1.9814497,0.0,0.0,0.35304007,0.176520035,0.176520035,0.5,1.0,0.5,0.5,0.5
19000152_2026-05-01T02:53:42.753325+00:00,19000152,RECOVERY,RESUME_GRADUALLY,1.0,0.5,0.0,0.0,0.0,0.0,0.1432759999999999,0.0716379999999999,0.07163800000000001,0.5000000000000003,0.0129827999999999,0.0064913999999999,0.0064914000000000005,0.5000000000000039,1.9826036,1.9826036,0.0,0.0,0.3545191599999999,0.1772595799999999,0.17725958,0.5000000000000001,1.0,0.5,0.5,0.5
19000153_2026-05-01T02:54:43.431702+00:00,19000153,CAUTION,REDUCE_SIZE,1.0,0.5,0.0,0.0,0.0,0.0,0.1366049999999999,0.0683024999999999,0.06830249999999999,0.5000000000000003,0.0109815,0.00549075,0.00549075,0.5,1.9752655,1.9752655,0.0,0.0,0.34511305,0.172556525,0.172556525,0.5,1.0,0.5,0.5,0.5
19000154_2026-05-01T02:55:44.047526+00:00,19000154,RECOVERY,RESUME_GRADUALLY,1.0,0.5,0.0,0.0,0.0,0.0,0.1345119999999999,0.0672559999999999,0.06725600000000001,0.5000000000000004,0.0103535999999999,0.0051767999999999,0.0051768000000000005,0.5000000000000049,1.9729632,1.9729632,0.0,0.0,0.3421619199999999,0.1710809599999999,0.17108096,0.5000000000000001,1.0,0.5,0.5,0.5
19000155_2026-05-01T02:56:44.854512+00:00,19000155,CAUTION,REDUCE_SIZE,1.0,0.5,0.0,0.0,0.0,0.0,0.132405,0.0662025,0.0662025,0.5,0.0097215,0.00486075,0.00486075,0.5,1.9706455,1.9706455,0.0,0.0,0.33919105,0.169595525,0.169595525,0.5,1.0,0.5,0.5,0.5
19000156_2026-05-01T02:57:45.598204+00:00,19000156,RECOVERY,RESUME_GRADUALLY,1.0,0.5,0.0,0.0,0.0,0.0,0.136301,0.0681505,0.0681505,0.5,0.0108903,0.00544515,0.00544515,0.5,1.9749311,1.9749311,0.0,0.0,0.34468441,0.172342205,0.172342205,0.5,1.0,0.5,0.5,0.5
19000157_2026-05-01T02:58:46.282268+00:00,19000157,CAUTION,REDUCE_SIZE,1.0,0.5,0.0,0.0,0.0,0.0,0.1389559999999999,0.0694779999999999,0.06947800000000001,0.5000000000000004,0.0116867999999999,0.0058433999999999,0.0058434,0.5000000000000043,1.9778516,1.9778516,0.0,0.0,0.3484279599999998,0.1742139799999999,0.1742139799999999,0.5,1.0,0.5,0.5,0.5
19000158_2026-05-01T02:59:46.921984+00:00,19000158,RECOVERY,RESUME_GRADUALLY,1.0,0.5,0.0,0.0,0.0,0.0,0.132839,0.0664195,0.0664195,0.5,0.0098517,0.00492585,0.00492585,0.5,1.9711229,1.9711229,0.0,0.0,0.33980299,0.169901495,0.169901495,0.5,1.0,0.5,0.5,0.5
19000159_2026-05-01T03:00:35.547121+00:00,19000159,CAUTION,REDUCE_SIZE,1.0,0.5,0.0,0.0,0.0,0.0,0.138718,0.069359,0.069359,0.5,0.0116154,0.0058077,0.0058077,0.5,1.9775898,1.9775898,0.0,0.0,0.34809238,0.17404619,0.17404619,0.5,1.0,0.5,0.5,0.5
19000160_2026-05-01T03:01:36.212607+00:00,19000160,RECOVERY,RESUME_GRADUALLY,1.0,0.5,0.0,0.0,0.0,0.0,0.131148,0.065574,0.065574,0.5,0.0093444,0.0046722,0.0046722,0.5,1.9692628,1.9692628,0.0,0.0,0.3374186800000001,0.16870934,0.16870934000000007,0.5000000000000001,1.0,0.5,0.5,0.5
19000161_2026-05-01T03:02:36.892717+00:00,19000161,CAUTION,REDUCE_SIZE,1.0,0.5,0.0,0.0,0.0,0.0,0.1285309999999999,0.0642654999999999,0.06426549999999999,0.5000000000000003,0.0085592999999999,0.0042796499999999,0.00427965,0.5000000000000059,1.9663841,1.9663841,0.0,0.0,0.3337287099999999,0.1668643549999999,0.16686435499999996,0.5000000000000001,1.0,0.5,0.5,0.5
19000162_2026-05-01T03:03:37.578422+00:00,19000162,RECOVERY,RESUME_GRADUALLY,1.0,0.5,0.0,0.0,0.0,0.0,0.126411,0.0632055,0.0632055,0.5,0.0079233,0.00396165,0.00396165,0.5,1.9640521,1.9640521,0.0,0.0,0.33073951,0.165369755,0.165369755,0.5,1.0,0.5,0.5,0.5
19000163_2026-05-01T03:04:38.197052+00:00,19000163,CAUTION,REDUCE_SIZE,1.0,0.5,0.0,0.0,0.0,0.0,0.126923,0.0634615,0.0634615,0.5,0.0080769,0.00403845,0.00403845,0.5,1.9646153,1.9646153,0.0,0.0,0.33146143,0.165730715,0.165730715,0.5,1.0,0.5,0.5,0.5
19000164_2026-05-01T03:05:38.887870+00:00,19000164,RECOVERY,RESUME_GRADUALLY,1.0,0.5,0.0,0.0,0.0,0.0,0.1266629999999999,0.0633314999999999,0.06333149999999999,0.5000000000000003,0.0079988999999999,0.0039994499999999,0.003999449999999999,0.5000000000000062,1.9643293,1.9643293,0.0,0.0,0.3310948299999998,0.1655474149999999,0.1655474149999999,0.5,1.0,0.5,0.5,0.5
19000165_2026-05-01T03:06:39.682986+00:00,19000165,CAUTION,REDUCE_SIZE,1.0,0.5,0.0,0.0,0.0,0.0,0.1198019999999999,0.0599009999999999,0.059900999999999996,0.5000000000000004,0.0059405999999999,0.0029702999999999,0.0029703,0.5000000000000084,1.9567822,1.9567822,0.0,0.0,0.3214208199999999,0.1607104099999999,0.16071041,0.5000000000000002,1.0,0.5,0.5,0.5
19000166_2026-05-01T03:07:40.428328+00:00,19000166,RECOVERY,RESUME_GRADUALLY,1.0,0.5,0.0,0.0,0.0,0.0,0.119974,0.059987,0.059987,0.5,0.0059922,0.0029961,0.0029961,0.5,1.9569714,1.9569714,0.0,0.0,0.3216633400000001,0.16083167,0.16083167000000007,0.5000000000000001,1.0,0.5,0.5,0.5
19000167_2026-05-01T03:08:41.167019+00:00,19000167,CAUTION,REDUCE_SIZE,1.0,0.5,0.0,0.0,0.0,0.0,0.119309,0.0596545,0.0596545,0.5,0.0057927,0.00289635,0.00289635,0.5,1.9562399,1.9562399,0.0,0.0,0.32072569,0.160362845,0.160362845,0.5,1.0,0.5,0.5,0.5
19000168_2026-05-01T03:09:41.925169+00:00,19000168,RECOVERY,RESUME_GRADUALLY,1.0,0.5,0.0,0.0,0.0,0.0,0.1232659999999999,0.0616329999999999,0.061633,0.5000000000000004,0.0069798,0.0034899,0.0034899,0.5,1.9605926,1.9605926,0.0,0.0,0.32630506,0.16315253,0.16315253,0.5,1.0,0.5,0.5,0.5
19000169_2026-05-01T03:10:42.716530+00:00,19000169,CAUTION,REDUCE_SIZE,1.0,0.5,0.0,0.0,0.0,0.0,0.1276389999999999,0.0638194999999999,0.06381949999999999,0.5000000000000003,0.0082916999999999,0.0041458499999999,0.00414585,0.5000000000000061,1.9654029,1.9654029,0.0,0.0,0.3324709899999998,0.1662354949999999,0.1662354949999999,0.5,1.0,0.5,0.5,0.5
19000170_2026-05-01T03:11:43.434224+00:00,19000170,RECOVERY,RESUME_GRADUALLY,1.0,0.5,0.0,0.0,0.0,0.0,0.130653,0.0653265,0.0653265,0.5,0.0091959,0.00459795,0.00459795,0.5,1.9687183,1.9687183,0.0,0.0,0.33672073,0.168360365,0.168360365,0.5,1.0,0.5,0.5,0.5
19000171_2026-05-01T03:12:44.042926+00:00,19000171,CAUTION,REDUCE_SIZE,1.0,0.5,0.0,0.0,0.0,0.0,0.1297359999999999,0.0648679999999999,0.06486800000000001,0.5000000000000004,0.0089207999999999,0.0044603999999999,0.004460400000000001,0.5000000000000057,1.9677096,1.9677096,0.0,0.0,0.3354277599999998,0.1677138799999999,0.1677138799999999,0.5,1.0,0.5,0.5,0.5
19000172_2026-05-01T03:13:44.824963+00:00,19000172,RECOVERY,RESUME_GRADUALLY,1.0,0.5,0.0,0.0,0.0,0.0,0.125495,0.0627475,0.0627475,0.5,0.0076485,0.00382425,0.00382425,0.5,1.9630445,1.9630445,0.0,0.0,0.32944795,0.164723975,0.164723975,0.5,1.0,0.5,0.5,0.5
19000173_2026-05-01T03:14:45.473258+00:00,19000173,CAUTION,REDUCE_SIZE,1.0,0.5,0.0,0.0,0.0,0.0,0.1268019999999999,0.0634009999999999,0.06340099999999999,0.5000000000000003,0.0080405999999999,0.0040202999999999,0.004020299999999999,0.5000000000000061,1.9644822,1.9644822,0.0,0.0,0.3312908199999999,0.1656454099999999,0.16564540999999997,0.5000000000000001,1.0,0.5,0.5,0.5
19000174_2026-05-01T03:15:46.104073+00:00,19000174,RECOVERY,RESUME_GRADUALLY,1.0,0.5,0.0,0.0,0.0,0.0,0.1289139999999999,0.0644569999999999,0.06445699999999999,0.5000000000000003,0.0086741999999999,0.0043370999999999,0.004337099999999999,0.5000000000000057,1.9668054,1.9668054,0.0,0.0,0.3342687399999999,0.1671343699999999,0.16713437,0.5000000000000001,1.0,0.5,0.5,0.5
19000175_2026-05-01T03:16:46.708083+00:00,19000175,CAUTION,REDUCE_SIZE,1.0,0.5,0.0,0.0,0.0,0.0,0.139646,0.069823,0.069823,0.5,0.0118938,0.0059469,0.0059469,0.5,1.9786106,1.9786106,0.0,0.0,0.3494008600000001,0.17470043,0.1747004300000001,0.5000000000000001,1.0,0.5,0.5,0.5
19000176_2026-05-01T03:17:35.313489+00:00,19000176,RECOVERY,RESUME_GRADUALLY,1.0,0.5,0.0,0.0,0.0,0.0,0.146698,0.073349,0.073349,0.5,0.0140094,0.0070047,0.0070047,0.5,1.9863678,1.9863678,0.0,0.0,0.35934418,0.17967209,0.17967209,0.5,1.0,0.5,0.5,0.5
19000177_2026-05-01T03:18:36.028057+00:00,19000177,CAUTION,REDUCE_SIZE,1.0,0.5,0.0,0.0,0.0,0.0,0.146734,0.073367,0.073367,0.5,0.0140202,0.0070101,0.0070101,0.5,1.9864074,1.9864074,0.0,0.0,0.35939494,0.17969747,0.17969747,0.5,1.0,0.5,0.5,0.5
19000178_2026-05-01T06:40:24.563510+00:00,19000178,RECOVERY,RESUME_GRADUALLY,1.0,0.5,0.0,0.0,0.0,0.0,0.1460099999999999,0.0730049999999999,0.07300499999999999,0.5000000000000003,0.0138029999999999,0.0069014999999999,0.0069015000000000005,0.5000000000000037,1.985611,1.985611,0.0,0.0,0.3583740999999999,0.1791870499999999,0.17918705000000001,0.5000000000000001,1.0,0.5,0.5,0.5
19000180_2026-05-01T06:42:25.778436+00:00,19000180,CAUTION,REDUCE_SIZE,1.0,0.5,0.0,0.0,0.0,0.0,0.1455199999999999,0.0727599999999999,0.07276,0.5000000000000003,0.013656,0.006828,0.006828,0.5,1.985072,1.985072,0.0,0.0,0.3576832,0.1788416,0.1788416,0.5,1.0,0.5,0.5,0.5
19000181_2026-05-01T06:43:26.488528+00:00,19000181,RECOVERY,RESUME_GRADUALLY,1.0,0.5,0.0,0.0,0.0,0.0,0.1436309999999999,0.0718154999999999,0.0718155,0.5000000000000003,0.0130892999999999,0.0065446499999999,0.006544649999999999,0.5000000000000038,1.9829941,1.9829941,0.0,0.0,0.3550197099999999,0.1775098549999999,0.17750985499999997,0.5000000000000001,1.0,0.5,0.5,0.5
19000182_2026-05-01T06:44:27.163076+00:00,19000182,CAUTION,REDUCE_SIZE,1.0,0.5,0.0,0.0,0.0,0.0,0.138762,0.069381,0.069381,0.5,0.0116286,0.0058143,0.0058143,0.5,1.9776382,1.9776382,0.0,0.0,0.3481544200000001,0.17407721,0.17407721000000007,0.5000000000000001,1.0,0.5,0.5,0.5
19000183_2026-05-01T06:45:27.945335+00:00,19000183,RECOVERY,RESUME_GRADUALLY,1.0,0.5,0.0,0.0,0.0,0.0,0.138293,0.0691465,0.0691465,0.5,0.0114879,0.00574395,0.00574395,0.5,1.9771223,1.9771223,0.0,0.0,0.34749313,0.173746565,0.173746565,0.5,1.0,0.5,0.5,0.5
19000184_2026-05-01T06:46:28.704531+00:00,19000184,CAUTION,REDUCE_SIZE,1.0,0.5,0.0,0.0,0.0,0.0,0.138915,0.0694575,0.0694575,0.5,0.0116745,0.00583725,0.00583725,0.5,1.9778065,1.9778065,0.0,0.0,0.34837015,0.174185075,0.174185075,0.5,1.0,0.5,0.5,0.5
19000185_2026-05-01T06:47:29.418099+00:00,19000185,RECOVERY,RESUME_GRADUALLY,1.0,0.5,0.0,0.0,0.0,0.0,0.144456,0.072228,0.072228,0.5,0.0133368,0.0066684,0.0066684,0.5,1.9839016,1.9839016,0.0,0.0,0.35618296,0.17809148,0.17809148,0.5,1.0,0.5,0.5,0.5
19000186_2026-05-01T06:48:30.170120+00:00,19000186,CAUTION,REDUCE_SIZE,1.0,0.5,0.0,0.0,0.0,0.0,0.136885,0.0684425,0.0684425,0.5,0.0110655,0.00553275,0.00553275,0.5,1.9755735,1.9755735,0.0,0.0,0.34550785,0.172753925,0.172753925,0.5,1.0,0.5,0.5,0.5
19000187_2026-05-01T06:49:30.882501+00:00,19000187,RECOVERY,RESUME_GRADUALLY,1.0,0.5,0.0,0.0,0.0,0.0,0.1317709999999999,0.0658854999999999,0.06588549999999999,0.5000000000000003,0.0095312999999999,0.0047656499999999,0.004765650000000001,0.5000000000000053,1.9699481,1.9699481,0.0,0.0,0.3382971099999998,0.1691485549999999,0.1691485549999999,0.5,1.0,0.5,0.5,0.5
19000188_2026-05-01T06:50:31.660682+00:00,19000188,CAUTION,REDUCE_SIZE,1.0,0.5,0.0,0.0,0.0,0.0,0.124989,0.0624945,0.0624945,0.5,0.0074967,0.00374835,0.00374835,0.5,1.9624879,1.9624879,0.0,0.0,0.32873449,0.164367245,0.164367245,0.5,1.0,0.5,0.5,0.5
19000189_2026-05-01T06:51:32.391820+00:00,19000189,RECOVERY,RESUME_GRADUALLY,1.0,0.5,0.0,0.0,0.0,0.0,0.124865,0.0624325,0.0624325,0.5,0.0074595,0.00372975,0.00372975,0.5,1.9623515,1.9623515,0.0,0.0,0.32855965,0.164279825,0.164279825,0.5,1.0,0.5,0.5,0.5
19000190_2026-05-01T06:52:33.040741+00:00,19000190,CAUTION,REDUCE_SIZE,1.0,0.5,0.0,0.0,0.0,0.0,0.120283,0.0601415,0.0601415,0.5,0.0060849,0.00304245,0.00304245,0.5,1.9573113,1.9573113,0.0,0.0,0.32209903,0.161049515,0.161049515,0.5,1.0,0.5,0.5,0.5
19000191_2026-05-01T06:53:33.672425+00:00,19000191,RECOVERY,RESUME_GRADUALLY,1.0,0.5,0.0,0.0,0.0,0.0,0.1166279999999999,0.0583139999999999,0.058314,0.5000000000000004,0.0049883999999999,0.0024941999999999,0.0024942,0.50000000000001,1.9532908,1.9532908,0.0,0.0,0.3169454799999999,0.1584727399999999,0.15847274,0.5000000000000002,1.0,0.5,0.5,0.5
19000192_2026-05-01T06:54:34.278325+00:00,19000192,CAUTION,REDUCE_SIZE,1.0,0.5,0.0,0.0,0.0,0.0,0.1158259999999999,0.0579129999999999,0.057913,0.5000000000000004,0.0047478,0.0023739,0.0023739,0.5,1.9524086,1.9524086,0.0,0.0,0.31581466,0.15790733,0.15790733,0.5,1.0,0.5,0.5,0.5
19000193_2026-05-01T06:55:34.970121+00:00,19000193,RECOVERY,RESUME_GRADUALLY,1.0,0.5,0.0,0.0,0.0,0.0,0.110245,0.0551225,0.0551225,0.5,0.0030735,0.00153675,0.00153675,0.5,1.9462695,1.9462695,0.0,0.0,0.30794545,0.153972725,0.153972725,0.5,1.0,0.5,0.5,0.5
19000194_2026-05-01T06:56:35.644894+00:00,19000194,CAUTION,REDUCE_SIZE,1.0,0.5,0.0,0.0,0.0,0.0,0.10223,0.051115,0.051115,0.5,0.000669,0.0003345,0.0003345,0.5,1.937453,1.937453,0.0,0.0,0.2966443000000001,0.14832215,0.14832215000000007,0.5000000000000001,1.0,0.5,0.5,0.5
19000195_2026-05-01T06:57:36.267486+00:00,19000195,RECOVERY,RESUME_GRADUALLY,1.0,0.5,0.0,0.0,0.0,0.0,0.102813,0.0514065,0.0514065,0.5,0.0008439,0.00042195,0.00042195,0.5,1.9380943,1.9380943,0.0,0.0,0.29746633,0.148733165,0.148733165,0.5,1.0,0.5,0.5,0.5
19000196_2026-05-01T06:58:24.797353+00:00,19000196,CAUTION,REDUCE_SIZE,1.0,0.5,0.0,0.0,0.0,0.0,0.113448,0.056724,0.056724,0.5,0.0040344,0.0020172,0.0020172,0.5,1.9497928,1.9497928,0.0,0.0,0.3124616799999999,0.1562308399999999,0.15623084,0.5000000000000002,1.0,0.5,0.5,0.5
19000197_2026-05-01T06:59:25.396465+00:00,19000197,RECOVERY,RESUME_GRADUALLY,1.0,0.5,0.0,0.0,0.0,0.0,0.115464,0.057732,0.057732,0.5,0.0046392,0.0023196,0.0023196,0.5,1.9520104,1.9520104,0.0,0.0,0.31530424,0.15765212,0.15765212,0.5,1.0,0.5,0.5,0.5
19000198_2026-05-01T07:00:26.060705+00:00,19000198,CAUTION,REDUCE_SIZE,1.0,0.5,0.0,0.0,0.0,0.0,0.111151,0.0555755,0.0555755,0.5,0.0033453,0.00167265,0.00167265,0.5,1.9472661,1.9472661,0.0,0.0,0.30922291,0.154611455,0.154611455,0.5,1.0,0.5,0.5,0.5
19000199_2026-05-01T07:01:26.709876+00:00,19000199,RECOVERY,RESUME_GRADUALLY,1.0,0.5,0.0,0.0,0.0,0.0,0.1088639999999999,0.0544319999999999,0.05443200000000001,0.5000000000000006,0.0026591999999999,0.0013295999999999,0.0013295999999999998,0.5000000000000188,1.9447504,1.9447504,0.0,0.0,0.3059982399999998,0.1529991199999999,0.1529991199999999,0.5,1.0,0.5,0.5,0.5
19000200_2026-05-01T07:02:27.259498+00:00,19000200,CAUTION,REDUCE_SIZE,1.0,0.5,0.0,0.0,0.0,0.0,0.101991,0.0509955,0.0509955,0.5,0.0005973,0.00029865,0.00029865,0.5,1.9371901,1.9371901,0.0,0.0,0.2963073100000001,0.148153655,0.1481536550000001,0.5000000000000002,1.0,0.5,0.5,0.5
19000201_2026-05-01T07:03:27.971118+00:00,19000201,RECOVERY,RESUME_GRADUALLY,1.0,0.5,0.0,0.0,0.0,0.0,0.1079679999999999,0.0539839999999999,0.053984,0.5000000000000004,0.0023903999999999,0.0011951999999999,0.0011951999999999998,0.5000000000000209,1.9437648,1.9437648,0.0,0.0,0.3047348799999998,0.1523674399999999,0.1523674399999999,0.5,1.0,0.5,0.5,0.5
19000202_2026-05-01T07:04:28.623317+00:00,19000202,CAUTION,REDUCE_SIZE,1.0,0.5,0.0,0.0,0.0,0.0,0.1055599999999999,0.0527799999999999,0.05278,0.5000000000000004,0.001668,0.000834,0.000834,0.5,1.941116,1.941116,0.0,0.0,0.3013396,0.1506698,0.1506698,0.5,1.0,0.5,0.5,0.5
19000203_2026-05-01T07:05:29.287698+00:00,19000203,RECOVERY,RESUME_GRADUALLY,1.0,0.5,0.0,0.0,0.0,0.0,0.10175,0.050875,0.050875,0.5,0.000525,0.0002625,0.0002625,0.5,1.936925,1.936925,0.0,0.0,0.2959675,0.14798375,0.14798375,0.5,1.0,0.5,0.5,0.5
19000204_2026-05-01T07:06:29.931341+00:00,19000204,CAUTION,REDUCE_SIZE,1.0,0.5,0.0,0.0,0.0,0.0,0.100469,0.0502345,0.0502345,0.5,0.0001407,7.035e-05,7.035e-05,0.5,1.9355159,1.9355159,0.0,0.0,0.29416129,0.147080645,0.147080645,0.5,1.0,0.5,0.5,0.5
19000205_2026-05-01T07:07:30.647517+00:00,19000205,RECOVERY,RESUME_GRADUALLY,1.0,0.5,0.0,0.0,0.0,0.0,0.091396,0.045698,0.045698,0.5,0.0,0.0,0.0,0.0,1.9255356,1.9255356,0.0,0.0,0.28394956,0.14197478,0.14197478,0.5,1.0,0.5,0.5,0.5
19000206_2026-05-01T07:08:31.423378+00:00,19000206,NORMAL,EXECUTE_FULL,1.0,1.0,0.0,0.0,0.0,0.0,0.092438,0.092438,0.0,0.0,0.0,0.0,0.0,0.0,1.9266818,1.9266818,0.0,0.0,0.28510618,0.28510618,0.0,0.0,1.0,1.0,0.0,0.0
19000207_2026-05-01T07:09:32.151079+00:00,19000207,NORMAL,EXECUTE_FULL,1.0,1.0,0.0,0.0,0.0,0.0,0.0899219999999999,0.0899219999999999,0.0,0.0,0.0,0.0,0.0,0.0,1.9239142,1.9239142,0.0,0.0,0.2823134199999999,0.2823134199999999,0.0,0.0,1.0,1.0,0.0,0.0
19000208_2026-05-01T07:10:32.740822+00:00,19000208,NORMAL,EXECUTE_FULL,1.0,1.0,0.0,0.0,0.0,0.0,0.099686,0.099686,0.0,0.0,0.0,0.0,0.0,0.0,1.9346546,1.9346546,0.0,0.0,0.29315146,0.29315146,0.0,0.0,1.0,1.0,0.0,0.0
19000209_2026-05-01T07:11:33.493693+00:00,19000209,NORMAL,EXECUTE_FULL,1.0,1.0,0.0,0.0,0.0,0.0,0.0956209999999999,0.0956209999999999,0.0,0.0,0.0,0.0,0.0,0.0,1.9301831,1.9301831,0.0,0.0,0.28863931,0.28863931,0.0,0.0,1.0,1.0,0.0,0.0
19000210_2026-05-01T07:12:34.172196+00:00,19000210,NORMAL,EXECUTE_FULL,1.0,1.0,0.0,0.0,0.0,0.0,0.085391,0.085391,0.0,0.0,0.0,0.0,0.0,0.0,1.9189301,1.9189301,0.0,0.0,0.27728401,0.27728401,0.0,0.0,1.0,1.0,0.0,0.0
19000211_2026-05-01T07:13:34.674182+00:00,19000211,NORMAL,EXECUTE_FULL,1.0,1.0,0.0,0.0,0.0,0.0,0.0853519999999999,0.0853519999999999,0.0,0.0,0.0,0.0,0.0,0.0,1.9188872,1.9188872,0.0,0.0,0.27724072,0.27724072,0.0,0.0,1.0,1.0,0.0,0.0
19000212_2026-05-01T07:14:35.314824+00:00,19000212,NORMAL,EXECUTE_FULL,1.0,1.0,0.0,0.0,0.0,0.0,0.0814439999999999,0.0814439999999999,0.0,0.0,0.0,0.0,0.0,0.0,1.9145884,1.9145884,0.0,0.0,0.27290284,0.27290284,0.0,0.0,1.0,1.0,0.0,0.0
19000213_2026-05-01T07:15:36.004103+00:00,19000213,NORMAL,EXECUTE_FULL,1.0,1.0,0.0,0.0,0.0,0.0,0.08296,0.08296,0.0,0.0,0.0,0.0,0.0,0.0,1.916256,1.916256,0.0,0.0,0.2745856,0.2745856,0.0,0.0,1.0,1.0,0.0,0.0
19000214_2026-05-01T07:16:24.598991+00:00,19000214,NORMAL,EXECUTE_FULL,1.0,1.0,0.0,0.0,0.0,0.0,0.0928109999999999,0.0928109999999999,0.0,0.0,0.0,0.0,0.0,0.0,1.9270921,1.9270921,0.0,0.0,0.2855202099999999,0.2855202099999999,0.0,0.0,1.0,1.0,0.0,0.0
19000215_2026-05-01T07:17:25.214911+00:00,19000215,NORMAL,EXECUTE_FULL,1.0,1.0,0.0,0.0,0.0,0.0,0.092763,0.092763,0.0,0.0,0.0,0.0,0.0,0.0,1.9270393,1.9270393,0.0,0.0,0.28546693,0.28546693,0.0,0.0,1.0,1.0,0.0,0.0
19000216_2026-05-01T07:18:25.875788+00:00,19000216,NORMAL,EXECUTE_FULL,1.0,1.0,0.0,0.0,0.0,0.0,0.0924469999999999,0.0924469999999999,0.0,0.0,0.0,0.0,0.0,0.0,1.9266917,1.9266917,0.0,0.0,0.28511617,0.28511617,0.0,0.0,1.0,1.0,0.0,0.0
19000217_2026-05-01T07:19:26.502922+00:00,19000217,NORMAL,EXECUTE_FULL,1.0,1.0,0.0,0.0,0.0,0.0,0.093558,0.093558,0.0,0.0,0.0,0.0,0.0,0.0,1.9279138,1.9279138,0.0,0.0,0.28634938,0.28634938,0.0,0.0,1.0,1.0,0.0,0.0
19000218_2026-05-01T07:20:27.112963+00:00,19000218,NORMAL,EXECUTE_FULL,1.0,1.0,0.0,0.0,0.0,0.0,0.098002,0.098002,0.0,0.0,0.0,0.0,0.0,0.0,1.9328022,1.9328022,0.0,0.0,0.29128222,0.29128222,0.0,0.0,1.0,1.0,0.0,0.0
19000219_2026-05-01T07:21:27.852258+00:00,19000219,CAUTION,REDUCE_SIZE,1.0,0.5,0.0,0.0,0.0,0.0,0.100064,0.050032,0.050032,0.5,1.92000000000192e-05,9.6000000000096e-06,9.6000000000096e-06,0.5,1.9350704,1.9350704,0.0,0.0,0.29359024,0.14679512,0.14679512,0.5,1.0,0.5,0.5,0.5
19000220_2026-05-01T07:22:28.521799+00:00,19000220,RECOVERY,RESUME_GRADUALLY,1.0,0.5,0.0,0.0,0.0,0.0,0.107901,0.0539505,0.0539505,0.5,0.0023703,0.00118515,0.00118515,0.5,1.9436911,1.9436911,0.0,0.0,0.30464041,0.152320205,0.152320205,0.5,1.0,0.5,0.5,0.5
19000221_2026-05-01T07:23:29.192449+00:00,19000221,CAUTION,REDUCE_SIZE,1.0,0.5,0.0,0.0,0.0,0.0,0.1104079999999999,0.0552039999999999,0.055203999999999996,0.5000000000000004,0.0031223999999999,0.0015611999999999,0.0015611999999999998,0.500000000000016,1.9464488,1.9464488,0.0,0.0,0.3081752799999999,0.1540876399999999,0.15408764,0.5000000000000002,1.0,0.5,0.5,0.5
19000222_2026-05-01T07:24:29.999822+00:00,19000222,RECOVERY,RESUME_GRADUALLY,1.0,0.5,0.0,0.0,0.0,0.0,0.120093,0.0600465,0.0600465,0.5,0.0060279,0.00301395,0.00301395,0.5,1.9571023,1.9571023,0.0,0.0,0.3218311299999999,0.1609155649999999,0.160915565,0.5000000000000002,1.0,0.5,0.5,0.5
19000223_2026-05-01T07:25:30.692830+00:00,19000223,CAUTION,REDUCE_SIZE,1.0,0.5,0.0,0.0,0.0,0.0,0.1234359999999999,0.0617179999999999,0.06171800000000001,0.5000000000000004,0.0070308,0.0035154,0.0035154,0.5,1.9607796,1.9607796,0.0,0.0,0.32654476,0.16327238,0.16327238,0.5,1.0,0.5,0.5,0.5
19000224_2026-05-01T07:26:31.418886+00:00,19000224,RECOVERY,RESUME_GRADUALLY,1.0,0.5,0.0,0.0,0.0,0.0,0.1181029999999999,0.0590514999999999,0.0590515,0.5000000000000004,0.0054308999999999,0.0027154499999999,0.00271545,0.5000000000000092,1.9549133,1.9549133,0.0,0.0,0.3190252299999998,0.1595126149999999,0.1595126149999999,0.5,1.0,0.5,0.5,0.5
19000225_2026-05-01T07:27:32.030550+00:00,19000225,CAUTION,REDUCE_SIZE,1.0,0.5,0.0,0.0,0.0,0.0,0.114812,0.057406,0.057406,0.5,0.0044436,0.0022218,0.0022218,0.5,1.9512932,1.9512932,0.0,0.0,0.31438492,0.15719246,0.15719246,0.5,1.0,0.5,0.5,0.5
19000226_2026-05-01T07:28:32.787764+00:00,19000226,RECOVERY,RESUME_GRADUALLY,1.0,0.5,0.0,0.0,0.0,0.0,0.1157249999999999,0.0578624999999999,0.0578625,0.5000000000000004,0.0047174999999999,0.0023587499999999,0.0023587499999999997,0.5000000000000105,1.9522975,1.9522975,0.0,0.0,0.3156722499999999,0.1578361249999999,0.15783612499999997,0.5000000000000001,1.0,0.5,0.5,0.5
19000227_2026-05-01T07:29:33.492925+00:00,19000227,CAUTION,REDUCE_SIZE,1.0,0.5,0.0,0.0,0.0,0.0,0.118769,0.0593845,0.0593845,0.5,0.0056307,0.00281535,0.00281535,0.5,1.9556459,1.9556459,0.0,0.0,0.31996429,0.159982145,0.159982145,0.5,1.0,0.5,0.5,0.5
19000228_2026-05-01T07:30:34.269632+00:00,19000228,RECOVERY,RESUME_GRADUALLY,1.0,0.5,0.0,0.0,0.0,0.0,0.126468,0.063234,0.063234,0.5,0.0079404,0.0039702,0.0039702,0.5,1.9641148,1.9641148,0.0,0.0,0.33081988,0.16540994,0.16540994,0.5,1.0,0.5,0.5,0.5
19000229_2026-05-01T07:31:35.031553+00:00,19000229,CAUTION,REDUCE_SIZE,1.0,0.5,0.0,0.0,0.0,0.0,0.130565,0.0652825,0.0652825,0.5,0.0091695,0.00458475,0.00458475,0.5,1.9686215,1.9686215,0.0,0.0,0.33659665,0.168298325,0.168298325,0.5,1.0,0.5,0.5,0.5
19000230_2026-05-01T07:32:35.689696+00:00,19000230,RECOVERY,RESUME_GRADUALLY,1.0,0.5,0.0,0.0,0.0,0.0,0.1314429999999999,0.0657214999999999,0.06572149999999999,0.5000000000000003,0.0094329,0.00471645,0.00471645,0.5,1.9695873,1.9695873,0.0,0.0,0.33783463,0.168917315,0.168917315,0.5,1.0,0.5,0.5,0.5
19000231_2026-05-01T07:33:24.358945+00:00,19000231,CAUTION,REDUCE_SIZE,1.0,0.5,0.0,0.0,0.0,0.0,0.1295579999999999,0.0647789999999999,0.06477899999999999,0.5000000000000003,0.0088673999999999,0.0044336999999999,0.0044337000000000005,0.5000000000000057,1.9675138,1.9675138,0.0,0.0,0.3351767799999998,0.1675883899999999,0.1675883899999999,0.5,1.0,0.5,0.5,0.5
19000232_2026-05-01T07:34:25.037917+00:00,19000232,RECOVERY,RESUME_GRADUALLY,1.0,0.5,0.0,0.0,0.0,0.0,0.1217249999999999,0.0608624999999999,0.0608625,0.5000000000000004,0.0065174999999999,0.0032587499999999,0.00325875,0.5000000000000077,1.9588975,1.9588975,0.0,0.0,0.3241322499999999,0.1620661249999999,0.162066125,0.5000000000000002,1.0,0.5,0.5,0.5
19000233_2026-05-01T07:35:25.761109+00:00,19000233,CAUTION,REDUCE_SIZE,1.0,0.5,0.0,0.0,0.0,0.0,0.1112819999999999,0.0556409999999999,0.055640999999999996,0.5000000000000004,0.0033846,0.0016923,0.0016923,0.5,1.9474102,1.9474102,0.0,0.0,0.30940762,0.15470381,0.15470381,0.5,1.0,0.5,0.5,0.5
19000234_2026-05-01T07:36:26.354605+00:00,19000234,RECOVERY,RESUME_GRADUALLY,1.0,0.5,0.0,0.0,0.0,0.0,0.112071,0.0560355,0.0560355,0.5,0.0036213,0.00181065,0.00181065,0.5,1.9482781,1.9482781,0.0,0.0,0.31052011,0.155260055,0.155260055,0.5,1.0,0.5,0.5,0.5
19000235_2026-05-01T07:37:27.011384+00:00,19000235,CAUTION,REDUCE_SIZE,1.0,0.5,0.0,0.0,0.0,0.0,0.114291,0.0571455,0.0571455,0.5,0.0042873,0.00214365,0.00214365,0.5,1.9507201,1.9507201,0.0,0.0,0.31365031,0.156825155,0.156825155,0.5,1.0,0.5,0.5,0.5
19000236_2026-05-01T07:38:27.783940+00:00,19000236,RECOVERY,RESUME_GRADUALLY,1.0,0.5,0.0,0.0,0.0,0.0,0.1138569999999999,0.0569284999999999,0.0569285,0.5000000000000004,0.0041571,0.00207855,0.00207855,0.5,1.9502427,1.9502427,0.0,0.0,0.31303837,0.156519185,0.156519185,0.5,1.0,0.5,0.5,0.5
19000237_2026-05-01T07:39:28.475352+00:00,19000237,CAUTION,REDUCE_SIZE,1.0,0.5,0.0,0.0,0.0,0.0,0.112155,0.0560775,0.0560775,0.5,0.0036465,0.00182325,0.00182325,0.5,1.9483705,1.9483705,0.0,0.0,0.31063855,0.155319275,0.155319275,0.5,1.0,0.5,0.5,0.5
19000238_2026-05-01T07:40:29.167662+00:00,19000238,RECOVERY,RESUME_GRADUALLY,1.0,0.5,0.0,0.0,0.0,0.0,0.1140649999999999,0.0570324999999999,0.0570325,0.5000000000000004,0.0042194999999999,0.0021097499999999,0.0021097500000000005,0.5000000000000119,1.9504715,1.9504715,0.0,0.0,0.3133316499999998,0.1566658249999999,0.1566658249999999,0.5,1.0,0.5,0.5,0.5
19000239_2026-05-01T07:41:29.885024+00:00,19000239,CAUTION,REDUCE_SIZE,1.0,0.5,0.0,0.0,0.0,0.0,0.1137409999999999,0.0568704999999999,0.0568705,0.5000000000000004,0.0041223,0.00206115,0.00206115,0.5,1.9501151,1.9501151,0.0,0.0,0.31287481,0.156437405,0.156437405,0.5,1.0,0.5,0.5,0.5
19000240_2026-05-01T07:42:30.698435+00:00,19000240,RECOVERY,RESUME_GRADUALLY,1.0,0.5,0.0,0.0,0.0,0.0,0.078671,0.0393355,0.0393355,0.5,0.0,0.0,0.0,0.0,1.9115381,1.9115381,0.0,0.0,0.26982481,0.134912405,0.134912405,0.5,1.0,0.5,0.5,0.5
19000241_2026-05-01T07:43:31.439188+00:00,19000241,NORMAL,EXECUTE_FULL,1.0,1.0,0.0,0.0,0.0,0.0,0.0745649999999999,0.0745649999999999,0.0,0.0,0.0,0.0,0.0,0.0,1.9070215,1.9070215,0.0,0.0,0.26526715,0.26526715,0.0,0.0,1.0,1.0,0.0,0.0
19000242_2026-05-01T07:44:32.285999+00:00,19000242,NORMAL,EXECUTE_FULL,1.0,1.0,0.0,0.0,0.0,0.0,0.082551,0.082551,0.0,0.0,0.0,0.0,0.0,0.0,1.9158061,1.9158061,0.0,0.0,0.2741316100000001,0.2741316100000001,0.0,0.0,1.0,1.0,0.0,0.0
19000243_2026-05-01T07:45:32.916727+00:00,19000243,NORMAL,EXECUTE_FULL,1.0,1.0,0.0,0.0,0.0,0.0,0.082994,0.082994,0.0,0.0,0.0,0.0,0.0,0.0,1.9162934,1.9162934,0.0,0.0,0.27462334,0.27462334,0.0,0.0,1.0,1.0,0.0,0.0
19000244_2026-05-01T07:46:33.637933+00:00,19000244,NORMAL,EXECUTE_FULL,1.0,1.0,0.0,0.0,0.0,0.0,0.0845399999999999,0.0845399999999999,0.0,0.0,0.0,0.0,0.0,0.0,1.917994,1.917994,0.0,0.0,0.2763393999999999,0.2763393999999999,0.0,0.0,1.0,1.0,0.0,0.0
19000245_2026-05-01T07:47:34.201189+00:00,19000245,NORMAL,EXECUTE_FULL,1.0,1.0,0.0,0.0,0.0,0.0,0.0845479999999999,0.0845479999999999,0.0,0.0,0.0,0.0,0.0,0.0,1.9180028,1.9180028,0.0,0.0,0.27634828,0.27634828,0.0,0.0,1.0,1.0,0.0,0.0
19000246_2026-05-01T07:48:34.713284+00:00,19000246,NORMAL,EXECUTE_FULL,1.0,1.0,0.0,0.0,0.0,0.0,0.088793,0.088793,0.0,0.0,0.0,0.0,0.0,0.0,1.9226723,1.9226723,0.0,0.0,0.28106023,0.28106023,0.0,0.0,1.0,1.0,0.0,0.0
19000247_2026-05-01T07:49:35.427267+00:00,19000247,NORMAL,EXECUTE_FULL,1.0,1.0,0.0,0.0,0.0,0.0,0.0900689999999999,0.0900689999999999,0.0,0.0,0.0,0.0,0.0,0.0,1.9240759,1.9240759,0.0,0.0,0.2824765899999999,0.2824765899999999,0.0,0.0,1.0,1.0,0.0,0.0
19000248_2026-05-01T07:50:36.201895+00:00,19000248,NORMAL,EXECUTE_FULL,1.0,1.0,0.0,0.0,0.0,0.0,0.089028,0.089028,0.0,0.0,0.0,0.0,0.0,0.0,1.9229308,1.9229308,0.0,0.0,0.28132108,0.28132108,0.0,0.0,1.0,1.0,0.0,0.0
19000249_2026-05-01T07:51:24.798056+00:00,19000249,NORMAL,EXECUTE_FULL,1.0,1.0,0.0,0.0,0.0,0.0,0.093616,0.093616,0.0,0.0,0.0,0.0,0.0,0.0,1.9279776,1.9279776,0.0,0.0,0.2864137600000001,0.2864137600000001,0.0,0.0,1.0,1.0,0.0,0.0
19000250_2026-05-01T07:52:25.433148+00:00,19000250,NORMAL,EXECUTE_FULL,1.0,1.0,0.0,0.0,0.0,0.0,0.08625,0.08625,0.0,0.0,0.0,0.0,0.0,0.0,1.919875,1.919875,0.0,0.0,0.2782375,0.2782375,0.0,0.0,1.0,1.0,0.0,0.0
19000251_2026-05-01T07:53:26.128546+00:00,19000251,NORMAL,EXECUTE_FULL,1.0,1.0,0.0,0.0,0.0,0.0,0.0933049999999999,0.0933049999999999,0.0,0.0,0.0,0.0,0.0,0.0,1.9276355,1.9276355,0.0,0.0,0.28606855,0.28606855,0.0,0.0,1.0,1.0,0.0,0.0
19000252_2026-05-01T07:54:26.859845+00:00,19000252,NORMAL,EXECUTE_FULL,1.0,1.0,0.0,0.0,0.0,0.0,0.0934469999999999,0.0934469999999999,0.0,0.0,0.0,0.0,0.0,0.0,1.9277917,1.9277917,0.0,0.0,0.2862261699999999,0.2862261699999999,0.0,0.0,1.0,1.0,0.0,0.0
19000253_2026-05-01T07:55:27.443296+00:00,19000253,CAUTION,REDUCE_SIZE,1.0,0.5,0.0,0.0,0.0,0.0,0.1011609999999999,0.0505804999999999,0.0505805,0.5000000000000004,0.0003482999999999,0.0001741499999999,0.00017415,0.5000000000001436,1.9362771,1.9362771,0.0,0.0,0.2951370099999998,0.1475685049999999,0.1475685049999999,0.5,1.0,0.5,0.5,0.5
19000254_2026-05-01T07:56:28.200072+00:00,19000254,RECOVERY,RESUME_GRADUALLY,1.0,0.5,0.0,0.0,0.0,0.0,0.040016,0.020008,0.020008,0.5,0.0,0.0,0.0,0.0,1.8690176,1.8690176,0.0,0.0,0.22691776,0.11345888,0.11345888,0.5,1.0,0.5,0.5,0.5
19000255_2026-05-01T07:57:28.932316+00:00,19000255,NORMAL,EXECUTE_FULL,1.0,1.0,0.0,0.0,0.0,0.0,0.0422949999999999,0.0422949999999999,0.0,0.0,0.0,0.0,0.0,0.0,1.8715245,1.8715245,0.0,0.0,0.22944745,0.22944745,0.0,0.0,1.0,1.0,0.0,0.0
19000256_2026-05-01T07:58:29.651862+00:00,19000256,NORMAL,EXECUTE_FULL,1.0,1.0,0.0,0.0,0.0,0.0,0.038532,0.038532,0.0,0.0,0.0,0.0,0.0,0.0,1.8673852,1.8673852,0.0,0.0,0.22527052,0.22527052,0.0,0.0,1.0,1.0,0.0,0.0
19000257_2026-05-01T07:59:30.351954+00:00,19000257,NORMAL,EXECUTE_FULL,1.0,1.0,0.0,0.0,0.0,0.0,0.032891,0.032891,0.0,0.0,0.0,0.0,0.0,0.0,1.8611801,1.8611801,0.0,0.0,0.21900901,0.21900901,0.0,0.0,1.0,1.0,0.0,0.0
19000258_2026-05-01T08:00:31.155565+00:00,19000258,NORMAL,EXECUTE_FULL,1.0,1.0,0.0,0.0,0.0,0.0,0.030397,0.030397,0.0,0.0,0.0,0.0,0.0,0.0,1.8584367,1.8584367,0.0,0.0,0.21624067,0.21624067,0.0,0.0,1.0,1.0,0.0,0.0
19000259_2026-05-01T08:01:31.939974+00:00,19000259,NORMAL,EXECUTE_FULL,1.0,1.0,0.0,0.0,0.0,0.0,0.0311,0.0311,0.0,0.0,0.0,0.0,0.0,0.0,1.85921,1.85921,0.0,0.0,0.217021,0.217021,0.0,0.0,1.0,1.0,0.0,0.0
19000260_2026-05-01T08:02:32.515722+00:00,19000260,NORMAL,EXECUTE_FULL,1.0,1.0,0.0,0.0,0.0,0.0,0.0312599999999999,0.0312599999999999,0.0,0.0,0.0,0.0,0.0,0.0,1.859386,1.859386,0.0,0.0,0.2171985999999999,0.2171985999999999,0.0,0.0,1.0,1.0,0.0,0.0
19000261_2026-05-01T08:03:33.253034+00:00,19000261,NORMAL,EXECUTE_FULL,1.0,1.0,0.0,0.0,0.0,0.0,0.0332909999999999,0.0332909999999999,0.0,0.0,0.0,0.0,0.0,0.0,1.8616201,1.8616201,0.0,0.0,0.2194530099999999,0.2194530099999999,0.0,0.0,1.0,1.0,0.0,0.0
19000262_2026-05-01T08:04:34.081978+00:00,19000262,NORMAL,EXECUTE_FULL,1.0,1.0,0.0,0.0,0.0,0.0,0.0397079999999999,0.0397079999999999,0.0,0.0,0.0,0.0,0.0,0.0,1.8686788,1.8686788,0.0,0.0,0.2265758799999999,0.2265758799999999,0.0,0.0,1.0,1.0,0.0,0.0
19000263_2026-05-01T08:05:34.716906+00:00,19000263,NORMAL,EXECUTE_FULL,1.0,1.0,0.0,0.0,0.0,0.0,0.037532,0.037532,0.0,0.0,0.0,0.0,0.0,0.0,1.8662852,1.8662852,0.0,0.0,0.22416052,0.22416052,0.0,0.0,1.0,1.0,0.0,0.0
19000264_2026-05-01T08:06:35.523796+00:00,19000264,NORMAL,EXECUTE_FULL,1.0,1.0,0.0,0.0,0.0,0.0,0.037579,0.037579,0.0,0.0,0.0,0.0,0.0,0.0,1.8663369,1.8663369,0.0,0.0,0.22421269,0.22421269,0.0,0.0,1.0,1.0,0.0,0.0
19000265_2026-05-01T08:07:36.367783+00:00,19000265,NORMAL,EXECUTE_FULL,1.0,1.0,0.0,0.0,0.0,0.0,0.034061,0.034061,0.0,0.0,0.0,0.0,0.0,0.0,1.8624671,1.8624671,0.0,0.0,0.22030771,0.22030771,0.0,0.0,1.0,1.0,0.0,0.0
19000266_2026-05-01T08:08:24.926476+00:00,19000266,NORMAL,EXECUTE_FULL,1.0,1.0,0.0,0.0,0.0,0.0,0.041294,0.041294,0.0,0.0,0.0,0.0,0.0,0.0,1.8704234,1.8704234,0.0,0.0,0.22833634,0.22833634,0.0,0.0,1.0,1.0,0.0,0.0
19000267_2026-05-01T08:09:25.598969+00:00,19000267,NORMAL,EXECUTE_FULL,1.0,1.0,0.0,0.0,0.0,0.0,0.0350829999999999,0.0350829999999999,0.0,0.0,0.0,0.0,0.0,0.0,1.8635913,1.8635913,0.0,0.0,0.22144213,0.22144213,0.0,0.0,1.0,1.0,0.0,0.0
19000268_2026-05-01T08:10:26.356889+00:00,19000268,NORMAL,EXECUTE_FULL,1.0,1.0,0.0,0.0,0.0,0.0,0.031298,0.031298,0.0,0.0,0.0,0.0,0.0,0.0,1.8594278,1.8594278,0.0,0.0,0.21724078,0.21724078,0.0,0.0,1.0,1.0,0.0,0.0
19000269_2026-05-01T08:11:27.090264+00:00,19000269,NORMAL,EXECUTE_FULL,1.0,1.0,0.0,0.0,0.0,0.0,0.0282219999999999,0.0282219999999999,0.0,0.0,0.0,0.0,0.0,0.0,1.8560442,1.8560442,0.0,0.0,0.2138264199999999,0.2138264199999999,0.0,0.0,1.0,1.0,0.0,0.0
19000270_2026-05-01T08:12:27.856621+00:00,19000270,NORMAL,EXECUTE_FULL,1.0,1.0,0.0,0.0,0.0,0.0,0.029212,0.029212,0.0,0.0,0.0,0.0,0.0,0.0,1.8571332,1.8571332,0.0,0.0,0.21492532,0.21492532,0.0,0.0,1.0,1.0,0.0,0.0
19000271_2026-05-01T08:13:28.631669+00:00,19000271,NORMAL,EXECUTE_FULL,1.0,1.0,0.0,0.0,0.0,0.0,0.0287439999999999,0.0287439999999999,0.0,0.0,0.0,0.0,0.0,0.0,1.8566184,1.8566184,0.0,0.0,0.21440584,0.21440584,0.0,0.0,1.0,1.0,0.0,0.0
19000272_2026-05-01T08:14:29.409156+00:00,19000272,NORMAL,EXECUTE_FULL,1.0,1.0,0.0,0.0,0.0,0.0,0.038513,0.038513,0.0,0.0,0.0,0.0,0.0,0.0,1.8673643,1.8673643,0.0,0.0,0.22524943,0.22524943,0.0,0.0,1.0,1.0,0.0,0.0
19000273_2026-05-01T08:15:30.169900+00:00,19000273,NORMAL,EXECUTE_FULL,1.0,1.0,0.0,0.0,0.0,0.0,0.036174,0.036174,0.0,0.0,0.0,0.0,0.0,0.0,1.8647914,1.8647914,0.0,0.0,0.22265314,0.22265314,0.0,0.0,1.0,1.0,0.0,0.0
19000274_2026-05-01T08:16:31.055376+00:00,19000274,NORMAL,EXECUTE_FULL,1.0,1.0,0.0,0.0,0.0,0.0,0.036717,0.036717,0.0,0.0,0.0,0.0,0.0,0.0,1.8653887,1.8653887,0.0,0.0,0.22325587,0.22325587,0.0,0.0,1.0,1.0,0.0,0.0
19000275_2026-05-01T08:17:31.849209+00:00,19000275,NORMAL,EXECUTE_FULL,1.0,1.0,0.0,0.0,0.0,0.0,0.0429389999999999,0.0429389999999999,0.0,0.0,0.0,0.0,0.0,0.0,1.8722329,1.8722329,0.0,0.0,0.2301622899999999,0.2301622899999999,0.0,0.0,1.0,1.0,0.0,0.0
19000276_2026-05-01T08:18:32.523196+00:00,19000276,NORMAL,EXECUTE_FULL,1.0,1.0,0.0,0.0,0.0,0.0,0.04559,0.04559,0.0,0.0,0.0,0.0,0.0,0.0,1.875149,1.875149,0.0,0.0,0.2331049,0.2331049,0.0,0.0,1.0,1.0,0.0,0.0
19000277_2026-05-01T08:19:33.256271+00:00,19000277,NORMAL,EXECUTE_FULL,1.0,1.0,0.0,0.0,0.0,0.0,0.046015,0.046015,0.0,0.0,0.0,0.0,0.0,0.0,1.8756165,1.8756165,0.0,0.0,0.23357665,0.23357665,0.0,0.0,1.0,1.0,0.0,0.0
19000278_2026-05-01T08:20:34.004687+00:00,19000278,NORMAL,EXECUTE_FULL,1.0,1.0,0.0,0.0,0.0,0.0,0.0503,0.0503,0.0,0.0,0.0,0.0,0.0,0.0,1.88033,1.88033,0.0,0.0,0.238333,0.238333,0.0,0.0,1.0,1.0,0.0,0.0
19000279_2026-05-01T08:21:34.736397+00:00,19000279,NORMAL,EXECUTE_FULL,1.0,1.0,0.0,0.0,0.0,0.0,0.0483249999999999,0.0483249999999999,0.0,0.0,0.0,0.0,0.0,0.0,1.8781575,1.8781575,0.0,0.0,0.2361407499999999,0.2361407499999999,0.0,0.0,1.0,1.0,0.0,0.0
19000280_2026-05-01T08:22:35.422196+00:00,19000280,NORMAL,EXECUTE_FULL,1.0,1.0,0.0,0.0,0.0,0.0,0.0472989999999999,0.0472989999999999,0.0,0.0,0.0,0.0,0.0,0.0,1.8770289,1.8770289,0.0,0.0,0.23500189,0.23500189,0.0,0.0,1.0,1.0,0.0,0.0
19000281_2026-05-01T08:23:36.187482+00:00,19000281,NORMAL,EXECUTE_FULL,1.0,1.0,0.0,0.0,0.0,0.0,0.0513609999999999,0.0513609999999999,0.0,0.0,0.0,0.0,0.0,0.0,1.8814971,1.8814971,0.0,0.0,0.23951071,0.23951071,0.0,0.0,1.0,1.0,0.0,0.0
19000282_2026-05-01T08:24:24.804564+00:00,19000282,NORMAL,EXECUTE_FULL,1.0,1.0,0.0,0.0,0.0,0.0,0.057702,0.057702,0.0,0.0,0.0,0.0,0.0,0.0,1.8884722,1.8884722,0.0,0.0,0.24654922,0.24654922,0.0,0.0,1.0,1.0,0.0,0.0
19000283_2026-05-01T08:25:25.470735+00:00,19000283,NORMAL,EXECUTE_FULL,1.0,1.0,0.0,0.0,0.0,0.0,0.055123,0.055123,0.0,0.0,0.0,0.0,0.0,0.0,1.8856353,1.8856353,0.0,0.0,0.24368653,0.24368653,0.0,0.0,1.0,1.0,0.0,0.0
19000284_2026-05-01T08:26:26.242162+00:00,19000284,NORMAL,EXECUTE_FULL,1.0,1.0,0.0,0.0,0.0,0.0,0.0632369999999999,0.0632369999999999,0.0,0.0,0.0,0.0,0.0,0.0,1.8945607,1.8945607,0.0,0.0,0.2526930699999999,0.2526930699999999,0.0,0.0,1.0,1.0,0.0,0.0
19000285_2026-05-01T08:27:26.935506+00:00,19000285,NORMAL,EXECUTE_FULL,1.0,1.0,0.0,0.0,0.0,0.0,0.062691,0.062691,0.0,0.0,0.0,0.0,0.0,0.0,1.8939601,1.8939601,0.0,0.0,0.2520870100000001,0.2520870100000001,0.0,0.0,1.0,1.0,0.0,0.0
19000286_2026-05-01T08:28:27.750657+00:00,19000286,NORMAL,EXECUTE_FULL,1.0,1.0,0.0,0.0,0.0,0.0,0.0664609999999999,0.0664609999999999,0.0,0.0,0.0,0.0,0.0,0.0,1.8981071,1.8981071,0.0,0.0,0.25627171,0.25627171,0.0,0.0,1.0,1.0,0.0,0.0
19000287_2026-05-01T08:29:28.622056+00:00,19000287,NORMAL,EXECUTE_FULL,1.0,1.0,0.0,0.0,0.0,0.0,0.076014,0.076014,0.0,0.0,0.0,0.0,0.0,0.0,1.9086154,1.9086154,0.0,0.0,0.26687554,0.26687554,0.0,0.0,1.0,1.0,0.0,0.0
19000288_2026-05-01T08:30:29.442793+00:00,19000288,NORMAL,EXECUTE_FULL,1.0,1.0,0.0,0.0,0.0,0.0,0.0820689999999999,0.0820689999999999,0.0,0.0,0.0,0.0,0.0,0.0,1.9152759,1.9152759,0.0,0.0,0.2735965899999999,0.2735965899999999,0.0,0.0,1.0,1.0,0.0,0.0
19000289_2026-05-01T08:31:30.188138+00:00,19000289,NORMAL,EXECUTE_FULL,1.0,1.0,0.0,0.0,0.0,0.0,0.084785,0.084785,0.0,0.0,0.0,0.0,0.0,0.0,1.9182635,1.9182635,0.0,0.0,0.27661135,0.27661135,0.0,0.0,1.0,1.0,0.0,0.0
19000290_2026-05-01T08:32:31.062484+00:00,19000290,NORMAL,EXECUTE_FULL,1.0,1.0,0.0,0.0,0.0,0.0,0.093665,0.093665,0.0,0.0,0.0,0.0,0.0,0.0,1.9280315,1.9280315,0.0,0.0,0.28646815,0.28646815,0.0,0.0,1.0,1.0,0.0,0.0
19000291_2026-05-01T08:33:31.948597+00:00,19000291,NORMAL,EXECUTE_FULL,1.0,1.0,0.0,0.0,0.0,0.0,0.094122,0.094122,0.0,0.0,0.0,0.0,0.0,0.0,1.9285342,1.9285342,0.0,0.0,0.2869754200000001,0.2869754200000001,0.0,0.0,1.0,1.0,0.0,0.0
19000292_2026-05-01T08:34:32.701185+00:00,19000292,NORMAL,EXECUTE_FULL,1.0,1.0,0.0,0.0,0.0,0.0,0.0866489999999999,0.0866489999999999,0.0,0.0,0.0,0.0,0.0,0.0,1.9203139,1.9203139,0.0,0.0,0.27868039,0.27868039,0.0,0.0,1.0,1.0,0.0,0.0
19000293_2026-05-01T08:35:33.555593+00:00,19000293,NORMAL,EXECUTE_FULL,1.0,1.0,0.0,0.0,0.0,0.0,0.0854329999999999,0.0854329999999999,0.0,0.0,0.0,0.0,0.0,0.0,1.9189763,1.9189763,0.0,0.0,0.27733063,0.27733063,0.0,0.0,1.0,1.0,0.0,0.0
19000294_2026-05-01T08:36:34.407498+00:00,19000294,NORMAL,EXECUTE_FULL,1.0,1.0,0.0,0.0,0.0,0.0,0.0886719999999999,0.0886719999999999,0.0,0.0,0.0,0.0,0.0,0.0,1.9225392,1.9225392,0.0,0.0,0.28092592,0.28092592,0.0,0.0,1.0,1.0,0.0,0.0
19000295_2026-05-01T08:37:35.169235+00:00,19000295,NORMAL,EXECUTE_FULL,1.0,1.0,0.0,0.0,0.0,0.0,0.086608,0.086608,0.0,0.0,0.0,0.0,0.0,0.0,1.9202688,1.9202688,0.0,0.0,0.27863488,0.27863488,0.0,0.0,1.0,1.0,0.0,0.0
19000296_2026-05-01T08:38:35.908506+00:00,19000296,NORMAL,EXECUTE_FULL,1.0,1.0,0.0,0.0,0.0,0.0,0.085983,0.085983,0.0,0.0,0.0,0.0,0.0,0.0,1.9195813,1.9195813,0.0,0.0,0.2779411300000001,0.2779411300000001,0.0,0.0,1.0,1.0,0.0,0.0
19000297_2026-05-01T08:39:24.451578+00:00,19000297,NORMAL,EXECUTE_FULL,1.0,1.0,0.0,0.0,0.0,0.0,0.0801009999999999,0.0801009999999999,0.0,0.0,0.0,0.0,0.0,0.0,1.9131111,1.9131111,0.0,0.0,0.27141211,0.27141211,0.0,0.0,1.0,1.0,0.0,0.0
19000298_2026-05-01T08:40:24.961500+00:00,19000298,NORMAL,EXECUTE_FULL,1.0,1.0,0.0,0.0,0.0,0.0,0.070698,0.070698,0.0,0.0,0.0,0.0,0.0,0.0,1.9027678,1.9027678,0.0,0.0,0.2609747800000001,0.2609747800000001,0.0,0.0,1.0,1.0,0.0,0.0
19000299_2026-05-01T08:41:25.636860+00:00,19000299,NORMAL,EXECUTE_FULL,1.0,1.0,0.0,0.0,0.0,0.0,0.0722509999999999,0.0722509999999999,0.0,0.0,0.0,0.0,0.0,0.0,1.9044761,1.9044761,0.0,0.0,0.2626986099999999,0.2626986099999999,0.0,0.0,1.0,1.0,0.0,0.0
19000300_2026-05-01T08:42:26.265020+00:00,19000300,NORMAL,EXECUTE_FULL,1.0,1.0,0.0,0.0,0.0,0.0,0.0709199999999999,0.0709199999999999,0.0,0.0,0.0,0.0,0.0,0.0,1.903012,1.903012,0.0,0.0,0.2612212,0.2612212,0.0,0.0,1.0,1.0,0.0,0.0
19000301_2026-05-01T08:43:26.831942+00:00,19000301,NORMAL,EXECUTE_FULL,1.0,1.0,0.0,0.0,0.0,0.0,0.0727339999999999,0.0727339999999999,0.0,0.0,0.0,0.0,0.0,0.0,1.9050074,1.9050074,0.0,0.0,0.2632347399999999,0.2632347399999999,0.0,0.0,1.0,1.0,0.0,0.0
19000302_2026-05-01T08:44:27.377632+00:00,19000302,NORMAL,EXECUTE_FULL,1.0,1.0,0.0,0.0,0.0,0.0,0.0752749999999999,0.0752749999999999,0.0,0.0,0.0,0.0,0.0,0.0,1.9078025,1.9078025,0.0,0.0,0.2660552499999999,0.2660552499999999,0.0,0.0,1.0,1.0,0.0,0.0
19000303_2026-05-01T08:45:28.238528+00:00,19000303,NORMAL,EXECUTE_FULL,1.0,1.0,0.0,0.0,0.0,0.0,0.073717,0.073717,0.0,0.0,0.0,0.0,0.0,0.0,1.9060887,1.9060887,0.0,0.0,0.2643258700000001,0.2643258700000001,0.0,0.0,1.0,1.0,0.0,0.0
19000304_2026-05-01T08:46:29.471182+00:00,19000304,NORMAL,EXECUTE_FULL,1.0,1.0,0.0,0.0,0.0,0.0,0.0650549999999999,0.0650549999999999,0.0,0.0,0.0,0.0,0.0,0.0,1.8965605,1.8965605,0.0,0.0,0.25471105,0.25471105,0.0,0.0,1.0,1.0,0.0,0.0
19000305_2026-05-01T08:47:29.959518+00:00,19000305,NORMAL,EXECUTE_FULL,1.0,1.0,0.0,0.0,0.0,0.0,0.0570159999999999,0.0570159999999999,0.0,0.0,0.0,0.0,0.0,0.0,1.8877176,1.8877176,0.0,0.0,0.2457877599999999,0.2457877599999999,0.0,0.0,1.0,1.0,0.0,0.0
19000306_2026-05-01T09:28:28.267937+00:00,19000306,NORMAL,EXECUTE_FULL,1.0,1.0,0.0,0.0,0.0,0.0,0.051427,0.051427,0.0,0.0,0.0,0.0,0.0,0.0,1.8815697,1.8815697,0.0,0.0,0.23958397,0.23958397,0.0,0.0,1.0,1.0,0.0,0.0
19000307_2026-05-01T09:29:29.168171+00:00,19000307,NORMAL,EXECUTE_FULL,1.0,1.0,0.0,0.0,0.0,0.0,0.0546649999999999,0.0546649999999999,0.0,0.0,0.0,0.0,0.0,0.0,1.8851315,1.8851315,0.0,0.0,0.2431781499999999,0.2431781499999999,0.0,0.0,1.0,1.0,0.0,0.0
19000308_2026-05-01T09:30:30.118354+00:00,19000308,NORMAL,EXECUTE_FULL,1.0,1.0,0.0,0.0,0.0,0.0,0.0455609999999999,0.0455609999999999,0.0,0.0,0.0,0.0,0.0,0.0,1.8751171,1.8751171,0.0,0.0,0.2330727099999999,0.2330727099999999,0.0,0.0,1.0,1.0,0.0,0.0
19000309_2026-05-01T09:31:30.975997+00:00,19000309,NORMAL,EXECUTE_FULL,1.0,1.0,0.0,0.0,0.0,0.0,0.0512059999999999,0.0512059999999999,0.0,0.0,0.0,0.0,0.0,0.0,1.8813266,1.8813266,0.0,0.0,0.2393386599999999,0.2393386599999999,0.0,0.0,1.0,1.0,0.0,0.0
19000310_2026-05-01T09:32:31.824408+00:00,19000310,NORMAL,EXECUTE_FULL,1.0,1.0,0.0,0.0,0.0,0.0,0.0534909999999999,0.0534909999999999,0.0,0.0,0.0,0.0,0.0,0.0,1.8838401,1.8838401,0.0,0.0,0.2418750099999999,0.2418750099999999,0.0,0.0,1.0,1.0,0.0,0.0
19000311_2026-05-01T09:33:32.571951+00:00,19000311,NORMAL,EXECUTE_FULL,1.0,1.0,0.0,0.0,0.0,0.0,0.04942,0.04942,0.0,0.0,0.0,0.0,0.0,0.0,1.879362,1.879362,0.0,0.0,0.2373562,0.2373562,0.0,0.0,1.0,1.0,0.0,0.0
19000312_2026-05-01T09:34:33.468099+00:00,19000312,NORMAL,EXECUTE_FULL,1.0,1.0,0.0,0.0,0.0,0.0,0.0402799999999999,0.0402799999999999,0.0,0.0,0.0,0.0,0.0,0.0,1.869308,1.869308,0.0,0.0,0.2272108,0.2272108,0.0,0.0,1.0,1.0,0.0,0.0
19000313_2026-05-01T09:35:34.361706+00:00,19000313,NORMAL,EXECUTE_FULL,1.0,1.0,0.0,0.0,0.0,0.0,0.035744,0.035744,0.0,0.0,0.0,0.0,0.0,0.0,1.8643184,1.8643184,0.0,0.0,0.22217584,0.22217584,0.0,0.0,1.0,1.0,0.0,0.0
19000314_2026-05-01T09:36:35.079112+00:00,19000314,NORMAL,EXECUTE_FULL,1.0,1.0,0.0,0.0,0.0,0.0,0.0395879999999999,0.0395879999999999,0.0,0.0,0.0,0.0,0.0,0.0,1.8685468,1.8685468,0.0,0.0,0.2264426799999999,0.2264426799999999,0.0,0.0,1.0,1.0,0.0,0.0
19000315_2026-05-01T09:37:35.781052+00:00,19000315,NORMAL,EXECUTE_FULL,1.0,1.0,0.0,0.0,0.0,0.0,0.035861,0.035861,0.0,0.0,0.0,0.0,0.0,0.0,1.8644471,1.8644471,0.0,0.0,0.22230571,0.22230571,0.0,0.0,1.0,1.0,0.0,0.0
19000316_2026-05-01T09:38:24.419208+00:00,19000316,NORMAL,EXECUTE_FULL,1.0,1.0,0.0,0.0,0.0,0.0,0.035058,0.035058,0.0,0.0,0.0,0.0,0.0,0.0,1.8635638,1.8635638,0.0,0.0,0.22141438,0.22141438,0.0,0.0,1.0,1.0,0.0,0.0
19000317_2026-05-01T09:39:25.091820+00:00,19000317,NORMAL,EXECUTE_FULL,1.0,1.0,0.0,0.0,0.0,0.0,0.029317,0.029317,0.0,0.0,0.0,0.0,0.0,0.0,1.8572487,1.8572487,0.0,0.0,0.21504187,0.21504187,0.0,0.0,1.0,1.0,0.0,0.0
19000318_2026-05-01T09:40:25.797190+00:00,19000318,NORMAL,EXECUTE_FULL,1.0,1.0,0.0,0.0,0.0,0.0,0.022096,0.022096,0.0,0.0,0.0,0.0,0.0,0.0,1.8493056,1.8493056,0.0,0.0,0.20702656,0.20702656,0.0,0.0,1.0,1.0,0.0,0.0
19000319_2026-05-01T09:41:26.438109+00:00,19000319,NORMAL,EXECUTE_FULL,1.0,1.0,0.0,0.0,0.0,0.0,0.022028,0.022028,0.0,0.0,0.0,0.0,0.0,0.0,1.8492308,1.8492308,0.0,0.0,0.20695108,0.20695108,0.0,0.0,1.0,1.0,0.0,0.0
19000320_2026-05-01T09:42:27.198994+00:00,19000320,NORMAL,EXECUTE_FULL,1.0,1.0,0.0,0.0,0.0,0.0,0.026317,0.026317,0.0,0.0,0.0,0.0,0.0,0.0,1.8539487,1.8539487,0.0,0.0,0.21171187,0.21171187,0.0,0.0,1.0,1.0,0.0,0.0
19000321_2026-05-01T09:43:28.043499+00:00,19000321,NORMAL,EXECUTE_FULL,1.0,1.0,0.0,0.0,0.0,0.0,0.031613,0.031613,0.0,0.0,0.0,0.0,0.0,0.0,1.8597743,1.8597743,0.0,0.0,0.21759043,0.21759043,0.0,0.0,1.0,1.0,0.0,0.0
19000322_2026-05-01T09:44:28.770696+00:00,19000322,NORMAL,EXECUTE_FULL,1.0,1.0,0.0,0.0,0.0,0.0,0.0317159999999999,0.0317159999999999,0.0,0.0,0.0,0.0,0.0,0.0,1.8598876,1.8598876,0.0,0.0,0.2177047599999999,0.2177047599999999,0.0,0.0,1.0,1.0,0.0,0.0
19000323_2026-05-01T09:45:29.498874+00:00,19000323,NORMAL,EXECUTE_FULL,1.0,1.0,0.0,0.0,0.0,0.0,0.0263989999999999,0.0263989999999999,0.0,0.0,0.0,0.0,0.0,0.0,1.8540389,1.8540389,0.0,0.0,0.2118028899999999,0.2118028899999999,0.0,0.0,1.0,1.0,0.0,0.0
19000324_2026-05-01T09:46:30.308203+00:00,19000324,NORMAL,EXECUTE_FULL,1.0,1.0,0.0,0.0,0.0,0.0,0.0202029999999999,0.0202029999999999,0.0,0.0,0.0,0.0,0.0,0.0,1.8472233,1.8472233,0.0,0.0,0.20492533,0.20492533,0.0,0.0,1.0,1.0,0.0,0.0
19000325_2026-05-01T09:47:31.202996+00:00,19000325,NORMAL,EXECUTE_FULL,1.0,1.0,0.0,0.0,0.0,0.0,0.0244649999999999,0.0244649999999999,0.0,0.0,0.0,0.0,0.0,0.0,1.8519115,1.8519115,0.0,0.0,0.2096561499999999,0.2096561499999999,0.0,0.0,1.0,1.0,0.0,0.0
19000326_2026-05-01T09:48:31.987902+00:00,19000326,NORMAL,EXECUTE_FULL,1.0,1.0,0.0,0.0,0.0,0.0,0.032074,0.032074,0.0,0.0,0.0,0.0,0.0,0.0,1.8602814,1.8602814,0.0,0.0,0.21810214,0.21810214,0.0,0.0,1.0,1.0,0.0,0.0
19000327_2026-05-01T09:49:32.851347+00:00,19000327,NORMAL,EXECUTE_FULL,1.0,1.0,0.0,0.0,0.0,0.0,0.031247,0.031247,0.0,0.0,0.0,0.0,0.0,0.0,1.8593717,1.8593717,0.0,0.0,0.21718417,0.21718417,0.0,0.0,1.0,1.0,0.0,0.0
19000328_2026-05-01T09:50:33.538574+00:00,19000328,NORMAL,EXECUTE_FULL,1.0,1.0,0.0,0.0,0.0,0.0,0.03356,0.03356,0.0,0.0,0.0,0.0,0.0,0.0,1.861916,1.861916,0.0,0.0,0.2197516,0.2197516,0.0,0.0,1.0,1.0,0.0,0.0
19000329_2026-05-01T09:51:34.386648+00:00,19000329,NORMAL,EXECUTE_FULL,1.0,1.0,0.0,0.0,0.0,0.0,0.0335229999999999,0.0335229999999999,0.0,0.0,0.0,0.0,0.0,0.0,1.8618753,1.8618753,0.0,0.0,0.2197105299999999,0.2197105299999999,0.0,0.0,1.0,1.0,0.0,0.0
19000330_2026-05-01T09:52:35.161382+00:00,19000330,NORMAL,EXECUTE_FULL,1.0,1.0,0.0,0.0,0.0,0.0,0.029876,0.029876,0.0,0.0,0.0,0.0,0.0,0.0,1.8578636,1.8578636,0.0,0.0,0.21566236,0.21566236,0.0,0.0,1.0,1.0,0.0,0.0
19000331_2026-05-01T09:53:35.818964+00:00,19000331,NORMAL,EXECUTE_FULL,1.0,1.0,0.0,0.0,0.0,0.0,0.0305079999999999,0.0305079999999999,0.0,0.0,0.0,0.0,0.0,0.0,1.8585588,1.8585588,0.0,0.0,0.2163638799999999,0.2163638799999999,0.0,0.0,1.0,1.0,0.0,0.0
19000332_2026-05-01T09:54:24.397291+00:00,19000332,NORMAL,EXECUTE_FULL,1.0,1.0,0.0,0.0,0.0,0.0,0.034437,0.034437,0.0,0.0,0.0,0.0,0.0,0.0,1.8628807,1.8628807,0.0,0.0,0.22072507,0.22072507,0.0,0.0,1.0,1.0,0.0,0.0
19000333_2026-05-01T09:55:25.119789+00:00,19000333,NORMAL,EXECUTE_FULL,1.0,1.0,0.0,0.0,0.0,0.0,0.035966,0.035966,0.0,0.0,0.0,0.0,0.0,0.0,1.8645626,1.8645626,0.0,0.0,0.2224222600000001,0.2224222600000001,0.0,0.0,1.0,1.0,0.0,0.0
19000334_2026-05-01T09:56:25.885100+00:00,19000334,NORMAL,EXECUTE_FULL,1.0,1.0,0.0,0.0,0.0,0.0,0.027173,0.027173,0.0,0.0,0.0,0.0,0.0,0.0,1.8548903,1.8548903,0.0,0.0,0.21266203,0.21266203,0.0,0.0,1.0,1.0,0.0,0.0
19000335_2026-05-01T09:57:26.551495+00:00,19000335,NORMAL,EXECUTE_FULL,1.0,1.0,0.0,0.0,0.0,0.0,0.0341569999999999,0.0341569999999999,0.0,0.0,0.0,0.0,0.0,0.0,1.8625727,1.8625727,0.0,0.0,0.22041427,0.22041427,0.0,0.0,1.0,1.0,0.0,0.0
19000336_2026-05-01T09:58:27.409775+00:00,19000336,NORMAL,EXECUTE_FULL,1.0,1.0,0.0,0.0,0.0,0.0,0.036317,0.036317,0.0,0.0,0.0,0.0,0.0,0.0,1.8649487,1.8649487,0.0,0.0,0.22281187,0.22281187,0.0,0.0,1.0,1.0,0.0,0.0
19000337_2026-05-01T09:59:28.267916+00:00,19000337,NORMAL,EXECUTE_FULL,1.0,1.0,0.0,0.0,0.0,0.0,0.043382,0.043382,0.0,0.0,0.0,0.0,0.0,0.0,1.8727202,1.8727202,0.0,0.0,0.23065402,0.23065402,0.0,0.0,1.0,1.0,0.0,0.0
19000338_2026-05-01T10:00:29.134315+00:00,19000338,NORMAL,EXECUTE_FULL,1.0,1.0,0.0,0.0,0.0,0.0,0.042961,0.042961,0.0,0.0,0.0,0.0,0.0,0.0,1.8722571,1.8722571,0.0,0.0,0.23018671,0.23018671,0.0,0.0,1.0,1.0,0.0,0.0
19000339_2026-05-01T10:01:29.918601+00:00,19000339,NORMAL,EXECUTE_FULL,1.0,1.0,0.0,0.0,0.0,0.0,0.043834,0.043834,0.0,0.0,0.0,0.0,0.0,0.0,1.8732174,1.8732174,0.0,0.0,0.23115574,0.23115574,0.0,0.0,1.0,1.0,0.0,0.0
19000340_2026-05-01T10:02:30.689317+00:00,19000340,NORMAL,EXECUTE_FULL,1.0,1.0,0.0,0.0,0.0,0.0,0.0401139999999999,0.0401139999999999,0.0,0.0,0.0,0.0,0.0,0.0,1.8691254,1.8691254,0.0,0.0,0.22702654,0.22702654,0.0,0.0,1.0,1.0,0.0,0.0
19000341_2026-05-01T10:03:31.562678+00:00,19000341,NORMAL,EXECUTE_FULL,1.0,1.0,0.0,0.0,0.0,0.0,0.04654,0.04654,0.0,0.0,0.0,0.0,0.0,0.0,1.876194,1.876194,0.0,0.0,0.2341594,0.2341594,0.0,0.0,1.0,1.0,0.0,0.0
19000342_2026-05-01T10:04:32.352332+00:00,19000342,NORMAL,EXECUTE_FULL,1.0,1.0,0.0,0.0,0.0,0.0,0.090847,0.090847,0.0,0.0,0.0,0.0,0.0,0.0,1.9249317,1.9249317,0.0,0.0,0.28334017,0.28334017,0.0,0.0,1.0,1.0,0.0,0.0
19000343_2026-05-01T10:05:33.215288+00:00,19000343,NORMAL,EXECUTE_FULL,1.0,1.0,0.0,0.0,0.0,0.0,0.0902979999999999,0.0902979999999999,0.0,0.0,0.0,0.0,0.0,0.0,1.9243278,1.9243278,0.0,0.0,0.2827307799999999,0.2827307799999999,0.0,0.0,1.0,1.0,0.0,0.0
19000344_2026-05-01T10:06:34.020145+00:00,19000344,NORMAL,EXECUTE_FULL,1.0,1.0,0.0,0.0,0.0,0.0,0.0882049999999999,0.0882049999999999,0.0,0.0,0.0,0.0,0.0,0.0,1.9220255,1.9220255,0.0,0.0,0.28040755,0.28040755,0.0,0.0,1.0,1.0,0.0,0.0
19000345_2026-05-01T10:07:34.727142+00:00,19000345,CAUTION,REDUCE_SIZE,1.0,0.5,0.0,0.0,0.0,0.0,0.1347249999999999,0.0673624999999999,0.0673625,0.5000000000000004,0.0104175,0.00520875,0.00520875,0.5,1.9731975,1.9731975,0.0,0.0,0.3424622499999999,0.1712311249999999,0.171231125,0.5000000000000001,1.0,0.5,0.5,0.5
19000346_2026-05-01T10:08:35.467030+00:00,19000346,RECOVERY,RESUME_GRADUALLY,1.0,0.5,0.0,0.0,0.0,0.0,0.139,0.0695,0.0695,0.5,0.0117,0.00585,0.00585,0.5,1.9779,1.9779,0.0,0.0,0.34849,0.174245,0.174245,0.5,1.0,0.5,0.5,0.5
19000347_2026-05-01T10:09:36.250750+00:00,19000347,CAUTION,REDUCE_SIZE,1.0,0.5,0.0,0.0,0.0,0.0,0.141036,0.070518,0.070518,0.5,0.0123108,0.0061554,0.0061554,0.5,1.9801396,1.9801396,0.0,0.0,0.35136076,0.17568038,0.17568038,0.5,1.0,0.5,0.5,0.5
19000348_2026-05-01T10:10:24.726757+00:00,19000348,RECOVERY,RESUME_GRADUALLY,1.0,0.5,0.0,0.0,0.0,0.0,0.143278,0.071639,0.071639,0.5,0.0129834,0.0064917,0.0064917,0.5,1.9826058,1.9826058,0.0,0.0,0.35452198,0.17726099,0.17726099,0.5,1.0,0.5,0.5,0.5
19000349_2026-05-01T10:11:25.488521+00:00,19000349,CAUTION,REDUCE_SIZE,1.0,0.5,0.0,0.0,0.0,0.0,0.1432839999999999,0.0716419999999999,0.07164200000000001,0.5000000000000003,0.0129851999999999,0.0064925999999999,0.0064926,0.5000000000000039,1.9826124,1.9826124,0.0,0.0,0.3545304399999999,0.1772652199999999,0.17726522,0.5000000000000001,1.0,0.5,0.5,0.5
19000350_2026-05-01T10:12:26.173943+00:00,19000350,RECOVERY,RESUME_GRADUALLY,1.0,0.5,0.0,0.0,0.0,0.0,0.133773,0.0668865,0.0668865,0.5,0.0101319,0.00506595,0.00506595,0.5,1.9721503,1.9721503,0.0,0.0,0.34111993,0.170559965,0.170559965,0.5,1.0,0.5,0.5,0.5
19000351_2026-05-01T10:13:27.019913+00:00,19000351,CAUTION,REDUCE_SIZE,1.0,0.5,0.0,0.0,0.0,0.0,0.13993,0.069965,0.069965,0.5,0.011979,0.0059895,0.0059895,0.5,1.978923,1.978923,0.0,0.0,0.3498013,0.17490065,0.17490065,0.5,1.0,0.5,0.5,0.5
19000352_2026-05-01T10:14:27.782991+00:00,19000352,RECOVERY,RESUME_GRADUALLY,1.0,0.5,0.0,0.0,0.0,0.0,0.144683,0.0723415,0.0723415,0.5,0.0134049,0.00670245,0.00670245,0.5,1.9841513,1.9841513,0.0,0.0,0.35650303,0.178251515,0.178251515,0.5,1.0,0.5,0.5,0.5
19000353_2026-05-01T10:15:28.672667+00:00,19000353,CAUTION,REDUCE_SIZE,1.0,0.5,0.0,0.0,0.0,0.0,0.147161,0.0735805,0.0735805,0.5,0.0141483,0.00707415,0.00707415,0.5,1.9868771,1.9868771,0.0,0.0,0.35999701,0.179998505,0.179998505,0.5,1.0,0.5,0.5,0.5
19000354_2026-05-01T10:16:29.470319+00:00,19000354,RECOVERY,RESUME_GRADUALLY,1.0,0.5,0.0,0.0,0.0,0.0,0.150831,0.0754155,0.0754155,0.5,0.0152493,0.00762465,0.00762465,0.5,1.9909141,1.9909141,0.0,0.0,0.36517171,0.182585855,0.182585855,0.5,1.0,0.5,0.5,0.5
19000355_2026-05-01T10:17:30.297492+00:00,19000355,CAUTION,REDUCE_SIZE,1.0,0.5,0.0,0.0,0.0,0.0,0.158733,0.0793665,0.0793665,0.5,0.0176199,0.00880995,0.00880995,0.5,1.9996063,1.9996063,0.0,0.0,0.37631353,0.188156765,0.188156765,0.5,1.0,0.5,0.5,0.5
19000356_2026-05-01T10:18:31.071267+00:00,19000356,RECOVERY,RESUME_GRADUALLY,1.0,0.5,0.0,0.0,0.0,0.0,0.159124,0.079562,0.079562,0.5,0.0177372,0.0088686,0.0088686,0.5,2.0000364,2.0000364,0.0,0.0,0.3768648400000001,0.18843242,0.1884324200000001,0.5000000000000001,1.0,0.5,0.5,0.5
19000357_2026-05-01T10:19:31.930905+00:00,19000357,CAUTION,REDUCE_SIZE,1.0,0.5,0.0,0.0,0.0,0.0,0.1495159999999999,0.0747579999999999,0.074758,0.5000000000000003,0.0148548,0.0074274,0.0074274,0.5,1.9894676,1.9894676,0.0,0.0,0.36331756,0.18165878,0.18165878,0.5,1.0,0.5,0.5,0.5
19000358_2026-05-01T10:20:32.718973+00:00,19000358,RECOVERY,RESUME_GRADUALLY,1.0,0.5,0.0,0.0,0.0,0.0,0.1527389999999999,0.0763694999999999,0.0763695,0.5000000000000003,0.0158216999999999,0.0079108499999999,0.00791085,0.5000000000000032,1.9930129,1.9930129,0.0,0.0,0.3678619899999998,0.1839309949999999,0.1839309949999999,0.5,1.0,0.5,0.5,0.5
19000359_2026-05-01T10:21:33.571560+00:00,19000359,CAUTION,REDUCE_SIZE,1.0,0.5,0.0,0.0,0.0,0.0,0.160822,0.080411,0.080411,0.5,0.0182466,0.0091233,0.0091233,0.5,2.0019042,2.0019042,0.0,0.0,0.37925902,0.18962951,0.18962951,0.5,1.0,0.5,0.5,0.5
19000360_2026-05-01T10:22:34.390250+00:00,19000360,RECOVERY,RESUME_GRADUALLY,1.0,0.5,0.0,0.0,0.0,0.0,0.151796,0.075898,0.075898,0.5,0.0155388,0.0077694,0.0077694,0.5,1.9919756,1.9919756,0.0,0.0,0.36653236,0.18326618,0.18326618,0.5,1.0,0.5,0.5,0.5
19000361_2026-05-01T10:23:35.164005+00:00,19000361,CAUTION,REDUCE_SIZE,1.0,0.5,0.0,0.0,0.0,0.0,0.1555389999999999,0.0777694999999999,0.0777695,0.5000000000000003,0.0166617,0.00833085,0.00833085,0.5,1.9960929,1.9960929,0.0,0.0,0.37180999,0.185904995,0.185904995,0.5,1.0,0.5,0.5,0.5
19000362_2026-05-01T10:24:36.079075+00:00,19000362,RECOVERY,RESUME_GRADUALLY,1.0,0.5,0.0,0.0,0.0,0.0,0.160661,0.0803305,0.0803305,0.5,0.0181983,0.00909915,0.00909915,0.5,2.0017271,2.0017271,0.0,0.0,0.3790320100000001,0.189516005,0.1895160050000001,0.5000000000000001,1.0,0.5,0.5,0.5
19000363_2026-05-01T10:25:24.758513+00:00,19000363,CAUTION,REDUCE_SIZE,1.0,0.5,0.0,0.0,0.0,0.0,0.1559439999999999,0.0779719999999999,0.07797199999999999,0.5000000000000002,0.0167831999999999,0.0083915999999999,0.0083916,0.500000000000003,1.9965384,1.9965384,0.0,0.0,0.3723810399999998,0.1861905199999999,0.1861905199999999,0.5,1.0,0.5,0.5,0.5
19000364_2026-05-01T10:26:25.514878+00:00,19000364,RECOVERY,RESUME_GRADUALLY,1.0,0.5,0.0,0.0,0.0,0.0,0.1577889999999999,0.0788944999999999,0.0788945,0.5000000000000003,0.0173366999999999,0.0086683499999999,0.00866835,0.5000000000000029,1.9985679,1.9985679,0.0,0.0,0.3749824899999998,0.1874912449999999,0.1874912449999999,0.5,1.0,0.5,0.5,0.5
19000365_2026-05-01T10:27:26.199173+00:00,19000365,CAUTION,REDUCE_SIZE,1.0,0.5,0.0,0.0,0.0,0.0,0.165255,0.0826275,0.0826275,0.5,0.0195765,0.00978825,0.00978825,0.5,2.0067805,2.0067805,0.0,0.0,0.3855095500000001,0.192754775,0.1927547750000001,0.5000000000000001,1.0,0.5,0.5,0.5
19000366_2026-05-01T10:28:26.980111+00:00,19000366,RECOVERY,RESUME_GRADUALLY,1.0,0.5,0.0,0.0,0.0,0.0,0.172029,0.0860145,0.0860145,0.5,0.0216087,0.01080435,0.01080435,0.5,2.0142319,2.0142319,0.0,0.0,0.39506089,0.197530445,0.197530445,0.5,1.0,0.5,0.5,0.5
19000367_2026-05-01T10:29:27.748184+00:00,19000367,CAUTION,REDUCE_SIZE,1.0,0.5,0.0,0.0,0.0,0.0,0.176127,0.0880635,0.0880635,0.5,0.0228381,0.01141905,0.01141905,0.5,2.0187397,2.0187397,0.0,0.0,0.4008390700000001,0.200419535,0.20041953500000007,0.5000000000000001,1.0,0.5,0.5,0.5
19000368_2026-05-01T10:30:28.506943+00:00,19000368,RECOVERY,RESUME_GRADUALLY,1.0,0.5,0.0,0.0,0.0,0.0,0.1774029999999999,0.0887014999999999,0.08870149999999999,0.5000000000000002,0.0232209,0.01161045,0.01161045,0.5,2.0201433,2.0201433,0.0,0.0,0.40263823,0.201319115,0.201319115,0.5,1.0,0.5,0.5,0.5
19000369_2026-05-01T10:31:29.283672+00:00,19000369,CAUTION,REDUCE_SIZE,1.0,0.5,0.0,0.0,0.0,0.0,0.178702,0.089351,0.089351,0.5,0.0236106,0.0118053,0.0118053,0.5,2.0215722,2.0215722,0.0,0.0,0.4044698200000001,0.20223491,0.2022349100000001,0.5000000000000001,1.0,0.5,0.5,0.5
19000370_2026-05-01T10:32:30.167517+00:00,19000370,RECOVERY,RESUME_GRADUALLY,1.0,0.5,0.0,0.0,0.0,0.0,0.17771,0.088855,0.088855,0.5,0.023313,0.0116565,0.0116565,0.5,2.020481,2.020481,0.0,0.0,0.4030711,0.20153555,0.20153555,0.5,1.0,0.5,0.5,0.5
19000371_2026-05-01T10:33:31.100670+00:00,19000371,CAUTION,REDUCE_SIZE,1.0,0.5,0.0,0.0,0.0,0.0,0.172856,0.086428,0.086428,0.5,0.0218568,0.0109284,0.0109284,0.5,2.0151416,2.0151416,0.0,0.0,0.39622696,0.19811348,0.19811348,0.5,1.0,0.5,0.5,0.5
19000372_2026-05-01T10:34:31.991029+00:00,19000372,RECOVERY,RESUME_GRADUALLY,1.0,0.5,0.0,0.0,0.0,0.0,0.173131,0.0865655,0.0865655,0.5,0.0219393,0.01096965,0.01096965,0.5,2.0154441,2.0154441,0.0,0.0,0.39661471,0.198307355,0.198307355,0.5,1.0,0.5,0.5,0.5
19000373_2026-05-01T10:35:32.826900+00:00,19000373,CAUTION,REDUCE_SIZE,1.0,0.5,0.0,0.0,0.0,0.0,0.181498,0.090749,0.090749,0.5,0.0244494,0.0122247,0.0122247,0.5,2.0246478000000003,2.0246478000000003,0.0,0.0,0.4084121800000001,0.20420609,0.20420609000000012,0.5000000000000001,1.0,0.5,0.5,0.5
19000374_2026-05-01T10:36:33.730621+00:00,19000374,RECOVERY,RESUME_GRADUALLY,1.0,0.5,0.0,0.0,0.0,0.0,0.188882,0.094441,0.094441,0.5,0.0266646,0.0133323,0.0133323,0.5,2.0327702,2.0327702,0.0,0.0,0.41882362,0.20941181,0.20941181,0.5,1.0,0.5,0.5,0.5
19000375_2026-05-01T10:37:34.586773+00:00,19000375,CAUTION,REDUCE_SIZE,1.0,0.5,0.0,0.0,0.0,0.0,0.182269,0.0911345,0.0911345,0.5,0.0246807,0.01234035,0.01234035,0.5,2.0254959,2.0254959,0.0,0.0,0.40949929,0.204749645,0.204749645,0.5,1.0,0.5,0.5,0.5
19000376_2026-05-01T10:38:35.464399+00:00,19000376,RECOVERY,RESUME_GRADUALLY,1.0,0.5,0.0,0.0,0.0,0.0,0.18683,0.093415,0.093415,0.5,0.026049,0.0130245,0.0130245,0.5,2.030513,2.030513,0.0,0.0,0.4159303000000001,0.20796515,0.2079651500000001,0.5000000000000001,1.0,0.5,0.5,0.5
19000377_2026-05-01T10:39:36.336725+00:00,19000377,CAUTION,REDUCE_SIZE,1.0,0.5,0.0,0.0,0.0,0.0,0.1882979999999999,0.0941489999999999,0.09414900000000001,0.5000000000000003,0.0264893999999999,0.0132446999999999,0.0132447,0.5000000000000019,2.0321278,2.0321278,0.0,0.0,0.4180001799999998,0.2090000899999999,0.2090000899999999,0.5,1.0,0.5,0.5,0.5
19000378_2026-05-01T10:40:24.886957+00:00,19000378,RECOVERY,RESUME_GRADUALLY,1.0,0.5,0.0,0.0,0.0,0.0,0.1946529999999999,0.0973264999999999,0.09732650000000001,0.5000000000000003,0.0283958999999999,0.0141979499999999,0.01419795,0.5000000000000018,2.0391183,2.0391183,0.0,0.0,0.4269607299999999,0.2134803649999999,0.213480365,0.5000000000000001,1.0,0.5,0.5,0.5
19000379_2026-05-01T10:41:25.515608+00:00,19000379,CAUTION,REDUCE_SIZE,1.0,0.5,0.0,0.0,0.0,0.0,0.1966919999999999,0.0983459999999999,0.09834599999999999,0.5000000000000002,0.0290075999999999,0.0145037999999999,0.0145038,0.5000000000000018,2.0413612,2.0413612,0.0,0.0,0.4298357199999999,0.2149178599999999,0.21491786000000002,0.5000000000000001,1.0,0.5,0.5,0.5
19000380_2026-05-01T10:42:26.357816+00:00,19000380,RECOVERY,RESUME_GRADUALLY,1.0,0.5,0.0,0.0,0.0,0.0,0.194519,0.0972595,0.0972595,0.5,0.0283557,0.01417785,0.01417785,0.5,2.0389709,2.0389709,0.0,0.0,0.42677179,0.213385895,0.213385895,0.5,1.0,0.5,0.5,0.5
19000381_2026-05-01T10:43:27.171876+00:00,19000381,CAUTION,REDUCE_SIZE,1.0,0.5,0.0,0.0,0.0,0.0,0.1956,0.0978,0.0978,0.5,0.02868,0.01434,0.01434,0.5,2.04016,2.04016,0.0,0.0,0.428296,0.214148,0.214148,0.5,1.0,0.5,0.5,0.5
19000382_2026-05-01T10:44:27.943640+00:00,19000382,RECOVERY,RESUME_GRADUALLY,1.0,0.5,0.0,0.0,0.0,0.0,0.2070459999999999,0.1035229999999999,0.10352299999999999,0.5000000000000002,0.0321137999999999,0.0160568999999999,0.016056900000000002,0.5000000000000017,2.0527506,2.0527506,0.0,0.0,0.4444348599999999,0.2222174299999999,0.22221742999999997,0.5000000000000001,1.0,0.5,0.5,0.5
19000383_2026-05-01T10:45:28.775213+00:00,19000383,CAUTION,REDUCE_SIZE,1.0,0.5,0.0,0.0,0.0,0.0,0.2104399999999999,0.1052199999999999,0.10522000000000001,0.5000000000000002,0.0331319999999999,0.0165659999999999,0.016565999999999997,0.5000000000000014,2.056484,2.056484,0.0,0.0,0.4492203999999998,0.2246101999999999,0.2246101999999999,0.5,1.0,0.5,0.5,0.5
19000384_2026-05-01T10:46:29.659946+00:00,19000384,RECOVERY,RESUME_GRADUALLY,1.0,0.5,0.0,0.0,0.0,0.0,0.2089849999999999,0.1044924999999999,0.10449249999999999,0.5000000000000002,0.0326954999999999,0.0163477499999999,0.016347749999999998,0.5000000000000014,2.0548835,2.0548835,0.0,0.0,0.4471688499999998,0.2235844249999999,0.2235844249999999,0.5,1.0,0.5,0.5,0.5
19000385_2026-05-01T10:47:30.555457+00:00,19000385,CAUTION,REDUCE_SIZE,1.0,0.5,0.0,0.0,0.0,0.0,0.218816,0.109408,0.109408,0.5,0.0356448,0.0178224,0.0178224,0.5,2.0656976,2.0656976,0.0,0.0,0.46103056,0.23051528,0.23051528,0.5,1.0,0.5,0.5,0.5
19000386_2026-05-01T10:48:31.433439+00:00,19000386,RECOVERY,RESUME_GRADUALLY,1.0,0.5,0.0,0.0,0.0,0.0,0.223628,0.111814,0.111814,0.5,0.0370884,0.0185442,0.0185442,0.5,2.0709908,2.0709908,0.0,0.0,0.46781548,0.23390774,0.23390774,0.5,1.0,0.5,0.5,0.5
19000387_2026-05-01T10:49:32.232602+00:00,19000387,CAUTION,REDUCE_SIZE,1.0,0.5,0.0,0.0,0.0,0.0,0.220541,0.1102705,0.1102705,0.5,0.0361623,0.01808115,0.01808115,0.5,2.0675951,2.0675951,0.0,0.0,0.46346281,0.231731405,0.231731405,0.5,1.0,0.5,0.5,0.5
19000388_2026-05-01T10:50:33.106670+00:00,19000388,RECOVERY,RESUME_GRADUALLY,1.0,0.5,0.0,0.0,0.0,0.0,0.2095209999999999,0.1047604999999999,0.1047605,0.5000000000000002,0.0328562999999999,0.0164281499999999,0.016428150000000002,0.5000000000000016,2.0554731,2.0554731,0.0,0.0,0.4479246099999998,0.2239623049999999,0.2239623049999999,0.5,1.0,0.5,0.5,0.5
19000389_2026-05-01T10:51:34.052004+00:00,19000389,CAUTION,REDUCE_SIZE,1.0,0.5,0.0,0.0,0.0,0.0,0.2090539999999999,0.1045269999999999,0.10452700000000001,0.5000000000000002,0.0327161999999999,0.0163580999999999,0.016358099999999997,0.5000000000000014,2.0549594,2.0549594,0.0,0.0,0.4472661399999998,0.2236330699999999,0.2236330699999999,0.5,1.0,0.5,0.5,0.5
19000390_2026-05-01T10:52:34.898979+00:00,19000390,RECOVERY,RESUME_GRADUALLY,1.0,0.5,0.0,0.0,0.0,0.0,0.209353,0.1046765,0.1046765,0.5,0.0328059,0.01640295,0.01640295,0.5,2.0552883,2.0552883,0.0,0.0,0.44768773,0.223843865,0.223843865,0.5,1.0,0.5,0.5,0.5
19000391_2026-05-01T10:53:35.702961+00:00,19000391,CAUTION,REDUCE_SIZE,1.0,0.5,0.0,0.0,0.0,0.0,0.2091739999999999,0.1045869999999999,0.10458699999999999,0.5000000000000002,0.0327521999999999,0.0163760999999999,0.016376099999999998,0.5000000000000014,2.0550914,2.0550914,0.0,0.0,0.4474353399999999,0.2237176699999999,0.22371767,0.5000000000000001,1.0,0.5,0.5,0.5
19000392_2026-05-01T10:54:24.432449+00:00,19000392,RECOVERY,RESUME_GRADUALLY,1.0,0.5,0.0,0.0,0.0,0.0,0.2189799999999999,0.1094899999999999,0.10948999999999999,0.5000000000000002,0.0356939999999999,0.0178469999999999,0.017847,0.5000000000000013,2.065878,2.065878,0.0,0.0,0.4612617999999998,0.2306308999999999,0.2306308999999999,0.5,1.0,0.5,0.5,0.5
19000393_2026-05-01T10:55:25.161571+00:00,19000393,CAUTION,REDUCE_SIZE,1.0,0.5,0.0,0.0,0.0,0.0,0.226535,0.1132675,0.1132675,0.5,0.0379605,0.01898025,0.01898025,0.5,2.0741885,2.0741885,0.0,0.0,0.47191435,0.235957175,0.235957175,0.5,1.0,0.5,0.5,0.5
19000394_2026-05-01T10:56:25.934509+00:00,19000394,RECOVERY,RESUME_GRADUALLY,1.0,0.5,0.0,0.0,0.0,0.0,0.2301889999999999,0.1150944999999999,0.11509449999999999,0.5000000000000002,0.0390567,0.01952835,0.01952835,0.5,2.0782079,2.0782079,0.0,0.0,0.4770664899999999,0.2385332449999999,0.238533245,0.5000000000000001,1.0,0.5,0.5,0.5
19000395_2026-05-01T10:57:26.704161+00:00,19000395,CAUTION,REDUCE_SIZE,1.0,0.5,0.0,0.0,0.0,0.0,0.2296289999999999,0.1148144999999999,0.11481449999999999,0.5000000000000002,0.0388887,0.01944435,0.01944435,0.5,2.0775919,2.0775919,0.0,0.0,0.4762768899999999,0.2381384449999999,0.238138445,0.5000000000000001,1.0,0.5,0.5,0.5
19000396_2026-05-01T10:58:27.468504+00:00,19000396,RECOVERY,RESUME_GRADUALLY,1.0,0.5,0.0,0.0,0.0,0.0,0.235811,0.1179055,0.1179055,0.5,0.0407433,0.02037165,0.02037165,0.5,2.0843921,2.0843921,0.0,0.0,0.48499351,0.242496755,0.242496755,0.5,1.0,0.5,0.5,0.5
19000397_2026-05-01T10:59:28.409026+00:00,19000397,CAUTION,REDUCE_SIZE,1.0,0.5,0.0,0.0,0.0,0.0,0.2319529999999999,0.1159764999999999,0.11597650000000001,0.5000000000000002,0.0395858999999999,0.0197929499999999,0.019792950000000004,0.5000000000000013,2.0801483,2.0801483,0.0,0.0,0.4795537299999998,0.2397768649999999,0.2397768649999999,0.5,1.0,0.5,0.5,0.5
19000398_2026-05-01T11:00:29.113192+00:00,19000398,RECOVERY,RESUME_GRADUALLY,1.0,0.5,0.0,0.0,0.0,0.0,0.2268139999999999,0.1134069999999999,0.11340700000000001,0.5000000000000002,0.0380441999999999,0.0190220999999999,0.019022100000000004,0.5000000000000013,2.0744954,2.0744954,0.0,0.0,0.4723077399999998,0.2361538699999999,0.2361538699999999,0.5,1.0,0.5,0.5,0.5
19000399_2026-05-01T11:01:29.976582+00:00,19000399,CAUTION,REDUCE_SIZE,1.0,0.5,0.0,0.0,0.0,0.0,0.2185939999999999,0.1092969999999999,0.109297,0.5000000000000002,0.0355781999999999,0.0177890999999999,0.0177891,0.5000000000000013,2.0654534,2.0654534,0.0,0.0,0.4607175399999998,0.2303587699999999,0.2303587699999999,0.5,1.0,0.5,0.5,0.5
19000400_2026-05-01T11:02:30.777383+00:00,19000400,RECOVERY,RESUME_GRADUALLY,1.0,0.5,0.0,0.0,0.0,0.0,0.2150109999999999,0.1075054999999999,0.10750549999999999,0.5000000000000002,0.0345032999999999,0.0172516499999999,0.017251649999999997,0.5000000000000014,2.0615121,2.0615121,0.0,0.0,0.4556655099999999,0.2278327549999999,0.227832755,0.5000000000000001,1.0,0.5,0.5,0.5
19000401_2026-05-01T11:03:31.642102+00:00,19000401,CAUTION,REDUCE_SIZE,1.0,0.5,0.0,0.0,0.0,0.0,0.2149379999999999,0.1074689999999999,0.10746900000000001,0.5000000000000002,0.0344813999999999,0.0172406999999999,0.017240699999999998,0.5000000000000014,2.0614318000000003,2.0614318000000003,0.0,0.0,0.4555625799999999,0.2277812899999999,0.22778129,0.5000000000000001,1.0,0.5,0.5,0.5
19000402_2026-05-01T11:04:32.487454+00:00,19000402,RECOVERY,RESUME_GRADUALLY,1.0,0.5,0.0,0.0,0.0,0.0,0.207388,0.103694,0.103694,0.5,0.0322164,0.0161082,0.0161082,0.5,2.0531268000000003,2.0531268000000003,0.0,0.0,0.4449170800000001,0.22245854,0.22245854000000007,0.5000000000000001,1.0,0.5,0.5,0.5
19000403_2026-05-01T11:05:33.398930+00:00,19000403,CAUTION,REDUCE_SIZE,1.0,0.5,0.0,0.0,0.0,0.0,0.204021,0.1020105,0.1020105,0.5,0.0312063,0.01560315,0.01560315,0.5,2.0494231000000003,2.0494231000000003,0.0,0.0,0.44016961,0.220084805,0.220084805,0.5,1.0,0.5,0.5,0.5
19000404_2026-05-01T11:06:34.185944+00:00,19000404,RECOVERY,RESUME_GRADUALLY,1.0,0.5,0.0,0.0,0.0,0.0,0.1955609999999999,0.0977804999999999,0.0977805,0.5000000000000003,0.0286683,0.01433415,0.01433415,0.5,2.0401171,2.0401171,0.0,0.0,0.42824101,0.214120505,0.214120505,0.5,1.0,0.5,0.5,0.5
19000405_2026-05-01T11:07:34.880848+00:00,19000405,CAUTION,REDUCE_SIZE,1.0,0.5,0.0,0.0,0.0,0.0,0.198006,0.099003,0.099003,0.5,0.0294018,0.0147009,0.0147009,0.5,2.0428066,2.0428066,0.0,0.0,0.43168846,0.21584423,0.21584423,0.5,1.0,0.5,0.5,0.5
19000406_2026-05-01T11:08:35.637671+00:00,19000406,RECOVERY,RESUME_GRADUALLY,1.0,0.5,0.0,0.0,0.0,0.0,0.19165,0.095825,0.095825,0.5,0.027495,0.0137475,0.0137475,0.5,2.035815,2.035815,0.0,0.0,0.4227265,0.21136325,0.21136325,0.5,1.0,0.5,0.5,0.5
19000407_2026-05-01T11:09:24.333605+00:00,19000407,CAUTION,REDUCE_SIZE,1.0,0.5,0.0,0.0,0.0,0.0,0.190226,0.095113,0.095113,0.5,0.0270678,0.0135339,0.0135339,0.5,2.0342486,2.0342486,0.0,0.0,0.42071866,0.21035933,0.21035933,0.5,1.0,0.5,0.5,0.5
19000408_2026-05-01T11:10:25.021245+00:00,19000408,RECOVERY,RESUME_GRADUALLY,1.0,0.5,0.0,0.0,0.0,0.0,0.193339,0.0966695,0.0966695,0.5,0.0280017,0.01400085,0.01400085,0.5,2.0376729,2.0376729,0.0,0.0,0.42510799,0.212553995,0.212553995,0.5,1.0,0.5,0.5,0.5
19000409_2026-05-01T11:11:25.711012+00:00,19000409,CAUTION,REDUCE_SIZE,1.0,0.5,0.0,0.0,0.0,0.0,0.2001969999999999,0.1000984999999999,0.1000985,0.5000000000000002,0.0300590999999999,0.0150295499999999,0.015029550000000001,0.5000000000000017,2.0452167,2.0452167,0.0,0.0,0.4347777699999998,0.2173888849999999,0.2173888849999999,0.5,1.0,0.5,0.5,0.5
19000410_2026-05-01T11:12:26.517169+00:00,19000410,RECOVERY,RESUME_GRADUALLY,1.0,0.5,0.0,0.0,0.0,0.0,0.1992319999999999,0.0996159999999999,0.09961600000000001,0.5000000000000003,0.0297695999999999,0.0148847999999999,0.0148848,0.5000000000000017,2.0441552,2.0441552,0.0,0.0,0.4334171199999999,0.2167085599999999,0.21670855999999997,0.5000000000000001,1.0,0.5,0.5,0.5
19000411_2026-05-01T11:13:27.422190+00:00,19000411,CAUTION,REDUCE_SIZE,1.0,0.5,0.0,0.0,0.0,0.0,0.198527,0.0992635,0.0992635,0.5,0.0295581,0.01477905,0.01477905,0.5,2.0433797,2.0433797,0.0,0.0,0.43242307,0.216211535,0.216211535,0.5,1.0,0.5,0.5,0.5
19000412_2026-05-01T11:14:28.324816+00:00,19000412,RECOVERY,RESUME_GRADUALLY,1.0,0.5,0.0,0.0,0.0,0.0,0.201867,0.1009335,0.1009335,0.5,0.0305601,0.01528005,0.01528005,0.5,2.0470537,2.0470537,0.0,0.0,0.43713247,0.218566235,0.218566235,0.5,1.0,0.5,0.5,0.5
19000413_2026-05-01T11:15:29.066948+00:00,19000413,CAUTION,REDUCE_SIZE,1.0,0.5,0.0,0.0,0.0,0.0,0.212696,0.106348,0.106348,0.5,0.0338088,0.0169044,0.0169044,0.5,2.0589656,2.0589656,0.0,0.0,0.45240136,0.22620068,0.22620068,0.5,1.0,0.5,0.5,0.5
19000414_2026-05-01T11:16:30.049180+00:00,19000414,RECOVERY,RESUME_GRADUALLY,1.0,0.5,0.0,0.0,0.0,0.0,0.217789,0.1088945,0.1088945,0.5,0.0353367,0.01766835,0.01766835,0.5,2.0645679,2.0645679,0.0,0.0,0.45958249,0.229791245,0.229791245,0.5,1.0,0.5,0.5,0.5
19000415_2026-05-01T11:17:30.945761+00:00,19000415,CAUTION,REDUCE_SIZE,1.0,0.5,0.0,0.0,0.0,0.0,0.2189999999999999,0.1094999999999999,0.10949999999999999,0.5000000000000002,0.0356999999999999,0.0178499999999999,0.017849999999999998,0.5000000000000013,2.0659,2.0659,0.0,0.0,0.4612899999999998,0.2306449999999999,0.2306449999999999,0.5,1.0,0.5,0.5,0.5
19000416_2026-05-01T11:18:31.849539+00:00,19000416,RECOVERY,RESUME_GRADUALLY,1.0,0.5,0.0,0.0,0.0,0.0,0.2137959999999999,0.1068979999999999,0.106898,0.5000000000000002,0.0341388,0.0170694,0.0170694,0.5,2.0601756,2.0601756,0.0,0.0,0.45395236,0.22697618,0.22697618,0.5,1.0,0.5,0.5,0.5
19000417_2026-05-01T11:19:32.668096+00:00,19000417,CAUTION,REDUCE_SIZE,1.0,0.5,0.0,0.0,0.0,0.0,0.222734,0.111367,0.111367,0.5,0.0368202,0.0184101,0.0184101,0.5,2.0700074,2.0700074,0.0,0.0,0.46655494,0.23327747,0.23327747,0.5,1.0,0.5,0.5,0.5
19000418_2026-05-01T11:20:33.591138+00:00,19000418,RECOVERY,RESUME_GRADUALLY,1.0,0.5,0.0,0.0,0.0,0.0,0.229585,0.1147925,0.1147925,0.5,0.0388755,0.01943775,0.01943775,0.5,2.0775435,2.0775435,0.0,0.0,0.4762148500000001,0.238107425,0.23810742500000007,0.5000000000000001,1.0,0.5,0.5,0.5
19000419_2026-05-01T11:21:34.514838+00:00,19000419,CAUTION,REDUCE_SIZE,1.0,0.5,0.0,0.0,0.0,0.0,0.22712,0.11356,0.11356,0.5,0.038136,0.019068,0.019068,0.5,2.074832,2.074832,0.0,0.0,0.4727391999999999,0.2363695999999999,0.2363696,0.5000000000000001,1.0,0.5,0.5,0.5
19000420_2026-05-01T11:22:35.227165+00:00,19000420,RECOVERY,RESUME_GRADUALLY,1.0,0.5,0.0,0.0,0.0,0.0,0.220048,0.110024,0.110024,0.5,0.0360144,0.0180072,0.0180072,0.5,2.0670528,2.0670528,0.0,0.0,0.46276768,0.23138384,0.23138384,0.5,1.0,0.5,0.5,0.5
19000421_2026-05-01T11:42:27.156214+00:00,19000421,CAUTION,REDUCE_SIZE,1.0,0.5,0.0,0.0,0.0,0.0,0.209264,0.104632,0.104632,0.5,0.0327792,0.0163896,0.0163896,0.5,2.0551904,2.0551904,0.0,0.0,0.44756224,0.22378112,0.22378112,0.5,1.0,0.5,0.5,0.5
19000423_2026-05-01T11:43:27.942714+00:00,19000423,RECOVERY,RESUME_GRADUALLY,1.0,0.5,0.0,0.0,0.0,0.0,0.1968109999999999,0.0984054999999999,0.0984055,0.5000000000000003,0.0290432999999999,0.0145216499999999,0.01452165,0.5000000000000018,2.0414921,2.0414921,0.0,0.0,0.4300035099999999,0.2150017549999999,0.21500175500000002,0.5000000000000001,1.0,0.5,0.5,0.5
19000422_2026-05-01T11:43:40.175465+00:00,19000422,CAUTION,REDUCE_SIZE,1.0,0.5,0.0,0.0,0.0,0.0,0.201557,0.1007785,0.1007785,0.5,0.0304671,0.01523355,0.01523355,0.5,2.0467127,2.0467127,0.0,0.0,0.43669537,0.218347685,0.218347685,0.5,1.0,0.5,0.5,0.5
19000423_2026-05-01T12:36:33.528739+00:00,19000423,RECOVERY,RESUME_GRADUALLY,1.0,0.5,0.0,0.0,0.0,0.0,0.1968109999999999,0.0984054999999999,0.0984055,0.5000000000000003,0.0290432999999999,0.0145216499999999,0.01452165,0.5000000000000018,2.0414921,2.0414921,0.0,0.0,0.4300035099999999,0.2150017549999999,0.21500175500000002,0.5000000000000001,1.0,0.5,0.5,0.5
19000150_2026-05-02T10:55:20.496391+00:00,19000150,CAUTION,REDUCE_SIZE,1.0,0.5,0.0,0.0,0.0,0.0,0.133753,0.0668765,0.0668765,0.5,0.0101259,0.00506295,0.00506295,0.5,1.9721283,1.9721283,0.0,0.0,0.34109173,0.170545865,0.170545865,0.5,1.0,0.5,0.5,0.5
19000151_2026-05-02T10:59:29.485201+00:00,19000151,RECOVERY,RESUME_GRADUALLY,1.0,0.5,0.0,0.0,0.0,0.0,0.142227,0.0711135,0.0711135,0.5,0.0126681,0.00633405,0.00633405,0.5,1.9814497,1.9814497,0.0,0.0,0.35304007,0.176520035,0.176520035,0.5,1.0,0.5,0.5,0.5
19000152_2026-05-02T11:00:30.187904+00:00,19000152,CAUTION,REDUCE_SIZE,1.0,0.5,0.0,0.0,0.0,0.0,0.1432759999999999,0.0716379999999999,0.07163800000000001,0.5000000000000003,0.0129827999999999,0.0064913999999999,0.0064914000000000005,0.5000000000000039,1.9826036,1.9826036,0.0,0.0,0.3545191599999999,0.1772595799999999,0.17725958,0.5000000000000001,1.0,0.5,0.5,0.5
19000149_2026-05-02T11:49:28.619825+00:00,19000149,RECOVERY,RESUME_GRADUALLY,1.0,0.5,0.0,0.0,0.0,0.0,0.12734,0.06367,0.06367,0.5,0.008202,0.004101,0.004101,0.5,1.965074,1.965074,0.0,0.0,0.3320494,0.1660247,0.1660247,0.5,1.0,0.5,0.5,0.5
19000150_2026-05-02T11:49:42.123617+00:00,19000150,EARLY_CAUTION,SELECTIVE_EXECUTE,1.0,0.75,0.0,0.0,0.0,0.0,0.133753,0.10031475,0.03343825000000002,0.2500000000000001,0.0101259,0.007594425,0.002531475,0.25,1.9721283,1.9721283,0.0,0.0,0.34109173,0.2558187975,0.08527293250000001,0.25000000000000006,1.0,0.75,0.25,0.25
19000151_2026-05-02T11:49:54.218522+00:00,19000151,RECOVERY,RESUME_GRADUALLY,1.0,0.5,0.0,0.0,0.0,0.0,0.142227,0.0711135,0.0711135,0.5,0.0126681,0.00633405,0.00633405,0.5,1.9814497,1.9814497,0.0,0.0,0.35304007,0.176520035,0.176520035,0.5,1.0,0.5,0.5,0.5
19000152_2026-05-02T11:50:06.291571+00:00,19000152,EARLY_CAUTION,SELECTIVE_EXECUTE,1.0,0.75,0.0,0.0,0.0,0.0,0.1432759999999999,0.1074569999999999,0.035819000000000004,0.25000000000000017,0.0129827999999999,0.0097370999999999,0.0032457000000000007,0.250000000000002,1.9826036,1.9826036,0.0,0.0,0.3545191599999999,0.2658893699999999,0.08862978999999999,0.25000000000000006,1.0,0.75,0.25,0.25
19000153_2026-05-02T11:50:19.751449+00:00,19000153,RECOVERY,RESUME_GRADUALLY,1.0,0.5,0.0,0.0,0.0,0.0,0.1366049999999999,0.0683024999999999,0.06830249999999999,0.5000000000000003,0.0109815,0.00549075,0.00549075,0.5,1.9752655,1.9752655,0.0,0.0,0.34511305,0.172556525,0.172556525,0.5,1.0,0.5,0.5,0.5
19000154_2026-05-02T11:50:31.859811+00:00,19000154,EARLY_CAUTION,SELECTIVE_EXECUTE,1.0,0.75,0.0,0.0,0.0,0.0,0.1345119999999999,0.1008839999999999,0.033628000000000005,0.2500000000000002,0.0103535999999999,0.0077651999999999,0.0025884000000000002,0.25000000000000244,1.9729632,1.9729632,0.0,0.0,0.3421619199999999,0.2566214399999999,0.08554047999999997,0.25,1.0,0.75,0.25,0.25
19000155_2026-05-02T11:50:45.527065+00:00,19000155,RECOVERY,RESUME_GRADUALLY,1.0,0.5,0.0,0.0,0.0,0.0,0.132405,0.0662025,0.0662025,0.5,0.0097215,0.00486075,0.00486075,0.5,1.9706455,1.9706455,0.0,0.0,0.33919105,0.169595525,0.169595525,0.5,1.0,0.5,0.5,0.5
19000156_2026-05-02T11:50:57.651014+00:00,19000156,EARLY_CAUTION,SELECTIVE_EXECUTE,1.0,0.75,0.0,0.0,0.0,0.0,0.136301,0.10222575,0.03407525,0.25,0.0108903,0.008167725,0.0027225749999999996,0.24999999999999997,1.9749311,1.9749311,0.0,0.0,0.34468441,0.2585133075,0.08617110249999999,0.24999999999999997,1.0,0.75,0.25,0.25
19000157_2026-05-02T11:51:09.854748+00:00,19000157,RECOVERY,RESUME_GRADUALLY,1.0,0.5,0.0,0.0,0.0,0.0,0.1389559999999999,0.0694779999999999,0.06947800000000001,0.5000000000000004,0.0116867999999999,0.0058433999999999,0.0058434,0.5000000000000043,1.9778516,1.9778516,0.0,0.0,0.3484279599999998,0.1742139799999999,0.1742139799999999,0.5,1.0,0.5,0.5,0.5
19000158_2026-05-02T11:52:01.084700+00:00,19000158,EARLY_CAUTION,SELECTIVE_EXECUTE,1.0,0.75,0.0,0.0,0.0,0.0,0.132839,0.09962925,0.03320975000000001,0.25000000000000006,0.0098517,0.007388775,0.0024629249999999995,0.24999999999999994,1.9711229,1.9711229,0.0,0.0,0.33980299,0.2548522425,0.08495074750000003,0.25000000000000006,1.0,0.75,0.25,0.25
19000159_2026-05-02T11:53:04.414048+00:00,19000159,RECOVERY,RESUME_GRADUALLY,1.0,0.5,0.0,0.0,0.0,0.0,0.138718,0.069359,0.069359,0.5,0.0116154,0.0058077,0.0058077,0.5,1.9775898,1.9775898,0.0,0.0,0.34809238,0.17404619,0.17404619,0.5,1.0,0.5,0.5,0.5
19000160_2026-05-02T11:54:07.965368+00:00,19000160,EARLY_CAUTION,SELECTIVE_EXECUTE,1.0,0.75,0.0,0.0,0.0,0.0,0.131148,0.098361,0.03278699999999998,0.2499999999999999,0.0093444,0.0070082999999999,0.0023361000000000996,0.25000000000001066,1.9692628,1.9692628,0.0,0.0,0.3374186800000001,0.25306401,0.08435467000000008,0.25000000000000017,1.0,0.75,0.25,0.25
19000161_2026-05-02T11:54:57.750449+00:00,19000161,RECOVERY,RESUME_GRADUALLY,1.0,0.5,0.0,0.0,0.0,0.0,0.1285309999999999,0.0642654999999999,0.06426549999999999,0.5000000000000003,0.0085592999999999,0.0042796499999999,0.00427965,0.5000000000000059,1.9663841,1.9663841,0.0,0.0,0.3337287099999999,0.1668643549999999,0.16686435499999996,0.5000000000000001,1.0,0.5,0.5,0.5
19000162_2026-05-02T11:56:01.000419+00:00,19000162,EARLY_CAUTION,SELECTIVE_EXECUTE,1.0,0.75,0.0,0.0,0.0,0.0,0.126411,0.09480825,0.03160275,0.25,0.0079233,0.0059424749999999,0.001980825000000099,0.25000000000001255,1.9640521,1.9640521,0.0,0.0,0.33073951,0.2480546325,0.0826848775,0.25,1.0,0.75,0.25,0.25
19000163_2026-05-02T11:57:04.417349+00:00,19000163,RECOVERY,RESUME_GRADUALLY,1.0,0.5,0.0,0.0,0.0,0.0,0.126923,0.0634615,0.0634615,0.5,0.0080769,0.00403845,0.00403845,0.5,1.9646153,1.9646153,0.0,0.0,0.33146143,0.165730715,0.165730715,0.5,1.0,0.5,0.5,0.5
19000164_2026-05-02T11:58:07.889181+00:00,19000164,EARLY_CAUTION,SELECTIVE_EXECUTE,1.0,0.75,0.0,0.0,0.0,0.0,0.1266629999999999,0.0949972499999999,0.03166574999999999,0.25000000000000017,0.0079988999999999,0.0059991749999999,0.001999724999999999,0.25000000000000305,1.9643293,1.9643293,0.0,0.0,0.3310948299999998,0.2483211224999998,0.08277370749999999,0.2500000000000001,1.0,0.75,0.25,0.25
19000165_2026-05-02T11:58:57.910345+00:00,19000165,RECOVERY,RESUME_GRADUALLY,1.0,0.5,0.0,0.0,0.0,0.0,0.1198019999999999,0.0599009999999999,0.059900999999999996,0.5000000000000004,0.0059405999999999,0.0029702999999999,0.0029703,0.5000000000000084,1.9567822,1.9567822,0.0,0.0,0.3214208199999999,0.1607104099999999,0.16071041,0.5000000000000002,1.0,0.5,0.5,0.5
19000166_2026-05-02T12:00:01.270782+00:00,19000166,EARLY_CAUTION,SELECTIVE_EXECUTE,1.0,0.75,0.0,0.0,0.0,0.0,0.119974,0.0899805,0.029993499999999992,0.24999999999999994,0.0059922,0.00449415,0.00149805,0.25,1.9569714,1.9569714,0.0,0.0,0.3216633400000001,0.241247505,0.08041583500000007,0.25000000000000017,1.0,0.75,0.25,0.25
19000167_2026-05-02T12:01:04.846678+00:00,19000167,RECOVERY,RESUME_GRADUALLY,1.0,0.5,0.0,0.0,0.0,0.0,0.119309,0.0596545,0.0596545,0.5,0.0057927,0.00289635,0.00289635,0.5,1.9562399,1.9562399,0.0,0.0,0.32072569,0.160362845,0.160362845,0.5,1.0,0.5,0.5,0.5
19000168_2026-05-02T12:02:08.300141+00:00,19000168,EARLY_CAUTION,SELECTIVE_EXECUTE,1.0,0.75,0.0,0.0,0.0,0.0,0.1232659999999999,0.0924494999999999,0.030816499999999997,0.25000000000000017,0.0069798,0.00523485,0.0017449500000000003,0.25000000000000006,1.9605926,1.9605926,0.0,0.0,0.32630506,0.244728795,0.08157626499999998,0.24999999999999994,1.0,0.75,0.25,0.25
19000169_2026-05-02T12:02:58.161505+00:00,19000169,RECOVERY,RESUME_GRADUALLY,1.0,0.5,0.0,0.0,0.0,0.0,0.1276389999999999,0.0638194999999999,0.06381949999999999,0.5000000000000003,0.0082916999999999,0.0041458499999999,0.00414585,0.5000000000000061,1.9654029,1.9654029,0.0,0.0,0.3324709899999998,0.1662354949999999,0.1662354949999999,0.5,1.0,0.5,0.5,0.5
19000170_2026-05-02T12:04:01.626805+00:00,19000170,EARLY_CAUTION,SELECTIVE_EXECUTE,1.0,0.75,0.0,0.0,0.0,0.0,0.130653,0.09798975,0.03266324999999999,0.24999999999999994,0.0091959,0.006896925,0.002298975,0.25,1.9687183,1.9687183,0.0,0.0,0.33672073,0.2525405475,0.08418018250000003,0.25000000000000006,1.0,0.75,0.25,0.25
19000171_2026-05-02T12:05:05.367612+00:00,19000171,RECOVERY,RESUME_GRADUALLY,1.0,0.5,0.0,0.0,0.0,0.0,0.1297359999999999,0.0648679999999999,0.06486800000000001,0.5000000000000004,0.0089207999999999,0.0044603999999999,0.004460400000000001,0.5000000000000057,1.9677096,1.9677096,0.0,0.0,0.3354277599999998,0.1677138799999999,0.1677138799999999,0.5,1.0,0.5,0.5,0.5
19000172_2026-05-02T12:06:08.819969+00:00,19000172,EARLY_CAUTION,SELECTIVE_EXECUTE,1.0,0.75,0.0,0.0,0.0,0.0,0.125495,0.09412125,0.03137374999999999,0.24999999999999994,0.0076485,0.005736375,0.0019121249999999998,0.24999999999999997,1.9630445,1.9630445,0.0,0.0,0.32944795,0.2470859625,0.08236198749999998,0.24999999999999994,1.0,0.75,0.25,0.25
19000173_2026-05-02T12:06:58.874647+00:00,19000173,RECOVERY,RESUME_GRADUALLY,1.0,0.5,0.0,0.0,0.0,0.0,0.1268019999999999,0.0634009999999999,0.06340099999999999,0.5000000000000003,0.0080405999999999,0.0040202999999999,0.004020299999999999,0.5000000000000061,1.9644822,1.9644822,0.0,0.0,0.3312908199999999,0.1656454099999999,0.16564540999999997,0.5000000000000001,1.0,0.5,0.5,0.5
19000174_2026-05-02T12:08:02.312022+00:00,19000174,EARLY_CAUTION,SELECTIVE_EXECUTE,1.0,0.75,0.0,0.0,0.0,0.0,0.1289139999999999,0.0966854999999999,0.03222849999999999,0.25000000000000017,0.0086741999999999,0.0065056499999999,0.002168549999999999,0.2500000000000028,1.9668054,1.9668054,0.0,0.0,0.3342687399999999,0.2507015549999999,0.08356718499999999,0.25000000000000006,1.0,0.75,0.25,0.25
19000175_2026-05-02T12:09:05.999354+00:00,19000175,RECOVERY,RESUME_GRADUALLY,1.0,0.5,0.0,0.0,0.0,0.0,0.139646,0.069823,0.069823,0.5,0.0118938,0.0059469,0.0059469,0.5,1.9786106,1.9786106,0.0,0.0,0.3494008600000001,0.17470043,0.1747004300000001,0.5000000000000001,1.0,0.5,0.5,0.5
19000176_2026-05-02T12:10:09.513520+00:00,19000176,EARLY_CAUTION,SELECTIVE_EXECUTE,1.0,0.75,0.0,0.0,0.0,0.0,0.146698,0.1100235,0.0366745,0.25,0.0140094,0.01050705,0.0035023499999999996,0.24999999999999997,1.9863678,1.9863678,0.0,0.0,0.35934418,0.269508135,0.08983604500000003,0.25000000000000006,1.0,0.75,0.25,0.25
19000177_2026-05-02T12:11:00.953434+00:00,19000177,RECOVERY,RESUME_GRADUALLY,1.0,0.5,0.0,0.0,0.0,0.0,0.146734,0.073367,0.073367,0.5,0.0140202,0.0070101,0.0070101,0.5,1.9864074,1.9864074,0.0,0.0,0.35939494,0.17969747,0.17969747,0.5,1.0,0.5,0.5,0.5
19000178_2026-05-02T12:12:03.094769+00:00,19000178,EARLY_CAUTION,SELECTIVE_EXECUTE,1.0,0.75,0.0,0.0,0.0,0.0,0.1460099999999999,0.1095074999999999,0.03650249999999999,0.25000000000000017,0.0138029999999999,0.0103522499999999,0.0034507500000000007,0.25000000000000183,1.985611,1.985611,0.0,0.0,0.3583740999999999,0.2687805749999999,0.08959352500000001,0.25000000000000006,1.0,0.75,0.25,0.25
19000179_2026-05-02T12:13:06.618684+00:00,19000179,RECOVERY,RESUME_GRADUALLY,1.0,0.5,0.0,0.0,0.0,0.0,0.145572,0.072786,0.072786,0.5,0.0136716,0.0068358,0.0068358,0.5,1.9851292,1.9851292,0.0,0.0,0.35775652,0.17887826,0.17887826,0.5,1.0,0.5,0.5,0.5
19000180_2026-05-02T12:13:57.994438+00:00,19000180,EARLY_CAUTION,SELECTIVE_EXECUTE,1.0,0.75,0.0,0.0,0.0,0.0,0.1455199999999999,0.1091399999999999,0.036379999999999996,0.25000000000000017,0.013656,0.010242,0.0034140000000000004,0.25000000000000006,1.985072,1.985072,0.0,0.0,0.3576832,0.2682624,0.08942079999999997,0.24999999999999992,1.0,0.75,0.25,0.25
19000181_2026-05-02T12:15:01.501655+00:00,19000181,RECOVERY,RESUME_GRADUALLY,1.0,0.5,0.0,0.0,0.0,0.0,0.1436309999999999,0.0718154999999999,0.0718155,0.5000000000000003,0.0130892999999999,0.0065446499999999,0.006544649999999999,0.5000000000000038,1.9829941,1.9829941,0.0,0.0,0.3550197099999999,0.1775098549999999,0.17750985499999997,0.5000000000000001,1.0,0.5,0.5,0.5
19000182_2026-05-02T12:16:04.927989+00:00,19000182,EARLY_CAUTION,SELECTIVE_EXECUTE,1.0,0.75,0.0,0.0,0.0,0.0,0.138762,0.1040715,0.0346905,0.25,0.0116286,0.0087214499999999,0.0029071500000000996,0.2500000000000086,1.9776382,1.9776382,0.0,0.0,0.3481544200000001,0.261115815,0.0870386050000001,0.2500000000000002,1.0,0.75,0.25,0.25
19000183_2026-05-02T12:17:08.310788+00:00,19000183,RECOVERY,RESUME_GRADUALLY,1.0,0.5,0.0,0.0,0.0,0.0,0.138293,0.0691465,0.0691465,0.5,0.0114879,0.00574395,0.00574395,0.5,1.9771223,1.9771223,0.0,0.0,0.34749313,0.173746565,0.173746565,0.5,1.0,0.5,0.5,0.5
19000184_2026-05-02T12:17:58.295212+00:00,19000184,EARLY_CAUTION,SELECTIVE_EXECUTE,1.0,0.75,0.0,0.0,0.0,0.0,0.138915,0.10418625,0.03472875000000002,0.2500000000000001,0.0116745,0.008755875,0.002918625000000001,0.25000000000000006,1.9778065,1.9778065,0.0,0.0,0.34837015,0.2612776125,0.08709253750000001,0.25000000000000006,1.0,0.75,0.25,0.25
19000185_2026-05-02T12:19:01.891654+00:00,19000185,RECOVERY,RESUME_GRADUALLY,1.0,0.5,0.0,0.0,0.0,0.0,0.144456,0.072228,0.072228,0.5,0.0133368,0.0066684,0.0066684,0.5,1.9839016,1.9839016,0.0,0.0,0.35618296,0.17809148,0.17809148,0.5,1.0,0.5,0.5,0.5
19000186_2026-05-02T12:20:05.422109+00:00,19000186,EARLY_CAUTION,SELECTIVE_EXECUTE,1.0,0.75,0.0,0.0,0.0,0.0,0.136885,0.10266375,0.03422125000000001,0.25000000000000006,0.0110655,0.008299125,0.0027663750000000015,0.2500000000000001,1.9755735,1.9755735,0.0,0.0,0.34550785,0.2591308875,0.08637696249999999,0.24999999999999997,1.0,0.75,0.25,0.25
19000187_2026-05-02T12:21:08.591696+00:00,19000187,RECOVERY,RESUME_GRADUALLY,1.0,0.5,0.0,0.0,0.0,0.0,0.1317709999999999,0.0658854999999999,0.06588549999999999,0.5000000000000003,0.0095312999999999,0.0047656499999999,0.004765650000000001,0.5000000000000053,1.9699481,1.9699481,0.0,0.0,0.3382971099999998,0.1691485549999999,0.1691485549999999,0.5,1.0,0.5,0.5,0.5
19000188_2026-05-02T12:21:58.397299+00:00,19000188,EARLY_CAUTION,SELECTIVE_EXECUTE,1.0,0.75,0.0,0.0,0.0,0.0,0.124989,0.09374175,0.031247250000000004,0.25000000000000006,0.0074967,0.005622525,0.0018741750000000005,0.25000000000000006,1.9624879,1.9624879,0.0,0.0,0.32873449,0.2465508675,0.0821836225,0.25,1.0,0.75,0.25,0.25
19000189_2026-05-02T12:23:01.918029+00:00,19000189,RECOVERY,RESUME_GRADUALLY,1.0,0.5,0.0,0.0,0.0,0.0,0.124865,0.0624325,0.0624325,0.5,0.0074595,0.00372975,0.00372975,0.5,1.9623515,1.9623515,0.0,0.0,0.32855965,0.164279825,0.164279825,0.5,1.0,0.5,0.5,0.5
19000190_2026-05-02T12:24:05.381578+00:00,19000190,EARLY_CAUTION,SELECTIVE_EXECUTE,1.0,0.75,0.0,0.0,0.0,0.0,0.120283,0.09021225,0.030070750000000007,0.25000000000000006,0.0060849,0.004563675,0.0015212250000000002,0.25000000000000006,1.9573113,1.9573113,0.0,0.0,0.32209903,0.2415742725,0.08052475750000002,0.25000000000000006,1.0,0.75,0.25,0.25
19000191_2026-05-02T12:25:08.714837+00:00,19000191,RECOVERY,RESUME_GRADUALLY,1.0,0.5,0.0,0.0,0.0,0.0,0.1166279999999999,0.0583139999999999,0.058314,0.5000000000000004,0.0049883999999999,0.0024941999999999,0.0024942,0.50000000000001,1.9532908,1.9532908,0.0,0.0,0.3169454799999999,0.1584727399999999,0.15847274,0.5000000000000002,1.0,0.5,0.5,0.5
19000192_2026-05-02T12:25:58.610868+00:00,19000192,EARLY_CAUTION,SELECTIVE_EXECUTE,1.0,0.75,0.0,0.0,0.0,0.0,0.1158259999999999,0.0868694999999999,0.028956499999999996,0.25000000000000017,0.0047478,0.00356085,0.00118695,0.25,1.9524086,1.9524086,0.0,0.0,0.31581466,0.236860995,0.07895366500000003,0.2500000000000001,1.0,0.75,0.25,0.25
19000193_2026-05-02T12:27:01.951300+00:00,19000193,RECOVERY,RESUME_GRADUALLY,1.0,0.5,0.0,0.0,0.0,0.0,0.110245,0.0551225,0.0551225,0.5,0.0030735,0.00153675,0.00153675,0.5,1.9462695,1.9462695,0.0,0.0,0.30794545,0.153972725,0.153972725,0.5,1.0,0.5,0.5,0.5
25007082_2026-05-02T12:27:38.315691+00:00,25007082,NORMAL,EXECUTE_FULL,1.0,1.0,0.720775,0.720775,0.0,0.0,0.078342,0.078342,0.0,0.0,0.0,0.0,0.0,0.0,3.9997141,3.9997141,0.0,0.0,1.19908841,1.19908841,0.0,0.0,1.0,1.0,0.0,0.0
25007280_2026-05-02T12:27:51.812164+00:00,25007280,CAUTION,REDUCE_SIZE,1.0,0.35,1.009779,0.3534226499999999,0.65635635,0.65,0.259779,0.09092265,0.16885635,0.65,0.0576101499999999,0.0201635524999999,0.0374465975,0.650000000000001,4.7885958,4.7885958,0.0,0.0,1.80602773,0.6321097054999999,1.1739180245000003,0.6500000000000001,1.0,0.35,0.65,0.65
25007282_2026-05-02T12:28:03.928901+00:00,25007282,CAUTION,REDUCE_SIZE,1.0,0.35,1.00605,0.3521175,0.6539325,0.6499999999999999,0.2560500000000001,0.0896175,0.1664325000000001,0.6500000000000001,0.0549196,0.0192218599999999,0.0356977400000001,0.6500000000000019,4.774031900000001,4.774031900000001,0.0,0.0,1.7944227900000005,0.6280479765,1.1663748135000005,0.6500000000000001,1.0,0.35,0.65,0.65
25007283_2026-05-02T12:28:29.972657+00:00,25007283,CAUTION,REDUCE_SIZE,1.0,0.35,1.004072,0.3514252,0.6526468000000001,0.65,0.2540720000000001,0.0889252,0.1651468000000001,0.6500000000000001,0.0539252,0.01887382,0.03505138,0.65,4.7610688,4.7610688,0.0,0.0,1.7881760800000002,0.625861628,1.1623144520000002,0.65,1.0,0.35,0.65,0.65
25007284_2026-05-02T12:28:42.200440+00:00,25007284,RECOVERY,RESUME_GRADUALLY,1.0,0.5,0.999591,0.4997955,0.4997955,0.5,0.249591,0.1247955,0.1247955,0.5,0.05235685,0.026178425,0.026178425,0.5,4.747984000000001,4.747984000000001,0.0,0.0,1.77633725,0.888168625,0.888168625,0.5,1.0,0.5,0.5,0.5
25007285_2026-05-02T12:28:54.309509+00:00,25007285,EARLY_CAUTION,SELECTIVE_EXECUTE,1.0,0.75,0.998935,0.74920125,0.24973374999999998,0.24999999999999997,0.248935,0.18670125,0.06223374999999998,0.24999999999999992,0.05212725,0.0390954374999999,0.0130318125000001,0.25000000000000194,4.7355134,4.7355134,0.0,0.0,1.77354859,1.3301614425,0.4433871475000002,0.2500000000000001,1.0,0.75,0.25,0.25
25007286_2026-05-02T12:29:07.735302+00:00,25007286,RECOVERY,RESUME_GRADUALLY,1.0,0.5,0.990584,0.495292,0.495292,0.5,0.240584,0.120292,0.120292,0.5,0.0492044,0.0246022,0.0246022,0.5,4.706257,4.706257,0.0,0.0,1.7509981,0.8754990500000001,0.8754990499999998,0.49999999999999994,1.0,0.5,0.5,0.5
25007287_2026-05-02T12:29:19.881500+00:00,25007287,CAUTION,REDUCE_SIZE,1.0,0.35,1.002219,0.3507766499999999,0.6514423500000001,0.65,0.2522189999999999,0.0882766499999999,0.16394235000000001,0.6500000000000002,0.0532766499999999,0.0186468274999999,0.0346298225,0.6500000000000012,4.7374247,4.7374247,0.0,0.0,1.7814571199999998,0.623509992,1.1579471279999998,0.6499999999999999,1.0,0.35,0.65,0.65
25007291_2026-05-02T12:30:11.239058+00:00,25007291,CAUTION,REDUCE_SIZE,1.0,0.35,1.11865,0.3915275,0.7271224999999999,0.6499999999999999,0.3686499999999999,0.1290274999999999,0.23962250000000002,0.6500000000000001,0.1092125999999999,0.0382244099999999,0.07098818999999999,0.6500000000000006,5.1088521,5.1088521,0.0,0.0,2.10739781,0.7375892334999998,1.3698085765000003,0.6500000000000001,1.0,0.35,0.65,0.65
25007296_2026-05-02T12:31:01.245726+00:00,25007296,CAUTION,REDUCE_SIZE,1.0,0.35,1.128631,0.39502085,0.73361015,0.65,0.3786309999999999,0.1325208499999999,0.24611014999999997,0.6500000000000001,0.11071545,0.0387504075,0.0719650425,0.65,5.1277673,5.1277673,0.0,0.0,2.13075418,0.745763963,1.384990217,0.65,1.0,0.35,0.65,0.65
25007301_2026-05-02T12:32:04.342990+00:00,25007301,HIGH_STRESS,PAUSE,1.0,0.0,1.429497,0.0,1.429497,1.0,0.679497,0.0,0.679497,1.0,0.24583585,0.0,0.24583585,1.0,5.9940124,0.0,5.9940124,1.0,2.9542310900000004,0.0,2.9542310900000004,1.0,1.0,0.0,1.0,1.0
25007306_2026-05-02T12:33:08.358769+00:00,25007306,HIGH_STRESS,PAUSE,1.0,0.0,1.401931,0.0,1.401931,1.0,0.651931,0.0,0.651931,1.0,0.22743045,0.0,0.22743045,1.0,5.8854653,0.0,5.8854653,1.0,2.86983898,0.0,2.86983898,1.0,1.0,0.0,1.0,1.0
25007311_2026-05-02T12:34:11.440987+00:00,25007311,HIGH_STRESS,PAUSE,1.0,0.0,1.396719,0.0,1.396719,1.0,0.646719,0.0,0.646719,1.0,0.22514125,0.0,0.22514125,1.0,5.8716159,0.0,5.8716159,1.0,2.85574084,0.0,2.85574084,1.0,1.0,0.0,1.0,1.0
25007316_2026-05-02T12:35:01.030233+00:00,25007316,HIGH_STRESS,PAUSE,1.0,0.0,1.414836,0.0,1.414836,1.0,0.664836,0.0,0.664836,1.0,0.2335783,0.0,0.2335783,1.0,5.923027299999999,0.0,5.923027299999999,1.0,2.90555303,0.0,2.90555303,1.0,1.0,0.0,1.0,1.0
25007321_2026-05-02T12:36:04.455318+00:00,25007321,HIGH_STRESS,PAUSE,1.0,0.0,1.413308,0.0,1.413308,1.0,0.663308,0.0,0.663308,1.0,0.2302268,0.0,0.2302268,1.0,5.9100646,0.0,5.9100646,1.0,2.89784926,0.0,2.89784926,1.0,1.0,0.0,1.0,1.0
25007326_2026-05-02T12:37:07.811346+00:00,25007326,HIGH_STRESS,PAUSE,1.0,0.0,1.356471,0.0,1.356471,1.0,0.606471,0.0,0.606471,1.0,0.20961325,0.0,0.20961325,1.0,5.7632051,0.0,5.7632051,1.0,2.74887576,0.0,2.74887576,1.0,1.0,0.0,1.0,1.0
25007331_2026-05-02T12:38:11.485525+00:00,25007331,HIGH_STRESS,PAUSE,1.0,0.0,1.332505,0.0,1.332505,1.0,0.582505,0.0,0.582505,1.0,0.19938375,0.0,0.19938375,1.0,5.703748300000001,0.0,5.703748300000001,1.0,2.68476858,0.0,2.68476858,1.0,1.0,0.0,1.0,1.0
25007336_2026-05-02T12:39:02.870581+00:00,25007336,HIGH_STRESS,PAUSE,1.0,0.0,1.329387,0.0,1.329387,1.0,0.5793870000000001,0.0,0.5793870000000001,1.0,0.19502785,0.0,0.19502785,1.0,5.696708300000001,0.0,5.696708300000001,1.0,2.67347268,0.0,2.67347268,1.0,1.0,0.0,1.0,1.0
25007341_2026-05-02T12:40:05.247590+00:00,25007341,HIGH_STRESS,PAUSE,1.0,0.0,1.316752,0.0,1.316752,1.0,0.5667519999999999,0.0,0.5667519999999999,1.0,0.1908406999999999,0.0,0.1908406999999999,1.0,5.6670655,0.0,5.6670655,1.0,2.64105125,0.0,2.64105125,1.0,1.0,0.0,1.0,1.0
25007346_2026-05-02T12:41:08.460527+00:00,25007346,HIGH_STRESS,PAUSE,1.0,0.0,1.337409,0.0,1.337409,1.0,0.5874090000000001,0.0,0.5874090000000001,1.0,0.20438875,0.0,0.20438875,1.0,5.7371585,0.0,5.7371585,1.0,2.7029226000000004,0.0,2.7029226000000004,1.0,1.0,0.0,1.0,1.0
25007351_2026-05-02T12:41:59.653221+00:00,25007351,HIGH_STRESS,PAUSE,1.0,0.0,1.337551,0.0,1.337551,1.0,0.5875509999999999,0.0,0.5875509999999999,1.0,0.20440065,0.0,0.20440065,1.0,5.7307361,0.0,5.7307361,1.0,2.70257626,0.0,2.70257626,1.0,1.0,0.0,1.0,1.0
25007356_2026-05-02T12:43:02.943724+00:00,25007356,HIGH_STRESS,PAUSE,1.0,0.0,1.355417,0.0,1.355417,1.0,0.6054170000000001,0.0,0.6054170000000001,1.0,0.20694275,0.0,0.20694275,1.0,5.7621605,0.0,5.7621605,1.0,2.7439928000000005,0.0,2.7439928000000005,1.0,1.0,0.0,1.0,1.0
25007361_2026-05-02T12:44:06.094826+00:00,25007361,HIGH_STRESS,PAUSE,1.0,0.0,1.32794,0.0,1.32794,1.0,0.5779399999999999,0.0,0.5779399999999999,1.0,0.1945522999999999,0.0,0.1945522999999999,1.0,5.682017699999999,0.0,5.682017699999999,1.0,2.6686340699999995,0.0,2.6686340699999995,1.0,1.0,0.0,1.0,1.0
25014644_2026-05-03T13:04:13.121780+00:00,25014644,CAUTION,REDUCE_SIZE,1.0,0.35,1.025614,0.3589649,0.6666491000000001,0.6500000000000001,0.275614,0.0964649,0.1791491,0.6499999999999999,0.1036941,0.036292935,0.067401165,0.65,4.9718202,4.9718202,0.0,0.0,1.90210412,0.6657364419999999,1.2363676780000001,0.6500000000000001,1.0,0.35,0.65,0.65
25014646_2026-05-03T13:04:25.338856+00:00,25014646,CAUTION,REDUCE_SIZE,1.0,0.35,1.027001,0.35945035,0.6675506500000001,0.6500000000000001,0.277001,0.09695035,0.18005064999999998,0.6499999999999999,0.10551305,0.0369295674999999,0.0685834825000001,0.6500000000000009,4.9811856,4.9811856,0.0,0.0,1.90763361,0.6676717635,1.2399618465,0.65,1.0,0.35,0.65,0.65
25014647_2026-05-03T13:04:37.422919+00:00,25014647,CAUTION,REDUCE_SIZE,1.0,0.35,1.025812,0.3590341999999999,0.6667778,0.65,0.2758119999999999,0.0965341999999999,0.1792778,0.6500000000000002,0.1037378999999999,0.0363082649999999,0.06742963499999999,0.6500000000000006,4.975695699999999,4.975695699999999,0.0,0.0,1.90293147,0.6660260144999999,1.2369054555,0.65,1.0,0.35,0.65,0.65
25014648_2026-05-03T13:04:49.492942+00:00,25014648,CAUTION,REDUCE_SIZE,1.0,0.35,1.026876,0.3594065999999999,0.6674694,0.65,0.2768759999999999,0.0969065999999999,0.1799694,0.6500000000000002,0.1031607999999999,0.0361062799999999,0.06705452,0.6500000000000007,4.973497,4.973497,0.0,0.0,1.9042625,0.666491875,1.237770625,0.65,1.0,0.35,0.65,0.65
25014649_2026-05-03T13:05:01.684056+00:00,25014649,CAUTION,REDUCE_SIZE,1.0,0.35,1.034411,0.3620438499999999,0.6723671500000001,0.6500000000000001,0.2844109999999999,0.0995438499999999,0.18486715,0.6500000000000002,0.1068723499999999,0.0374053224999999,0.0694670275,0.6500000000000007,4.9994148,4.9994148,0.0,0.0,1.92563583,0.6739725404999999,1.2516632895000002,0.65,1.0,0.35,0.65,0.65
25014650_2026-05-03T13:05:13.787830+00:00,25014650,CAUTION,REDUCE_SIZE,1.0,0.35,1.024431,0.35855085,0.6658801500000001,0.65,0.2744310000000001,0.09605085,0.1783801500000001,0.6500000000000001,0.10035955,0.0351258425,0.06523370750000002,0.6500000000000001,4.9635262,4.9635262,0.0,0.0,1.8955741700000004,0.6634509595000001,1.2321232105000002,0.6499999999999999,1.0,0.35,0.65,0.65
25014651_2026-05-03T13:05:25.916987+00:00,25014651,CAUTION,REDUCE_SIZE,1.0,0.35,1.028093,0.35983255,0.66826045,0.65,0.2780929999999999,0.0973325499999999,0.18076045000000002,0.6500000000000002,0.1034385499999999,0.0362034924999999,0.0672350575,0.6500000000000007,4.9802961,4.9802961,0.0,0.0,1.90765416,0.6676789559999998,1.2399752040000003,0.6500000000000001,1.0,0.35,0.65,0.65
25014652_2026-05-03T13:05:38.138423+00:00,25014652,CAUTION,REDUCE_SIZE,1.0,0.35,1.028305,0.35990675,0.6683982500000001,0.65,0.278305,0.09740675,0.18089825000000004,0.6500000000000001,0.10129065,0.0354517274999999,0.06583892250000009,0.6500000000000009,4.9739156,4.9739156,0.0,0.0,1.90529221,0.6668522735,1.2384399365,0.65,1.0,0.35,0.65,0.65
25014653_2026-05-03T13:05:50.243038+00:00,25014653,CAUTION,REDUCE_SIZE,1.0,0.35,1.023825,0.35833875,0.6654862500000001,0.65,0.273825,0.0958387499999999,0.17798625000000007,0.6500000000000002,0.09917755,0.0347121425,0.0644654075,0.65,4.9609489,4.9609489,0.0,0.0,1.89292244,0.6625228539999999,1.230399586,0.65,1.0,0.35,0.65,0.65
25014654_2026-05-03T13:06:02.421373+00:00,25014654,CAUTION,REDUCE_SIZE,1.0,0.35,1.029505,0.3603267499999999,0.66917825,0.65,0.2795049999999999,0.0978267499999999,0.18167824999999999,0.6500000000000002,0.1012069499999999,0.0354224324999999,0.0657845175,0.6500000000000006,4.9756859,4.9756859,0.0,0.0,1.90778554,0.6677249389999999,1.2400606010000002,0.6500000000000001,1.0,0.35,0.65,0.65
25014655_2026-05-03T13:06:14.589141+00:00,25014655,CAUTION,REDUCE_SIZE,1.0,0.35,1.037728,0.3632048,0.6745232,0.65,0.287728,0.1007047999999999,0.18702320000000008,0.6500000000000004,0.1048338,0.03669183,0.06814197,0.6499999999999999,4.9992974,4.9992974,0.0,0.0,1.93021954,0.675576839,1.2546427009999999,0.6499999999999999,1.0,0.35,0.65,0.65
25014656_2026-05-03T13:06:26.728838+00:00,25014656,CAUTION,REDUCE_SIZE,1.0,0.35,1.02756,0.3596459999999999,0.6679140000000001,0.6500000000000001,0.27756,0.097146,0.18041399999999996,0.6499999999999999,0.1026328,0.03592148,0.06671131999999999,0.6499999999999999,4.9803848,4.9803848,0.0,0.0,1.9057912800000003,0.667026948,1.2387643320000004,0.6500000000000001,1.0,0.35,0.65,0.65
