alert_written_at,symbol,alerts,previous_regime,current_regime,previous_guidance,current_guidance,spread_delta,stress_score_delta,imbalance_delta,confidence,provider_hash
2026-05-25T09:57:00.367086+00:00,BTC/USDT,IMBALANCE_SPIKE,CAUTION,CAUTION,REDUCE_SIZE,REDUCE_SIZE,-0.000153,0.124993,0.5,0.724993,23786ccc67745a94fd7171aba8cbebab6bb2360b5f40c1beec7040264a7507b3
2026-05-25T09:57:00.367086+00:00,DOGE/USDT,IMBALANCE_SPIKE,NORMAL,NORMAL,EXECUTE,EXECUTE,0.000379,0.139998,0.56,0.770036,5f19f6e81e23f92abac7d396bea3ebbf38b6cc111d53b6ed54c401d28e1dcc98
2026-05-25T09:57:00.367086+00:00,TON/USDT,REGIME_TRANSITION_NORMAL_TO_CAUTION,NORMAL,CAUTION,EXECUTE,REDUCE_SIZE,0.013164,0.040761,0.16,0.472077,f8ac3882ad738046047f4030b72592fc73cec7e33c3b7278ab3c796b8928f7ea
2026-05-25T09:58:21.371850+00:00,TON/USDT,REGIME_TRANSITION_CAUTION_TO_NORMAL,CAUTION,NORMAL,REDUCE_SIZE,EXECUTE,-1.669061,-0.083934,-0.04,0.35,d97680ed2784a1548f8ed571c8caede27760d6cb4ad7b18d483d62535910bb70
2026-05-25T09:59:05.856351+00:00,BTC/USDT,IMBALANCE_SPIKE,CAUTION,CAUTION,REDUCE_SIZE,REDUCE_SIZE,-1e-06,0.06,0.24,0.53,d97658aafe574d38da347ab1577c04d711bbf55284ac3bca8db060bcf18593ec
2026-05-25T09:59:49.263145+00:00,ETH/USDT,IMBALANCE_SPIKE,NORMAL,NORMAL,EXECUTE,EXECUTE,3e-06,0.051678,0.28,0.541678,46a7f557ce21a488c654147f3c2002b27bed331e0cabd00d99519621e2f39ee8
2026-05-25T09:59:49.263145+00:00,SOL/USDT,IMBALANCE_SPIKE,NORMAL,NORMAL,EXECUTE,EXECUTE,-0.000135,0.056011,0.22,0.516011,9014f4fe3fbd078dde98c0a4ff64e833a1699d9638b5b3dda50d5d2d8649c46a
2026-05-25T09:59:49.263145+00:00,DOGE/USDT,IMBALANCE_SPIKE,NORMAL,NORMAL,EXECUTE,EXECUTE,0.000568,0.065194,0.26,0.545251,f41d71f64a3191ab5aa9cfe510224bd06af91b57c7cd66f46b710b8da40e89eb
2026-05-25T10:00:31.491148+00:00,ETH/USDT,"IMBALANCE_SPIKE,REGIME_TRANSITION_NORMAL_TO_CAUTION",NORMAL,CAUTION,EXECUTE,REDUCE_SIZE,1e-05,0.116415,0.28,0.606416,0273ce34a5181121f669e38a611ed84178963ac0face50afed241eab394ab1d1
2026-05-25T10:00:31.491148+00:00,ADA/USDT,"SPREAD_EXPANDING_FAST,STRESS_SCORE_JUMP,REGIME_TRANSITION_NORMAL_TO_CAUTION",NORMAL,CAUTION,EXECUTE,REDUCE_SIZE,4.080799,0.22361,0.16,1.0,bcc297b8c220bd8cb9349afe1b2c5224afc5006926f1a17f40d00472ba768f04
2026-05-25T10:01:16.702848+00:00,ETH/USDT,REGIME_TRANSITION_CAUTION_TO_NORMAL,CAUTION,NORMAL,REDUCE_SIZE,EXECUTE,-6e-06,-0.045041,-0.22,0.35,3944833048bf1575e815ffe108e7a912a65d71515f7ca1c34597a146466f16ee
2026-05-25T10:01:16.702848+00:00,TON/USDT,"SPREAD_EXPANDING_FAST,REGIME_TRANSITION_NORMAL_TO_CAUTION",NORMAL,CAUTION,EXECUTE,REDUCE_SIZE,2.219448,0.083611,-0.06,0.655556,11cd7e980cefdf18ace27cf4cee8f12d97e5b17377db343ae6ad8552a63b3e26
2026-05-25T10:08:27.575705+00:00,BTC/USDT,IMBALANCE_SPIKE,CAUTION,CAUTION,REDUCE_SIZE,REDUCE_SIZE,2e-06,0.065,0.26,0.545,f98ed0fa3b73748cd4050b60cf363c536bc9390a8d950998dde443b104255c37
2026-05-25T10:08:27.575705+00:00,ETH/USDT,IMBALANCE_SPIKE,NORMAL,NORMAL,EXECUTE,EXECUTE,-1.7e-05,0.064804,0.32,0.574804,0a58a8dbfbe0c70b1c2b9b3beeedbd23fd5c2a4f7c52fe87df99c6689a1c9148
2026-05-25T10:08:27.575705+00:00,ADA/USDT,REGIME_TRANSITION_CAUTION_TO_NORMAL,CAUTION,NORMAL,REDUCE_SIZE,EXECUTE,0.0,-0.024982,-0.1,0.35,323a8cea2363a6f66e7d95492edefe2c120c27c658d8b2ce6369de66af51ec59
2026-05-25T10:08:27.575705+00:00,TON/USDT,REGIME_TRANSITION_CAUTION_TO_NORMAL,CAUTION,NORMAL,REDUCE_SIZE,EXECUTE,-2.224825,-0.116221,-0.08,0.35,e4ab02e2a71a35e0414583c0b03d6a4ba302ba0dea0c84cc2f68f7fd2a7002df
2026-05-25T10:09:23.133700+00:00,ADA/USDT,"SPREAD_EXPANDING_FAST,STRESS_SCORE_JUMP,REGIME_TRANSITION_NORMAL_TO_CAUTION",NORMAL,CAUTION,EXECUTE,REDUCE_SIZE,4.075807,0.168376,-0.06,0.925957,4b1b8a8485ff5eb91f341d0277b2292e2a74fe658f21e42d38dc4db08b91d330
2026-05-25T10:09:23.133700+00:00,TON/USDT,SPREAD_EXPANDING_FAST,NORMAL,NORMAL,EXECUTE,EXECUTE,2.217631,0.086196,-0.04,0.657959,0425fbd7328cb266e1b5b61d4a643f9a3f596852804726e93b90aa0abe7bf4cc
2026-05-28T01:53:38.395105+00:00,BNB/USDT,"STRESS_SCORE_JUMP,REGIME_TRANSITION_NORMAL_TO_CAUTION",NORMAL,CAUTION,EXECUTE,REDUCE_SIZE,0.035287,0.242864,0.1,0.646393,ea301038f441ed49aa5e151445b3755378bc9d74a5f6eb7409d198bcbc4babac
2026-05-28T01:53:38.395105+00:00,DOGE/USDT,IMBALANCE_SPIKE,NORMAL,NORMAL,EXECUTE,EXECUTE,0.023431,0.056052,0.22,0.518395,b2a2fcd13800829c08131f0377f7b843728dc46c00b2448a83400167f86ce5d1
2026-05-28T01:53:38.395105+00:00,ADA/USDT,REGIME_TRANSITION_CAUTION_TO_NORMAL,CAUTION,NORMAL,REDUCE_SIZE,EXECUTE,-3.948738,-0.167631,0.04,0.37,86ba5ba4e735bf1e6bb222c71450e64dae09c7be7004d5b0a7ab0fbe50004824
2026-05-28T01:53:38.395105+00:00,AVAX/USDT,IMBALANCE_SPIKE,NORMAL,NORMAL,EXECUTE,EXECUTE,1.145466,0.136075,0.32,0.760622,4fb121f75fd156bd8102ebe78c196a09f278140802e5e0bb5855361bc94341f7
2026-05-28T01:53:38.395105+00:00,LINK/USDT,IMBALANCE_SPIKE,NORMAL,NORMAL,EXECUTE,EXECUTE,0.05036,0.072761,0.28,0.567797,7b02c29ab1129e5ffc6d539f3d10c03e8208f19e50ea03f00347ade57621ad28
2026-05-29T04:04:08.235797+00:00,BTC/USDT,"STRESS_SCORE_JUMP,IMBALANCE_SPIKE,REGIME_TRANSITION_CAUTION_TO_HIGH_STRESS",CAUTION,HIGH_STRESS,REDUCE_SIZE,PAUSE,0.000177,0.180008,0.72,0.890026,41eabb1a887ab0cc2e3c887395a9668f267582cef9fa010ceb2f1c0d6f2cc820
2026-05-29T04:04:08.235797+00:00,BNB/USDT,REGIME_TRANSITION_CAUTION_TO_NORMAL,CAUTION,NORMAL,REDUCE_SIZE,EXECUTE,0.026019,-0.230049,-0.12,0.352602,c38b3c4159f56705b3298fb1dd1bf82f58fce079c6babb31631e19333bd043b8
2026-05-29T04:04:08.235797+00:00,XRP/USDT,IMBALANCE_SPIKE,CAUTION,CAUTION,REDUCE_SIZE,REDUCE_SIZE,-0.046796,0.082874,0.34,0.602874,edcbc36d3f443b8e589030a75985dfa70e39b647727e797a3eac9ba4fdaa9081
2026-05-29T04:04:08.235797+00:00,LINK/USDT,SPREAD_EXPANDING_FAST,NORMAL,NORMAL,EXECUTE,EXECUTE,2.253639,-0.002588,-0.42,0.575364,13f8041ecbccb3d9746b8bedd182a4aa03134597592b09f3dfe6e7d863b7089c
2026-05-29T04:04:49.550200+00:00,BTC/USDT,REGIME_TRANSITION_HIGH_STRESS_TO_CAUTION,HIGH_STRESS,CAUTION,PAUSE,REDUCE_SIZE,-2e-06,-0.03,-0.12,0.35,c440b44338a49a6aef56b9091b44ae75d3b5a61a339ca7af873465a3d372b299
2026-05-29T04:04:49.550200+00:00,ETH/USDT,IMBALANCE_SPIKE,NORMAL,NORMAL,EXECUTE,EXECUTE,-2.1e-05,0.135089,0.56,0.765089,841fd5d67d29de7324234f4e07fa98ae5fe5e8f9f13025d6bdbbcf1b51b101a8
2026-05-29T04:04:49.550200+00:00,ADA/USDT,"SPREAD_EXPANDING_FAST,STRESS_SCORE_JUMP,REGIME_TRANSITION_NORMAL_TO_CAUTION",NORMAL,CAUTION,EXECUTE,REDUCE_SIZE,4.278071,0.182495,-0.04,0.960302,8829737c14c2e153d737c451a9eaab4477a2e42511c96d311b69e22d8c3e6a04
2026-05-29T04:05:26.801657+00:00,BNB/USDT,REGIME_TRANSITION_NORMAL_TO_CAUTION,NORMAL,CAUTION,EXECUTE,REDUCE_SIZE,0.000247,0.083194,-0.02,0.433219,101890f466d76390647de6c886baeceb7dd26dcdf59bebadb10c8f72a4e23e4e
2026-05-29T04:05:26.801657+00:00,ADA/USDT,REGIME_TRANSITION_CAUTION_TO_NORMAL,CAUTION,NORMAL,REDUCE_SIZE,EXECUTE,-4.279905,-0.207565,-0.06,0.35,05e43720df5c03ca9e9985d7c401be34d4ce65dd148e7ffdce8526ab05b19a59
2026-05-29T04:06:03.395023+00:00,ETH/USDT,IMBALANCE_SPIKE,NORMAL,NORMAL,EXECUTE,EXECUTE,1.1e-05,0.108681,0.4,0.658682,28ed7a51f61f7469d26e399f37423d6736b55282d2e343537e25a6c00abe8f29
2026-05-29T04:06:03.395023+00:00,BNB/USDT,REGIME_TRANSITION_CAUTION_TO_NORMAL,CAUTION,NORMAL,REDUCE_SIZE,EXECUTE,0.000495,-0.161178,0.0,0.350049,a9d45ad72868e9c7b456100c99027446144f4da3b4be39ac78d9937f3d7bc2c7
2026-05-29T04:07:17.559600+00:00,BTC/USDT,IMBALANCE_SPIKE,CAUTION,CAUTION,REDUCE_SIZE,REDUCE_SIZE,9e-06,0.085,0.34,0.605001,244f49d34b249b6be27131d8adc1eeef491a32107fce03d6910939b922e418ca
2026-05-29T04:07:17.559600+00:00,ETH/USDT,IMBALANCE_SPIKE,NORMAL,NORMAL,EXECUTE,EXECUTE,3.8e-05,0.067698,0.26,0.547702,f6f2f2875b868fd174bf22abb73a6fa04967422375deded2395574c72f5dfa57
2026-05-29T04:07:17.559600+00:00,SOL/USDT,IMBALANCE_SPIKE,NORMAL,NORMAL,EXECUTE,EXECUTE,0.001052,0.070353,0.28,0.560458,009000bd112950efd7d3651d0ca89f2aba9a148eea6d3f619325fba772cc0138
2026-05-29T04:07:17.559600+00:00,XRP/USDT,IMBALANCE_SPIKE,CAUTION,CAUTION,REDUCE_SIZE,REDUCE_SIZE,0.005827,0.060254,0.24,0.530837,18f78e11de3c867a028efd86dfcbdd9be693f9e7e2b95c67d88c64abcd2d0492
2026-05-29T04:07:17.559600+00:00,AVAX/USDT,"SPREAD_EXPANDING_FAST,REGIME_TRANSITION_NORMAL_TO_CAUTION",NORMAL,CAUTION,EXECUTE,REDUCE_SIZE,2.255046,0.127337,0.1,0.752842,473659299ae2f1cd8922a246cd6912dd5beb5c94c1b3ca48eafc58d4a893e7bf
2026-05-29T04:07:17.559600+00:00,LINK/USDT,SPREAD_EXPANDING_FAST,NORMAL,NORMAL,EXECUTE,EXECUTE,2.237637,0.066264,-0.12,0.640028,5b954c4345c3cf5581822c02331a1cad537c15f176cf8dc013bc36051084e238
2026-05-29T04:07:56.623840+00:00,AVAX/USDT,REGIME_TRANSITION_CAUTION_TO_NORMAL,CAUTION,NORMAL,REDUCE_SIZE,EXECUTE,-2.254155,-0.081304,0.04,0.37,54f39176463607607693c87f4c7e7f149d1de715b0030f420df4ae25c8c5d31f
2026-05-29T04:08:36.392369+00:00,ETH/USDT,IMBALANCE_SPIKE,NORMAL,NORMAL,EXECUTE,EXECUTE,4.4e-05,0.107681,0.48,0.697685,19bae3cac03b2dc0e20cb0786628d80ee11006b16710a0254f0b2c704e871576
2026-05-29T04:08:36.392369+00:00,AVAX/USDT,REGIME_TRANSITION_NORMAL_TO_CAUTION,NORMAL,CAUTION,EXECUTE,REDUCE_SIZE,1.129878,0.059627,0.08,0.562615,4a1c815503fdf49fd98640efbffef225855ff39b23b3528eb5732089c78d3db8
2026-05-29T04:08:36.392369+00:00,LINK/USDT,"SPREAD_EXPANDING_FAST,STRESS_SCORE_JUMP",NORMAL,NORMAL,EXECUTE,EXECUTE,3.3594,0.181667,0.14,0.937607,44795faedfbb6eefa9b8dabb8cd08691a26bf3f0a3468703b7db4a285ff83511
2026-05-29T04:09:11.981528+00:00,BTC/USDT,IMBALANCE_SPIKE,CAUTION,CAUTION,REDUCE_SIZE,REDUCE_SIZE,-4e-06,0.065,0.26,0.545,45c06824a0a351fa8f14d232a194e68fbd286de683439a68e3bb180780aeed6f
2026-05-29T04:09:11.981528+00:00,DOGE/USDT,IMBALANCE_SPIKE,NORMAL,NORMAL,EXECUTE,EXECUTE,0.00133,0.070109,0.28,0.560242,e11b6529824116213ad3f1ccfe8b7af8977783233e40e5bf3044d37989b5122c
2026-05-29T04:09:11.981528+00:00,ADA/USDT,REGIME_TRANSITION_NORMAL_TO_CAUTION,NORMAL,CAUTION,EXECUTE,REDUCE_SIZE,0.005531,0.040242,0.16,0.470795,16811d3151c3b38bba02fdbb89e1ef48083b9d43839cd4c383add1eb1d1768ec
2026-05-29T04:09:11.981528+00:00,TON/USDT,REGIME_TRANSITION_NORMAL_TO_CAUTION,NORMAL,CAUTION,EXECUTE,REDUCE_SIZE,0.572446,0.037272,0.04,0.464517,dc5f3ce42f751db59ff3bd1f0d0a90bda1420e91b316e4822d1f541ffb066600
2026-05-29T04:10:25.154010+00:00,SOL/USDT,IMBALANCE_SPIKE,NORMAL,NORMAL,EXECUTE,EXECUTE,0.0,0.055505,0.22,0.515505,4110b3bd6279624ff82bb77791b485b4a88f89e2f64252757ff4d937698f4c79
2026-05-29T04:11:07.074937+00:00,DOGE/USDT,"STRESS_SCORE_JUMP,IMBALANCE_SPIKE,REGIME_TRANSITION_NORMAL_TO_CAUTION",NORMAL,CAUTION,EXECUTE,REDUCE_SIZE,0.000205,0.17002,0.68,0.860041,49ce1a794de11cdb5591900026d9fa2b83caec65b51c09c925d328fa576225d3
2026-05-29T04:11:07.074937+00:00,AVAX/USDT,REGIME_TRANSITION_CAUTION_TO_NORMAL,CAUTION,NORMAL,REDUCE_SIZE,EXECUTE,-1.130134,-0.054022,0.0,0.35,b4458d5272f23f4a80dbd915b5edb2ff7ebc81a6175a2af218a5dbe5e3f5142d
2026-05-29T04:11:46.668301+00:00,BTC/USDT,IMBALANCE_SPIKE,CAUTION,CAUTION,REDUCE_SIZE,REDUCE_SIZE,-1e-06,0.08,0.32,0.59,54cc6e5405e2551f2950d4d2c8b39bbda9a7efea2a6090e36b285d43cbbcd07d
2026-05-29T04:11:46.668301+00:00,ETH/USDT,IMBALANCE_SPIKE,NORMAL,NORMAL,EXECUTE,EXECUTE,1e-06,0.10113,0.38,0.64113,884e5855e0e9d54c7d72238880168fdacd29a4b64eb540c324b12892a07025d6
2026-05-29T04:11:46.668301+00:00,DOGE/USDT,REGIME_TRANSITION_CAUTION_TO_NORMAL,CAUTION,NORMAL,REDUCE_SIZE,EXECUTE,0.000103,-0.040006,-0.16,0.35001,086b5911395a37c7206f17a63cdfaac6ae4880c1f57c8d933f99b16250bdff52
2026-05-29T04:11:46.668301+00:00,AVAX/USDT,"SPREAD_EXPANDING_FAST,REGIME_TRANSITION_NORMAL_TO_CAUTION",NORMAL,CAUTION,EXECUTE,REDUCE_SIZE,2.262827,0.10226,0.0,0.678543,ef30043fd5e1adb2b3736f392efd322de6f1cb67db8425ddb24c35be86ca03e3
2026-05-29T04:13:09.792813+00:00,BTC/USDT,IMBALANCE_SPIKE,CAUTION,CAUTION,REDUCE_SIZE,REDUCE_SIZE,-2e-06,0.09,0.36,0.62,eee40c6ca5e826b041e4ccb8dee8a8c75c7e62f1407d9570794dcb80aaa78b56
2026-05-29T04:13:09.792813+00:00,ETH/USDT,IMBALANCE_SPIKE,NORMAL,NORMAL,EXECUTE,EXECUTE,-2.2e-05,0.13746,0.58,0.77746,34c0ae98b3b6a8a890a413ae9fe6394c13b7b964dd4bd505f1cba738587c402b
2026-05-29T04:13:09.792813+00:00,BNB/USDT,REGIME_TRANSITION_NORMAL_TO_CAUTION,NORMAL,CAUTION,EXECUTE,REDUCE_SIZE,-0.000248,0.047072,-0.02,0.397072,b7102f73b2d8c92af41aa9ca2f4ef80caf5bc79ade8bab4bf002ee85d2add204
2026-05-29T04:13:09.792813+00:00,ADA/USDT,REGIME_TRANSITION_CAUTION_TO_NORMAL,CAUTION,NORMAL,REDUCE_SIZE,EXECUTE,0.0,-0.014971,-0.06,0.35,1ea59f6ead2f0c08981d7544f68517cafd4ade58acf7f210913914fa85412799
2026-05-29T04:13:09.792813+00:00,TON/USDT,REGIME_TRANSITION_CAUTION_TO_NORMAL,CAUTION,NORMAL,REDUCE_SIZE,EXECUTE,-1.141353,-0.108532,-0.24,0.35,117ab1237c49455efc8faa51b34d0a038e0e82519726290dde5bffcb247f1c6c
2026-05-29T04:13:48.981631+00:00,BNB/USDT,REGIME_TRANSITION_CAUTION_TO_NORMAL,CAUTION,NORMAL,REDUCE_SIZE,EXECUTE,-0.000744,-0.112259,0.0,0.35,14d6174382c675d721c633281f06ea23dafccba53211798b1a6f2d7cf13ab8f6
2026-05-29T04:13:48.981631+00:00,XRP/USDT,IMBALANCE_SPIKE,CAUTION,CAUTION,REDUCE_SIZE,REDUCE_SIZE,-0.005863,0.119737,0.48,0.709737,f478e84cfcfa284d81872d853a27e9a75f6c1bebb00be8b57c0abfb92a174888
2026-05-29T04:13:48.981631+00:00,AVAX/USDT,SPREAD_EXPANDING_FAST,CAUTION,CAUTION,REDUCE_SIZE,REDUCE_SIZE,2.259631,0.078177,-0.06,0.65414,d7e6a4b9cf49e2685323acc82542323a6460c0da100b552bf8662189d8f49a5c
2026-05-29T04:14:29.465086+00:00,BTC/USDT,IMBALANCE_SPIKE,CAUTION,CAUTION,REDUCE_SIZE,REDUCE_SIZE,3e-06,0.055,0.22,0.515,0387bd4906d819fa54d248a3650351eba24b8d4007c98bfed0aa8b816bdd9dc0
2026-05-29T04:14:29.465086+00:00,LINK/USDT,REGIME_TRANSITION_NORMAL_TO_CAUTION,NORMAL,CAUTION,EXECUTE,REDUCE_SIZE,1.122144,0.037056,-0.06,0.49927,f259a2d13e56c0c31aca6ed97d286e36e251bfc1078a72a11d0365b9d2c8e0b8
2026-05-29T04:14:29.465086+00:00,TON/USDT,SPREAD_EXPANDING_FAST,NORMAL,NORMAL,EXECUTE,EXECUTE,2.847202,0.128527,0.0,0.763247,fa346ef1dd9313abb6666a32f18461efb6a5589ca8019283b6fe253d6e246377
2026-05-29T04:15:10.473932+00:00,LINK/USDT,REGIME_TRANSITION_CAUTION_TO_NORMAL,CAUTION,NORMAL,REDUCE_SIZE,EXECUTE,-1.122898,-0.052082,0.0,0.35,a451d98c07f43884c672199fb660c238fe90e18afbdf2f2f4dd0a1e7ed2c2b31
2026-05-29T04:17:13.898285+00:00,BTC/USDT,IMBALANCE_SPIKE,CAUTION,CAUTION,REDUCE_SIZE,REDUCE_SIZE,-3e-06,0.1,0.4,0.65,96affec95f47741db5f9760faf322e785c4bdbd71f34ad831ae3707f1474bb2e
2026-05-29T04:17:13.898285+00:00,ETH/USDT,"STRESS_SCORE_JUMP,IMBALANCE_SPIKE",NORMAL,NORMAL,EXECUTE,EXECUTE,-2.1e-05,0.164826,0.7,0.864826,d19cd85560de020f07ffc19567f868f8b5c79a7a396a67be8499ecc208ca1880
2026-05-29T04:17:13.898285+00:00,SOL/USDT,IMBALANCE_SPIKE,NORMAL,NORMAL,EXECUTE,EXECUTE,-0.001053,0.062475,0.24,0.532475,1232b9e68ef5929418a044018d308decb6a8d48498a065c15bb7855ffeec49b0
2026-05-29T04:17:13.898285+00:00,XRP/USDT,IMBALANCE_SPIKE,CAUTION,CAUTION,REDUCE_SIZE,REDUCE_SIZE,-0.011717,0.084471,0.34,0.604471,f3fc1f0ee1b9686fdca54fffecc687410bf0854811ed7b2fbd1defbce4e9e2bc
2026-05-29T04:17:54.105807+00:00,XRP/USDT,"IMBALANCE_SPIKE,REGIME_TRANSITION_CAUTION_TO_HIGH_STRESS",CAUTION,HIGH_STRESS,REDUCE_SIZE,PAUSE,0.0,0.069996,0.28,0.559996,78d05f9ca3ebe24d5f07a25ab3edf3996618200c9c059e3df21bc8a5e95bdefb
2026-05-29T04:18:30.533604+00:00,XRP/USDT,REGIME_TRANSITION_HIGH_STRESS_TO_CAUTION,HIGH_STRESS,CAUTION,PAUSE,REDUCE_SIZE,0.0,-0.034989,-0.14,0.35,5027d9103e4787e5af0fb792b4243c695554c955ec52cfe2f079a86014a66586
2026-05-29T04:18:30.533604+00:00,AVAX/USDT,REGIME_TRANSITION_CAUTION_TO_NORMAL,CAUTION,NORMAL,REDUCE_SIZE,EXECUTE,-1.129369,-0.062774,-0.04,0.35,aff16feb6a560dc4ceb0225adcc4bc37445db5485e8f91ee4eb288806f181d49
2026-05-29T04:19:08.305496+00:00,BNB/USDT,"STRESS_SCORE_JUMP,REGIME_TRANSITION_NORMAL_TO_CAUTION",NORMAL,CAUTION,EXECUTE,REDUCE_SIZE,0.000248,0.156968,-0.02,0.506993,19dbbdb7c3d9176047b446b96bd8620a07350df2f8f43b313c41914268926a41
2026-05-29T04:19:08.305496+00:00,AVAX/USDT,REGIME_TRANSITION_NORMAL_TO_CAUTION,NORMAL,CAUTION,EXECUTE,REDUCE_SIZE,1.129369,0.055822,0.02,0.528759,525f74527eb57a1d664a7d4e8e6cd1e5f2adf90ee3d28008b70c42587eb950b4
2026-05-29T04:19:52.073641+00:00,BNB/USDT,REGIME_TRANSITION_CAUTION_TO_NORMAL,CAUTION,NORMAL,REDUCE_SIZE,EXECUTE,1.574679,-0.098661,-0.02,0.507468,11aa5eaed46e6f975e5fa9b7df211b4ab9a2e9a09c9f24cff7b95928cd308bdc
2026-05-29T04:19:52.073641+00:00,XRP/USDT,IMBALANCE_SPIKE,CAUTION,CAUTION,REDUCE_SIZE,REDUCE_SIZE,0.005863,0.115262,0.46,0.695848,2bc78aa4a37baee494d55db2bd4453c93e681d5cf7107a9f3d1c11750da6e5d6
2026-05-29T04:19:52.073641+00:00,ADA/USDT,REGIME_TRANSITION_NORMAL_TO_CAUTION,NORMAL,CAUTION,EXECUTE,REDUCE_SIZE,0.001842,0.04509,0.18,0.485274,c7055ba7e30875e2c723c61832b96592773080295be863ef4fd71874c8be1f89
2026-05-29T04:19:52.073641+00:00,AVAX/USDT,REGIME_TRANSITION_CAUTION_TO_NORMAL,CAUTION,NORMAL,REDUCE_SIZE,EXECUTE,-1.12822,-0.048025,0.02,0.36,edf36718d0e66ae37f5feb65cb6046a7a1963fa03e73aa0838225ed6f43ba163
2026-05-29T04:20:31.005613+00:00,ADA/USDT,REGIME_TRANSITION_CAUTION_TO_NORMAL,CAUTION,NORMAL,REDUCE_SIZE,EXECUTE,0.0,-0.025024,-0.1,0.35,5a5b8dac515cbcc91faa40f6c2429fff8fed77ea3e8c510715b77699c42e5ded
2026-05-29T04:20:31.005613+00:00,AVAX/USDT,REGIME_TRANSITION_NORMAL_TO_CAUTION,NORMAL,CAUTION,EXECUTE,REDUCE_SIZE,1.130263,0.047421,0.0,0.510447,eb3009e133771cc4c7c439076c9ea72ba7ba31a947aa166190d047ba3f60002b
2026-05-29T04:21:08.865561+00:00,BTC/USDT,IMBALANCE_SPIKE,CAUTION,CAUTION,REDUCE_SIZE,REDUCE_SIZE,0.0,0.055,0.22,0.515,d7721e105e0a612238710ed7a6d42a24447df91c1e78f3072ef0b72b7a5c27de
2026-05-29T04:21:08.865561+00:00,BNB/USDT,"STRESS_SCORE_JUMP,REGIME_TRANSITION_NORMAL_TO_CAUTION",NORMAL,CAUTION,EXECUTE,REDUCE_SIZE,0.000248,0.193019,0.04,0.563044,77fedf9890914f132635446a9b8e22ab5031e92337ca55b328e99812a4e61a83
2026-05-29T04:21:46.907421+00:00,BTC/USDT,IMBALANCE_SPIKE,CAUTION,CAUTION,REDUCE_SIZE,REDUCE_SIZE,-2e-06,0.11,0.44,0.68,5904ad49d0d37f8878e081861324826c968bcf8288babf1c69d74aa761ddcf18
2026-05-29T04:22:25.290435+00:00,BNB/USDT,REGIME_TRANSITION_CAUTION_TO_NORMAL,CAUTION,NORMAL,REDUCE_SIZE,EXECUTE,-0.000495,-0.134607,0.02,0.36,6bf16018095a8c4f6c8ccd185c144f9b38fea6ffe6cfc83596f89ba9f02d71ac
2026-05-29T04:22:25.290435+00:00,ADA/USDT,REGIME_TRANSITION_NORMAL_TO_CAUTION,NORMAL,CAUTION,EXECUTE,REDUCE_SIZE,-0.001837,0.004892,0.02,0.364892,74b84cae8300aa0425a7f109e0d51b33681b01d764ce8eac6d022b313cfd71d2
2026-05-29T04:22:25.290435+00:00,AVAX/USDT,REGIME_TRANSITION_CAUTION_TO_NORMAL,CAUTION,NORMAL,REDUCE_SIZE,EXECUTE,-1.129369,-0.060129,0.0,0.35,a3fa4fdde8dfae2a4c654f527e2dd8055ba6ff7775b216bc6ec4dfde17c363df
2026-05-29T04:22:25.290435+00:00,TON/USDT,SPREAD_EXPANDING_FAST,NORMAL,NORMAL,EXECUTE,EXECUTE,2.840312,0.100312,-0.04,0.734343,e2c23aba1dc5220deed104f94b1aa57aebcd71521ea8161fae05297dfa60b881
2026-05-29T04:23:41.757669+00:00,BNB/USDT,REGIME_TRANSITION_NORMAL_TO_CAUTION,NORMAL,CAUTION,EXECUTE,REDUCE_SIZE,-0.000248,0.038483,0.02,0.398483,04486b9153535d44f293519d56ce8ff88b06a2a64535e34bcb07abe3c4f6328a
2026-05-29T04:23:41.757669+00:00,DOGE/USDT,IMBALANCE_SPIKE,NORMAL,NORMAL,EXECUTE,EXECUTE,-0.00041,0.064978,0.26,0.544978,962f4a8f2e9636f757f3e2c9c734a804f9187933cd5b0f5ba65fb01153664ec4
2026-05-29T04:24:17.895262+00:00,BTC/USDT,"STRESS_SCORE_JUMP,IMBALANCE_SPIKE,REGIME_TRANSITION_CAUTION_TO_HIGH_STRESS",CAUTION,HIGH_STRESS,REDUCE_SIZE,PAUSE,-4e-06,0.175,0.7,0.875,ef6d49aec0dddfb860fec689d84592187f1c391610568e55259dc178829ca726
2026-05-29T04:24:17.895262+00:00,ETH/USDT,IMBALANCE_SPIKE,NORMAL,NORMAL,EXECUTE,EXECUTE,-1.8e-05,0.133233,0.56,0.763233,3329d6e16e605003cd11054d333e6966efbf304fb492bc912ed4c482fbc1c6f5
2026-05-29T04:24:55.744104+00:00,BTC/USDT,REGIME_TRANSITION_HIGH_STRESS_TO_CAUTION,HIGH_STRESS,CAUTION,PAUSE,REDUCE_SIZE,-1e-06,-0.11,-0.44,0.35,d7f4dfd211eca23a108e418c913724abc9ad63e2248f7975f9eebe5b0d2c48a8
2026-05-29T04:25:35.050270+00:00,XRP/USDT,"SPREAD_EXPANDING_FAST,REGIME_TRANSITION_CAUTION_TO_HIGH_STRESS",CAUTION,HIGH_STRESS,REDUCE_SIZE,PAUSE,7.642336,0.110829,0.02,1.0,f4e08739b4c8ba7aafcfce258c007ca2be6d23a0e87173dfcfa698e02a4f7c16
2026-05-29T04:25:35.050270+00:00,ADA/USDT,REGIME_TRANSITION_CAUTION_TO_NORMAL,CAUTION,NORMAL,REDUCE_SIZE,EXECUTE,-0.001834,-0.01007,-0.04,0.35,1929543ae1bf04121e3b513d97072765ed95e1360c264ee332735364baa47483
2026-05-29T04:26:12.416873+00:00,BTC/USDT,"IMBALANCE_SPIKE,REGIME_TRANSITION_CAUTION_TO_HIGH_STRESS",CAUTION,HIGH_STRESS,REDUCE_SIZE,PAUSE,-5e-06,0.1,0.4,0.65,e5491f898e9c198acfa0385b4822ba0537b913b2bc152dc3c5456980d7aba9e2
2026-05-29T04:26:12.416873+00:00,SOL/USDT,IMBALANCE_SPIKE,NORMAL,NORMAL,EXECUTE,EXECUTE,-0.00015,0.059804,0.24,0.529804,ab2a251de41868e8169846d655324c06a37d8446b66b2e2afc3a7e3b92041898
2026-05-29T04:26:12.416873+00:00,XRP/USDT,REGIME_TRANSITION_HIGH_STRESS_TO_CAUTION,HIGH_STRESS,CAUTION,PAUSE,REDUCE_SIZE,-7.648181,-0.116083,-0.04,0.35,746fb7e2ec6c968e1283addaeca2212ce3dd09e904b1a838673b913e0ca76b4e
2026-05-29T04:26:54.463054+00:00,ETH/USDT,IMBALANCE_SPIKE,NORMAL,NORMAL,EXECUTE,EXECUTE,-4e-06,0.060325,0.24,0.530325,e8dc5f61ad156c426cdacc9868d5a8d2681d50c1c3736628263fe85d65d55ad8
2026-05-29T04:26:54.463054+00:00,BNB/USDT,REGIME_TRANSITION_CAUTION_TO_NORMAL,CAUTION,NORMAL,REDUCE_SIZE,EXECUTE,0.0,-0.028226,0.06,0.38,8ee5c733865b9b79fd4bd7a21dc1c0642af2bf4f001861b2d508fde2f1109f89
2026-05-29T04:26:54.463054+00:00,AVAX/USDT,"SPREAD_EXPANDING_FAST,REGIME_TRANSITION_NORMAL_TO_CAUTION",NORMAL,CAUTION,EXECUTE,REDUCE_SIZE,2.257336,0.096616,0.0,0.67235,3ef5fe2aeb7e7132848e50d21c35748f062da5fb1061bb4676f8639fc5cfa024
2026-05-29T04:26:54.463054+00:00,LINK/USDT,SPREAD_EXPANDING_FAST,NORMAL,NORMAL,EXECUTE,EXECUTE,2.238137,0.100892,0.0,0.674706,0050f58d61a58e1ea09cb218aeb1b3d3fe8c7fb62be5a0da2dc2e08d72869917
2026-05-29T04:27:32.662059+00:00,BTC/USDT,REGIME_TRANSITION_HIGH_STRESS_TO_CAUTION,HIGH_STRESS,CAUTION,PAUSE,REDUCE_SIZE,2e-06,-0.159999,-0.64,0.35,678137d5cdf06852c0f3530ea4485f154529a92929bcc436db8875345618b3b5
2026-05-29T04:28:18.033240+00:00,BTC/USDT,IMBALANCE_SPIKE,CAUTION,CAUTION,REDUCE_SIZE,REDUCE_SIZE,-1e-06,0.065,0.26,0.545,d455c1852d3dd554a6cf4d7f47f72df9d39307e515dbd36ecc696c21b10228ac
2026-05-29T04:28:18.033240+00:00,BNB/USDT,REGIME_TRANSITION_NORMAL_TO_CAUTION,NORMAL,CAUTION,EXECUTE,REDUCE_SIZE,0.0,0.082503,0.02,0.442503,fbb4933ed550370965c761fe84aae05b36bd1d7e332999f3ac5253fedd9c1ec5
2026-05-29T04:28:18.033240+00:00,AVAX/USDT,REGIME_TRANSITION_CAUTION_TO_NORMAL,CAUTION,NORMAL,REDUCE_SIZE,EXECUTE,-1.128604,-0.045956,0.0,0.35,5a7b365ffb4d6588fbb7e02e486b2556f6bb77475552e89cdcfa8522105e1926
2026-05-29T04:28:57.109099+00:00,BNB/USDT,REGIME_TRANSITION_CAUTION_TO_NORMAL,CAUTION,NORMAL,REDUCE_SIZE,EXECUTE,-0.000495,-0.072225,0.02,0.36,73b78db3d4278f656fea568a1dee47a9244f14cf12dd95847adb965c5a41f34e
2026-05-29T04:29:37.970776+00:00,BTC/USDT,REGIME_TRANSITION_CAUTION_TO_HIGH_STRESS,CAUTION,HIGH_STRESS,REDUCE_SIZE,PAUSE,-4e-06,0.065606,0.18,0.505606,61a49aea66602cc395d332cefa596284cec54bbe41973bd2bf0f3dfacc465617
2026-05-29T04:29:37.970776+00:00,ETH/USDT,"STRESS_SCORE_JUMP,IMBALANCE_SPIKE,REGIME_TRANSITION_NORMAL_TO_CAUTION",NORMAL,CAUTION,EXECUTE,REDUCE_SIZE,-3.8e-05,0.244013,0.9,1.0,8c8a610ae4294f4f4b082a0436db6f373cee3fcaff4ad256342ae311dc83b121
2026-05-29T04:30:16.215825+00:00,BTC/USDT,REGIME_TRANSITION_HIGH_STRESS_TO_CAUTION,HIGH_STRESS,CAUTION,PAUSE,REDUCE_SIZE,1e-06,-0.195,-0.78,0.35,007e198caa248799f6b7b182584ea63cd74257ef8973ebcbacaa61708db61ce2
2026-05-29T04:30:16.215825+00:00,ETH/USDT,REGIME_TRANSITION_CAUTION_TO_NORMAL,CAUTION,NORMAL,REDUCE_SIZE,EXECUTE,3e-06,-0.107082,-0.34,0.35,d89fc6c7e3dab185d98b65f440a726dda5ac39693adc3ee6c28c8a1c21a12afc
2026-05-29T04:30:16.215825+00:00,AVAX/USDT,"SPREAD_EXPANDING_FAST,STRESS_SCORE_JUMP,REGIME_TRANSITION_NORMAL_TO_CAUTION",NORMAL,CAUTION,EXECUTE,REDUCE_SIZE,3.382505,0.151162,-0.02,0.839412,b2bafb6a4def607f9675c74a08ff0987fd77929ba0701ac75d41d6341a493cb8
2026-05-29T04:31:31.027992+00:00,BTC/USDT,"STRESS_SCORE_JUMP,IMBALANCE_SPIKE,REGIME_TRANSITION_CAUTION_TO_HIGH_STRESS",CAUTION,HIGH_STRESS,REDUCE_SIZE,PAUSE,-1.1e-05,0.16,0.64,0.83,d81686d84a87f246baa81d069a27c693d988fbbf2722043213b0b02f95d3723f
2026-05-29T04:31:31.027992+00:00,ETH/USDT,IMBALANCE_SPIKE,NORMAL,NORMAL,EXECUTE,EXECUTE,-5.3e-05,0.14355,0.56,0.77355,538a9e2e7411279fd1b4c671c2e119333a77ceb654a2502721a193b2a45c3a43
2026-05-29T04:31:31.027992+00:00,XRP/USDT,IMBALANCE_SPIKE,CAUTION,CAUTION,REDUCE_SIZE,REDUCE_SIZE,-0.011681,0.069478,0.28,0.559478,6a87b8249bf3873c16b945ccc1beef44d07cce7f0dd0044e0c782d71696e70be
2026-05-29T04:31:31.027992+00:00,ADA/USDT,"SPREAD_EXPANDING_FAST,STRESS_SCORE_JUMP,REGIME_TRANSITION_NORMAL_TO_CAUTION",NORMAL,CAUTION,EXECUTE,REDUCE_SIZE,4.267103,0.236997,0.18,1.0,f237b677edb385c7d438c8fea2406c38a966f1eeb9d4249cb514cc79dd7bd2a0
2026-05-29T04:32:07.688673+00:00,BTC/USDT,REGIME_TRANSITION_HIGH_STRESS_TO_CAUTION,HIGH_STRESS,CAUTION,PAUSE,REDUCE_SIZE,8e-06,-0.075,-0.3,0.350001,abf41f7d60f739bd0b3fdbe9a0446dd33bd3dd32089b23d462d813a28fe0077a
2026-05-29T04:32:07.688673+00:00,ETH/USDT,REGIME_TRANSITION_NORMAL_TO_CAUTION,NORMAL,CAUTION,EXECUTE,REDUCE_SIZE,4.8e-05,0.038792,0.08,0.428797,5324ef9342d2b1ccc7c3d347cc58944fc98a9b8e306efe7ae279733487397bc4
2026-05-29T04:32:07.688673+00:00,AVAX/USDT,REGIME_TRANSITION_CAUTION_TO_NORMAL,CAUTION,NORMAL,REDUCE_SIZE,EXECUTE,-2.251491,-0.090818,0.04,0.37,a974ce1ade53675ee75766caf4388ca515f9e56f76ab7d7d2d14362125d0dc14
2026-05-29T04:32:07.688673+00:00,TON/USDT,IMBALANCE_SPIKE,NORMAL,NORMAL,EXECUTE,EXECUTE,1.141169,0.106418,0.22,0.680535,be8725f7e0ae580af8996f06f24d92fe5fb6027479b19725d8417af9c15bda5a
2026-05-29T04:32:44.444357+00:00,ETH/USDT,REGIME_TRANSITION_CAUTION_TO_NORMAL,CAUTION,NORMAL,REDUCE_SIZE,EXECUTE,1e-05,-0.068241,-0.24,0.350001,205a9e2aeb9b17988ae6caad2c71084d53923d423b04da1d35a44bf5c328e619
2026-05-29T04:32:44.444357+00:00,BNB/USDT,"STRESS_SCORE_JUMP,REGIME_TRANSITION_NORMAL_TO_CAUTION",NORMAL,CAUTION,EXECUTE,REDUCE_SIZE,0.000247,0.175157,0.02,0.535182,f1e7ae325564756a5776395fd0729828ffc0b60768d80ac7a1d41056fb986aa8
2026-05-29T04:32:44.444357+00:00,LINK/USDT,SPREAD_EXPANDING_FAST,NORMAL,NORMAL,EXECUTE,EXECUTE,2.235386,0.08636,-0.04,0.659899,cd56d53c37150161597691fd967195ea34594c9a0e11fed49800f99907bb4800
2026-05-29T04:33:22.838182+00:00,BTC/USDT,IMBALANCE_SPIKE,CAUTION,CAUTION,REDUCE_SIZE,REDUCE_SIZE,-4e-06,0.11,0.44,0.68,8919becd403e5b9203a49452bd6edae41c724f62045bbdad133b6427f5f1c507
2026-05-29T04:33:22.838182+00:00,BNB/USDT,REGIME_TRANSITION_CAUTION_TO_NORMAL,CAUTION,NORMAL,REDUCE_SIZE,EXECUTE,-0.000247,-0.161418,-0.04,0.35,34573ba75d40240d6d2309dd9b318fc93c59d3461a69fd333998a9af8676c7f0
2026-05-29T04:33:22.838182+00:00,ADA/USDT,REGIME_TRANSITION_CAUTION_TO_NORMAL,CAUTION,NORMAL,REDUCE_SIZE,EXECUTE,0.001831,-0.009922,-0.04,0.350183,a053ee0c5f05a97832f94203988bc4707561f452171389cf0a148988dd657153
2026-05-29T04:34:00.630072+00:00,ETH/USDT,IMBALANCE_SPIKE,NORMAL,NORMAL,EXECUTE,EXECUTE,-1.5e-05,0.101435,0.44,0.671435,850cbb5a37430f1672a901ca0adfc73e5ae7d259078a4b225592a42bc79d796d
2026-05-29T04:34:00.630072+00:00,BNB/USDT,REGIME_TRANSITION_NORMAL_TO_CAUTION,NORMAL,CAUTION,EXECUTE,REDUCE_SIZE,0.0,0.126049,-0.04,0.476049,4153b5a4e63f4bd76eeb20c33b62bca32612ffb438ebebf686a8588428a9f11c
2026-05-29T04:34:00.630072+00:00,ADA/USDT,REGIME_TRANSITION_NORMAL_TO_CAUTION,NORMAL,CAUTION,EXECUTE,REDUCE_SIZE,-0.001831,0.014914,0.06,0.394914,f03f0a9da2e697b6f87ee78a3033b2852509b659ea04265731464c5540d24eb1
2026-05-29T04:34:41.641037+00:00,BTC/USDT,IMBALANCE_SPIKE,CAUTION,CAUTION,REDUCE_SIZE,REDUCE_SIZE,-1e-06,0.095,0.38,0.635,0bfe208b7ea32e20eececf4b14afd943e898f65f4cf8a2d1a3b30ff358803dcd
2026-05-29T04:34:41.641037+00:00,XRP/USDT,IMBALANCE_SPIKE,CAUTION,CAUTION,REDUCE_SIZE,REDUCE_SIZE,0.0,0.059996,0.24,0.529996,2cb614c967a7a14cc12ea2fd3ab2f549cab495455523ce192c7d20eca5a670fa
2026-05-29T04:35:21.292192+00:00,AVAX/USDT,REGIME_TRANSITION_NORMAL_TO_CAUTION,NORMAL,CAUTION,EXECUTE,REDUCE_SIZE,1.126316,0.043413,0.0,0.506045,774a21c57545a8b72bc50cbc10a346a528078a8a860fc805be063b9b1b85035d
2026-05-29T04:35:21.292192+00:00,LINK/USDT,SPREAD_EXPANDING_FAST,NORMAL,NORMAL,EXECUTE,EXECUTE,2.233389,0.097186,0.0,0.670525,6040cbe498cb7d4c615d3bf829b1693026075b3133dc2c79843438ba5ecc6668
2026-05-29T04:36:00.396987+00:00,BNB/USDT,REGIME_TRANSITION_CAUTION_TO_NORMAL,CAUTION,NORMAL,REDUCE_SIZE,EXECUTE,0.000247,-0.108261,0.06,0.380025,5aa1a96fdaffce5009316c66857a14b90c8710fc2617e957052cbc05dca52d51
2026-05-29T04:36:38.062814+00:00,ETH/USDT,IMBALANCE_SPIKE,NORMAL,NORMAL,EXECUTE,EXECUTE,-9e-06,0.061926,0.24,0.531926,e2b3a0b4565ad5a582ad04f545284a3733306a4f90e10fb9ea9c2437aad87dbd
2026-05-29T04:36:38.062814+00:00,BNB/USDT,REGIME_TRANSITION_NORMAL_TO_CAUTION,NORMAL,CAUTION,EXECUTE,REDUCE_SIZE,-0.000247,0.110558,0.04,0.480558,c785dbcbbc629e18f21733986fc247ae2e01f5dc6146d8c9bd69dd8e6f35d612
2026-05-29T04:36:38.062814+00:00,ADA/USDT,REGIME_TRANSITION_CAUTION_TO_NORMAL,CAUTION,NORMAL,REDUCE_SIZE,EXECUTE,-0.001829,-0.020065,-0.08,0.35,93e346b089f25c924e8bb6200d6ac3ad988f0f8f14cbc21b16ef5c8552c8e7f9
2026-05-29T04:36:38.062814+00:00,AVAX/USDT,REGIME_TRANSITION_CAUTION_TO_NORMAL,CAUTION,NORMAL,REDUCE_SIZE,EXECUTE,-2.252125,-0.101119,0.0,0.35,093d5756c48ff9e319ca9d246ce1d4865e8fc0682a2e181bbafb06646b246a43
2026-05-29T04:37:21.048684+00:00,BTC/USDT,REGIME_TRANSITION_CAUTION_TO_HIGH_STRESS,CAUTION,HIGH_STRESS,REDUCE_SIZE,PAUSE,-3e-06,0.035,0.14,0.455,4c0fad2c544dbe23c23c4079d95f7179a178fbac0e481e5503a8ab7ef7697a55
2026-05-29T04:37:21.048684+00:00,ETH/USDT,IMBALANCE_SPIKE,NORMAL,NORMAL,EXECUTE,EXECUTE,-3e-06,0.047327,0.22,0.507327,dbfbe26616829515c2c80021fa8969bc1ef4dc60b615fb006296d63f6f2436f1
2026-05-29T04:37:21.048684+00:00,BNB/USDT,REGIME_TRANSITION_CAUTION_TO_NORMAL,CAUTION,NORMAL,REDUCE_SIZE,EXECUTE,-0.000247,-0.131072,-0.06,0.35,cd89e65cadcb1cfa4fc3d5c10ab2eee4f332c34182fd389afcbbb44ff7dad1d0
2026-05-29T04:37:21.048684+00:00,AVAX/USDT,"STRESS_SCORE_JUMP,REGIME_TRANSITION_NORMAL_TO_CAUTION",NORMAL,CAUTION,EXECUTE,REDUCE_SIZE,-0.00038,0.275214,-0.04,0.625214,9c7fb863d03b1cfe8187c672907bdf2fea49c7090817e202b6293e972405b6af
2026-05-29T04:38:02.437345+00:00,BTC/USDT,REGIME_TRANSITION_HIGH_STRESS_TO_CAUTION,HIGH_STRESS,CAUTION,PAUSE,REDUCE_SIZE,-3e-06,-0.075,-0.3,0.35,3773a096c3f5d7fbbd5ef222b25966aa4cdd3677a07f15b0c9e72c9465747eff
2026-05-29T04:38:02.437345+00:00,AVAX/USDT,REGIME_TRANSITION_CAUTION_TO_NORMAL,CAUTION,NORMAL,REDUCE_SIZE,EXECUTE,0.0,-0.27823,0.0,0.35,c561638f17660ac78214da220c21a718e94f321912d0cb75794d0df2998ac7ea
2026-05-29T04:38:40.378088+00:00,ETH/USDT,"IMBALANCE_SPIKE,REGIME_TRANSITION_NORMAL_TO_CAUTION",NORMAL,CAUTION,EXECUTE,REDUCE_SIZE,1e-06,0.07498,0.22,0.53498,1e9aa73f1078f4bc112f4cbf2a1a6b893e9713da6519329057df62666683e104
2026-05-29T04:38:40.378088+00:00,BNB/USDT,"STRESS_SCORE_JUMP,REGIME_TRANSITION_NORMAL_TO_CAUTION",NORMAL,CAUTION,EXECUTE,REDUCE_SIZE,0.000247,0.177499,-0.04,0.527524,76e0d346551c4c79ea955b3ec2aef9f35fdb9d99a60e22fd79b406b4218e62e2
2026-05-29T04:38:40.378088+00:00,LINK/USDT,SPREAD_EXPANDING_FAST,NORMAL,NORMAL,EXECUTE,EXECUTE,2.234013,0.097328,0.0,0.670729,35dbd86057a6af042c8a9234f83e8519ff4ebd8639381eea425ae577ed1dea25
2026-05-29T04:39:17.877728+00:00,ETH/USDT,REGIME_TRANSITION_CAUTION_TO_NORMAL,CAUTION,NORMAL,REDUCE_SIZE,EXECUTE,1.6e-05,-0.055854,-0.18,0.350002,0405400497a1a9e29d3ca546525eac65a128ceb4f3db1304904fd51c4e18aecf
2026-05-29T04:39:17.877728+00:00,BNB/USDT,REGIME_TRANSITION_CAUTION_TO_NORMAL,CAUTION,NORMAL,REDUCE_SIZE,EXECUTE,0.000494,-0.11108,0.04,0.370049,fd4a58b8fee1c7c98271b0d9d7001a62a14d7e12d4c92dc49b619518d9dceff8
2026-05-29T04:40:33.834574+00:00,BTC/USDT,IMBALANCE_SPIKE,CAUTION,CAUTION,REDUCE_SIZE,REDUCE_SIZE,0.0,0.085,0.34,0.605,3953742a4788b3e4b336ba3967171e74a3c43b55b1b673a316391ba06db8c94e
2026-05-29T04:41:10.558252+00:00,TON/USDT,SPREAD_EXPANDING_FAST,NORMAL,NORMAL,EXECUTE,EXECUTE,2.26931,0.102119,0.0,0.67905,836358baa9999408304d96143b2b34514e37d9a26f6589b67a9a04e13fa2b38a
2026-05-29T04:43:07.444286+00:00,BTC/USDT,"STRESS_SCORE_JUMP,IMBALANCE_SPIKE,REGIME_TRANSITION_CAUTION_TO_HIGH_STRESS",CAUTION,HIGH_STRESS,REDUCE_SIZE,PAUSE,-4e-06,0.230947,0.7,0.930947,79f180716c5d860315f06051c5f272994b448a1422895cdaf1efbf402b0a2ca4
2026-05-29T04:43:44.126852+00:00,BTC/USDT,REGIME_TRANSITION_HIGH_STRESS_TO_CAUTION,HIGH_STRESS,CAUTION,PAUSE,REDUCE_SIZE,0.0,-0.02,-0.08,0.35,b317d34f916505951cfae964961970afa5c00d7a5e44abaea79123be199c9e82
2026-05-29T04:43:44.126852+00:00,BNB/USDT,REGIME_TRANSITION_NORMAL_TO_CAUTION,NORMAL,CAUTION,EXECUTE,REDUCE_SIZE,0.0,0.123162,0.0,0.473162,579a84255aee0e6759b32f4cb4514662b9cf91d29643964c1ca9fceb9705db73
2026-05-29T04:43:44.126852+00:00,AVAX/USDT,REGIME_TRANSITION_NORMAL_TO_CAUTION,NORMAL,CAUTION,EXECUTE,REDUCE_SIZE,1.125556,0.047149,0.0,0.509705,6fb88bec18af068d1d6c2b75d02808622c2ed838b3583cf71daa5d37b5fc2d17
2026-05-29T04:44:21.972625+00:00,BNB/USDT,REGIME_TRANSITION_CAUTION_TO_NORMAL,CAUTION,NORMAL,REDUCE_SIZE,EXECUTE,0.000495,-0.126486,0.08,0.390049,89a499c3e09a1a63938ea6669b0ecf4ce45338068de39ae5df3cd1300906f19e
2026-05-29T04:44:21.972625+00:00,AVAX/USDT,REGIME_TRANSITION_CAUTION_TO_NORMAL,CAUTION,NORMAL,REDUCE_SIZE,EXECUTE,-3.376921,-0.14955,0.0,0.35,c772eaacfe1996fb8a0faf9df1605bd05400102972a07b17b3db8b459703893f
2026-05-29T04:45:00.484398+00:00,ETH/USDT,"STRESS_SCORE_JUMP,IMBALANCE_SPIKE",NORMAL,NORMAL,EXECUTE,EXECUTE,8e-06,0.151776,0.46,0.731777,f458776cec97b18252cd31ff7914b63444e898c8c9238adde4f0dbe674b41dff
2026-05-29T04:45:00.484398+00:00,BNB/USDT,"STRESS_SCORE_JUMP,REGIME_TRANSITION_NORMAL_TO_CAUTION",NORMAL,CAUTION,EXECUTE,REDUCE_SIZE,-0.000247,0.228681,0.04,0.598681,9e700067cbe5f330ace6447ccbfaf0d165c615c0be0a85c28d26a2d76a31e0ae
2026-05-29T04:45:00.484398+00:00,AVAX/USDT,SPREAD_EXPANDING_FAST,NORMAL,NORMAL,EXECUTE,EXECUTE,2.251365,0.102401,0.0,0.677537,8fc42d067fced61e01a4752deb69ad500ba02a72c4aedc602bb553af20d667f1
2026-05-29T04:45:39.937878+00:00,BTC/USDT,"IMBALANCE_SPIKE,REGIME_TRANSITION_CAUTION_TO_HIGH_STRESS",CAUTION,HIGH_STRESS,REDUCE_SIZE,PAUSE,-3e-06,0.095,0.38,0.635,00d7481c747e1ee42015051ac5fc450a79797ee013d1a39dcb4c0b5fca157458
2026-05-29T04:45:39.937878+00:00,ETH/USDT,IMBALANCE_SPIKE,NORMAL,NORMAL,EXECUTE,EXECUTE,-4.2e-05,0.046505,0.28,0.536505,1b42fea5acfe8f74ff9500319bde2920d236315d535c0900c0e7153f742644cf
2026-05-29T04:45:39.937878+00:00,BNB/USDT,REGIME_TRANSITION_CAUTION_TO_NORMAL,CAUTION,NORMAL,REDUCE_SIZE,EXECUTE,1.570968,-0.13604,0.06,0.537097,b12074aaa97f812ce373e1a4517df8680ea9e52263a618309c0996d92121af2a
2026-05-29T04:45:39.937878+00:00,XRP/USDT,IMBALANCE_SPIKE,CAUTION,CAUTION,REDUCE_SIZE,REDUCE_SIZE,-0.011663,0.104475,0.42,0.664475,30bb95a12369b191a7822a184bd80718c546950df16f35513ca20eed09f5dc8f
2026-05-29T04:46:21.284245+00:00,BTC/USDT,REGIME_TRANSITION_HIGH_STRESS_TO_CAUTION,HIGH_STRESS,CAUTION,PAUSE,REDUCE_SIZE,-3e-06,-0.13,-0.52,0.35,01362a4aad52800fc8cfbcfde841c000d4f1d87c8107854f6d7ad9f78857b455
2026-05-29T04:46:21.284245+00:00,SOL/USDT,IMBALANCE_SPIKE,NORMAL,NORMAL,EXECUTE,EXECUTE,-0.000299,0.075178,0.3,0.575178,563b2600303c13c57e44f9dbfa7b0dff7b57848ea6c587ed417e2328d39bd828
2026-05-29T04:46:21.284245+00:00,BNB/USDT,REGIME_TRANSITION_NORMAL_TO_CAUTION,NORMAL,CAUTION,EXECUTE,REDUCE_SIZE,-1.571215,0.034598,0.08,0.424598,3d6212e433dc678eea20bd3e6ff15460e13803c85f035cb27504e31403aff094
2026-05-29T04:46:21.284245+00:00,LINK/USDT,"SPREAD_EXPANDING_FAST,STRESS_SCORE_JUMP,IMBALANCE_SPIKE,REGIME_TRANSITION_NORMAL_TO_CAUTION",NORMAL,CAUTION,EXECUTE,REDUCE_SIZE,2.232267,0.203126,0.42,0.986353,c28fc1df4d114ef6cb32e542cc83eeedf25e9daf50eb89f3a652456ba18de54f
2026-05-29T04:46:59.140357+00:00,BNB/USDT,REGIME_TRANSITION_CAUTION_TO_NORMAL,CAUTION,NORMAL,REDUCE_SIZE,EXECUTE,0.0,-0.105331,-0.12,0.35,7805e539aae74587b3736636a184fbb828f581ebe39e932778379aa3957d0412
2026-05-29T04:47:39.733223+00:00,ETH/USDT,IMBALANCE_SPIKE,NORMAL,NORMAL,EXECUTE,EXECUTE,3e-06,0.058163,0.26,0.538163,8d17d0a7571549e24ea33e77e0e36c8a60d30c650bf0786ba74dcdd2d9625ea9
2026-05-29T04:48:20.534638+00:00,BTC/USDT,IMBALANCE_SPIKE,CAUTION,CAUTION,REDUCE_SIZE,REDUCE_SIZE,-0.0,0.06,0.24,0.53,8bb1ba663f3954e40dc5a429cb1d92e18d94b1c71f1908d0877d76a492a2d430
2026-05-29T04:48:20.534638+00:00,XRP/USDT,IMBALANCE_SPIKE,CAUTION,CAUTION,REDUCE_SIZE,REDUCE_SIZE,0.005827,0.100263,0.4,0.650846,e3472f1b3e6189ce2160a8e54d89099d6b4e184678332e20f138ca58bf305bd8
2026-05-29T04:49:04.246745+00:00,AVAX/USDT,SPREAD_EXPANDING_FAST,NORMAL,NORMAL,EXECUTE,EXECUTE,2.249592,0.09927,0.0,0.674229,0b679d3f347562d6f196b3043ff6b1e551e006983ef78f8f4d4e4a541cfd400b
2026-05-29T04:49:04.246745+00:00,LINK/USDT,REGIME_TRANSITION_CAUTION_TO_NORMAL,CAUTION,NORMAL,REDUCE_SIZE,EXECUTE,-2.233139,-0.087213,0.04,0.37,a127a131fb755591387f2fc68911064d1ed9609e48e0b21d0bcedae73f6bf1a0
2026-05-29T04:49:44.311211+00:00,LINK/USDT,REGIME_TRANSITION_NORMAL_TO_CAUTION,NORMAL,CAUTION,EXECUTE,REDUCE_SIZE,1.114516,0.037342,-0.06,0.498794,90dac4823c8b47369ce50d63600c5a4c97581e0d1f2fb1004ef837967ebf702a
2026-05-29T04:51:09.916704+00:00,ETH/USDT,IMBALANCE_SPIKE,NORMAL,NORMAL,EXECUTE,EXECUTE,4e-06,0.059587,0.22,0.519587,a5bb38996363ab5f45e44000142c4208880f7ff6a5109d1246f0ccb313826385
2026-05-29T04:51:50.185063+00:00,LINK/USDT,REGIME_TRANSITION_CAUTION_TO_NORMAL,CAUTION,NORMAL,REDUCE_SIZE,EXECUTE,0.0,-0.02,-0.08,0.35,123460ae9f2078f5757f707e0a661f0af270952752932579d142d1e3bc10e618
2026-05-29T04:52:30.257064+00:00,ETH/USDT,IMBALANCE_SPIKE,NORMAL,NORMAL,EXECUTE,EXECUTE,8e-06,0.072155,0.3,0.572156,f0dd65a3668ed6d113449057d0214a6e4d16eeb7256d83ae791c8760465b777b
2026-05-29T04:52:30.257064+00:00,LINK/USDT,REGIME_TRANSITION_NORMAL_TO_CAUTION,NORMAL,CAUTION,EXECUTE,REDUCE_SIZE,1.117379,0.038334,-0.04,0.500072,783220e1ab8d26d225ffce047f3f8aa3a05af52ab2c3503a91bcd4158cf202f3
2026-05-29T04:53:12.201633+00:00,LINK/USDT,REGIME_TRANSITION_CAUTION_TO_NORMAL,CAUTION,NORMAL,REDUCE_SIZE,EXECUTE,-1.115511,-0.064009,-0.06,0.35,82668469dec88c2615f3992c51e1e414997269ca09a524c479322d4ebff25730
2026-05-29T04:53:53.042615+00:00,AVAX/USDT,SPREAD_EXPANDING_FAST,NORMAL,NORMAL,EXECUTE,EXECUTE,2.250352,0.094326,0.0,0.669361,9976d7ed0762d6e8fd32626e54c11b3361b3a638f20d54c0dd33d9bae0d62905
2026-05-29T04:54:35.836093+00:00,BTC/USDT,IMBALANCE_SPIKE,CAUTION,CAUTION,REDUCE_SIZE,REDUCE_SIZE,0.0,0.06,0.24,0.53,d82195375e259c9ba2511097be5e766e8d04d1aa9496c56c67c2065a924ee469
2026-05-29T04:54:35.836093+00:00,XRP/USDT,IMBALANCE_SPIKE,CAUTION,CAUTION,REDUCE_SIZE,REDUCE_SIZE,0.005836,0.070262,0.28,0.560846,769626767c4f715e6959ac57c4dbb6ab986979ab624f4cb7678fa7ea4e7cf14d
2026-05-29T04:54:35.836093+00:00,AVAX/USDT,REGIME_TRANSITION_NORMAL_TO_CAUTION,NORMAL,CAUTION,EXECUTE,REDUCE_SIZE,1.124923,0.050039,0.0,0.512531,dcfca358e327d2354919a40e80480ae9ae289e9f819a93ef3c96d5e9f3602975
2026-05-29T04:55:19.120396+00:00,ETH/USDT,IMBALANCE_SPIKE,NORMAL,NORMAL,EXECUTE,EXECUTE,-1.6e-05,0.06577,0.28,0.55577,44d94a289004ca9a60d76b1d8a403a63a2b70693d4095396a6ca1db7c4f2d1a1
2026-05-29T04:55:19.120396+00:00,AVAX/USDT,REGIME_TRANSITION_CAUTION_TO_NORMAL,CAUTION,NORMAL,REDUCE_SIZE,EXECUTE,-2.250225,-0.097267,0.0,0.35,d55ac1da7abe5925fe754e8b2865088839f3734058e01f2691aa2c9268435801
2026-05-29T04:56:00.282966+00:00,LINK/USDT,"SPREAD_EXPANDING_FAST,REGIME_TRANSITION_NORMAL_TO_CAUTION",NORMAL,CAUTION,EXECUTE,REDUCE_SIZE,2.229653,0.08907,-0.02,0.662035,27f90c9025ed9020677ad958efc3f8082ad1e7c49e18e300d1a26fcb03a75320
2026-05-29T04:56:38.315441+00:00,BTC/USDT,"STRESS_SCORE_JUMP,IMBALANCE_SPIKE,REGIME_TRANSITION_CAUTION_TO_HIGH_STRESS",CAUTION,HIGH_STRESS,REDUCE_SIZE,PAUSE,-7e-06,0.154999,0.62,0.814999,1bc9f901ef356025df30f53f545d7a03937df5d24bf8aca3bffda91bc7e412e9
2026-05-29T04:56:38.315441+00:00,ADA/USDT,REGIME_TRANSITION_NORMAL_TO_CAUTION,NORMAL,CAUTION,EXECUTE,REDUCE_SIZE,-0.003648,0.044844,0.18,0.484844,da109c9cba29d1f7e5e6140a15b71bb1ebc9ad9ba7f6cc7610ef6207592b6d92
2026-05-29T04:56:38.315441+00:00,LINK/USDT,REGIME_TRANSITION_CAUTION_TO_NORMAL,CAUTION,NORMAL,REDUCE_SIZE,EXECUTE,-1.117128,-0.053977,-0.02,0.35,998173d3ac16628996d8e8328da2ad58d641cd5a5a7544cf44fc740ac06b1ae2
2026-05-29T04:57:18.723126+00:00,BTC/USDT,REGIME_TRANSITION_HIGH_STRESS_TO_CAUTION,HIGH_STRESS,CAUTION,PAUSE,REDUCE_SIZE,2e-06,-0.219999,-0.88,0.35,f5b11180f943c88554d894dbb17991b5aca1774fce86640fd9b1fd72053bf38c
2026-05-29T04:57:18.723126+00:00,ETH/USDT,IMBALANCE_SPIKE,NORMAL,NORMAL,EXECUTE,EXECUTE,1.8e-05,0.059177,0.3,0.559179,4ac7be10f585bafde74386312af3972096d43386d91243042c7ac9617a088637
2026-05-29T04:57:18.723126+00:00,ADA/USDT,REGIME_TRANSITION_CAUTION_TO_NORMAL,CAUTION,NORMAL,REDUCE_SIZE,EXECUTE,0.0,-0.005003,-0.02,0.35,296beaeff5d61c9e4d6ec2288820a29cd0cefdbb448e8328e90b96e6a5668b89
2026-05-29T04:58:04.861867+00:00,BTC/USDT,IMBALANCE_SPIKE,CAUTION,CAUTION,REDUCE_SIZE,REDUCE_SIZE,-5e-06,0.072084,0.36,0.602084,a1520e2a04b42fc5eaeb63de89cf9286488c6d1fac8befff609a7964783f4d64
2026-05-29T04:58:04.861867+00:00,ADA/USDT,REGIME_TRANSITION_NORMAL_TO_CAUTION,NORMAL,CAUTION,EXECUTE,REDUCE_SIZE,0.0,0.004994,0.02,0.364994,d41d23e486e1a9ee8a26487e2e13f09c61e9149c1bbb3659e0f8efe9a1ddccd1
2026-05-29T04:58:46.349913+00:00,ETH/USDT,IMBALANCE_SPIKE,NORMAL,NORMAL,EXECUTE,EXECUTE,-1.5e-05,0.060545,0.22,0.520545,7d6ece01179904a816824daa5a0c2e35c79415a3cc32fa94e3a9c015b1437665
2026-05-29T04:58:46.349913+00:00,ADA/USDT,REGIME_TRANSITION_CAUTION_TO_NORMAL,CAUTION,NORMAL,REDUCE_SIZE,EXECUTE,-0.001822,-0.015045,-0.06,0.35,8bd0de8c2665f12124392afb2621867c249b62e9f28d27bb4ca2b1ce3a268067
2026-05-29T04:59:27.398255+00:00,BTC/USDT,"STRESS_SCORE_JUMP,IMBALANCE_SPIKE",CAUTION,CAUTION,REDUCE_SIZE,REDUCE_SIZE,-2e-06,0.19,0.76,0.92,9584f43e5115cf957e5f219335d903cb7f9c6f6cd0b0d6359c8a763a50875376
2026-05-29T04:59:27.398255+00:00,ETH/USDT,IMBALANCE_SPIKE,NORMAL,NORMAL,EXECUTE,EXECUTE,-6e-06,0.095023,0.4,0.645023,6dbc08db8eaf15d0b24da6d75491f75731f6a025a4c133a462eb770dab98ed3b
2026-05-29T04:59:27.398255+00:00,ADA/USDT,REGIME_TRANSITION_NORMAL_TO_CAUTION,NORMAL,CAUTION,EXECUTE,REDUCE_SIZE,-0.003639,0.014788,0.06,0.394788,3af6ffe0814b59da11d0133b5ba6db9d2582b9e9f641373b0dd3d642596e3a05
2026-05-29T05:00:10.365649+00:00,ADA/USDT,REGIME_TRANSITION_CAUTION_TO_NORMAL,CAUTION,NORMAL,REDUCE_SIZE,EXECUTE,0.0,-0.009999,-0.04,0.35,5749585cbcb1922020c23d74a0ddefbec27dd3dbc26f4a13bd7b4c26c7bc2240
2026-05-29T05:00:10.365649+00:00,AVAX/USDT,SPREAD_EXPANDING_FAST,NORMAL,NORMAL,EXECUTE,EXECUTE,2.245046,0.100755,-0.02,0.67526,a74d3d9040e15580d1e6522cfc2970ed11f7c85ed61307b0ca0e8df2f11d2537
2026-05-29T05:00:52.458763+00:00,BNB/USDT,"STRESS_SCORE_JUMP,REGIME_TRANSITION_NORMAL_TO_CAUTION",NORMAL,CAUTION,EXECUTE,REDUCE_SIZE,-0.000494,0.174754,0.06,0.554754,e8da577efe7ae4c2da947c54f2a3d19c7ad98c4c9fbebef4735cdac45d809fb9
2026-05-29T05:00:52.458763+00:00,ADA/USDT,REGIME_TRANSITION_NORMAL_TO_CAUTION,NORMAL,CAUTION,EXECUTE,REDUCE_SIZE,-0.001817,0.029949,0.12,0.439949,585d79c68de5f15f2565c313eb1f55836f9a6fd21c941fbb6ebd69f38c71cd26
2026-05-29T05:00:52.458763+00:00,LINK/USDT,SPREAD_EXPANDING_FAST,NORMAL,NORMAL,EXECUTE,EXECUTE,2.2268,0.097579,-0.02,0.670259,f949020f54b9bc509daa1386dd822542fd3b6d4b583cd4f7d37340d2c57fdbb3
2026-05-29T05:01:33.848934+00:00,BTC/USDT,IMBALANCE_SPIKE,CAUTION,CAUTION,REDUCE_SIZE,REDUCE_SIZE,-1e-06,0.055,0.22,0.515,7cee2716d0603f289e5a0b72d98b228386cb3e11544639bc25e3e22c0bbda151
2026-05-29T05:01:33.848934+00:00,BNB/USDT,REGIME_TRANSITION_CAUTION_TO_NORMAL,CAUTION,NORMAL,REDUCE_SIZE,EXECUTE,0.0,-0.094542,0.08,0.39,62f7ad9b4c77ab75003752560b2a48c92dbebcf1f99594fa73336e6a9dcac96f
2026-05-29T05:02:14.463049+00:00,BTC/USDT,IMBALANCE_SPIKE,CAUTION,CAUTION,REDUCE_SIZE,REDUCE_SIZE,-6e-06,0.105,0.42,0.665,5e6bacaa79a17d227b023e3307ae328b8d2c233f470f4b9daba4f99f14cabfbb
2026-05-29T05:02:14.463049+00:00,ETH/USDT,IMBALANCE_SPIKE,NORMAL,NORMAL,EXECUTE,EXECUTE,-2e-05,0.078177,0.32,0.588177,4cbec90003c0ab7bb7ce007531070cf35e33f6094bddcf715c6e436040aadad0
2026-05-29T05:02:54.741428+00:00,ADA/USDT,REGIME_TRANSITION_CAUTION_TO_NORMAL,CAUTION,NORMAL,REDUCE_SIZE,EXECUTE,0.0,-0.005023,-0.02,0.35,444867ceb9f813b9e03f7201015c2d174a70dae1ca2b55ddd4cbced7a222f91f
2026-05-29T05:03:36.333197+00:00,BTC/USDT,IMBALANCE_SPIKE,CAUTION,CAUTION,REDUCE_SIZE,REDUCE_SIZE,-4e-06,0.1,0.4,0.65,1162a5e0bc3400b47459c400a96ce7c89c515effd6dbb2a05952b7aaba9aa32a
2026-05-29T05:03:36.333197+00:00,ETH/USDT,"STRESS_SCORE_JUMP,IMBALANCE_SPIKE",NORMAL,NORMAL,EXECUTE,EXECUTE,-3.4e-05,0.173441,0.7,0.873441,f6f495f210af69ae403980ce38835d0499efae18db7cffe2d95e53d1f3d0e2ac
2026-05-29T05:03:36.333197+00:00,ADA/USDT,REGIME_TRANSITION_NORMAL_TO_CAUTION,NORMAL,CAUTION,EXECUTE,REDUCE_SIZE,0.0,0.005015,0.02,0.365015,3aa404ab76c090b9430776edbce49e41a294d6e3f8317b1e727f60bfd2d13970
2026-05-29T05:04:19.608280+00:00,BNB/USDT,REGIME_TRANSITION_NORMAL_TO_CAUTION,NORMAL,CAUTION,EXECUTE,REDUCE_SIZE,-0.000493,0.137828,0.02,0.497828,cb78e34bda81cda17075532b051d41c1d54b929317cc3dcd3d1348b881d143ad
2026-05-29T05:04:19.608280+00:00,LINK/USDT,SPREAD_EXPANDING_FAST,NORMAL,NORMAL,EXECUTE,EXECUTE,2.221231,0.098593,0.0,0.670716,6b6c4774bec2632126130d4ef1678d27389c0d7bb425dc10f895328950ba94a5
2026-05-29T05:05:01.695436+00:00,BNB/USDT,REGIME_TRANSITION_CAUTION_TO_NORMAL,CAUTION,NORMAL,REDUCE_SIZE,EXECUTE,-0.000247,-0.058782,0.0,0.35,d8454cfb7c0ec2c471ddc669a6720cc32217c9a9d425aaa7a9dae6a2c98cba3a
2026-05-29T05:05:01.695436+00:00,ADA/USDT,SPREAD_EXPANDING_FAST,CAUTION,CAUTION,REDUCE_SIZE,REDUCE_SIZE,4.258037,0.136609,-0.22,0.912413,e74d12ada03e3934989b03c3f4af0107a20bfa45fdc39d947bb1b782e2652684
2026-05-29T05:05:01.695436+00:00,TON/USDT,SPREAD_EXPANDING_FAST,NORMAL,NORMAL,EXECUTE,EXECUTE,2.259057,0.112126,0.04,0.708032,2345ddd06c07d71a5cf4a11151fa3d9edcdcfa41cc95063df8db8c641ff8736e
2026-05-29T05:05:46.037589+00:00,BTC/USDT,IMBALANCE_SPIKE,CAUTION,CAUTION,REDUCE_SIZE,REDUCE_SIZE,-2e-06,0.124583,0.44,0.694583,bb280baabf02d7c2fa5ced408aa6084135674df29d50a7d6bfc7c8285160f8af
2026-05-29T05:06:29.967610+00:00,ETH/USDT,IMBALANCE_SPIKE,NORMAL,NORMAL,EXECUTE,EXECUTE,2.6e-05,0.072292,0.36,0.602295,e1dbdafa1461d807524b5ef69233c9d10d9de1838efd45d64b7f80ebc60a7d78
2026-05-29T05:06:29.967610+00:00,ADA/USDT,REGIME_TRANSITION_CAUTION_TO_NORMAL,CAUTION,NORMAL,REDUCE_SIZE,EXECUTE,-4.252595,-0.186341,0.02,0.36,d01c273976024aeca54a1d3345a3286d630760d755fbae52dc666a31ace09f0b
2026-05-29T05:06:29.967610+00:00,AVAX/USDT,SPREAD_EXPANDING_FAST,NORMAL,NORMAL,EXECUTE,EXECUTE,2.243158,0.116171,0.06,0.720487,59f4ed47cf2ed4dab9a48f56d27819b30a79e4fc99d0dea8fa01c16dd5e527e7
2026-05-29T05:07:56.881039+00:00,ADA/USDT,REGIME_TRANSITION_NORMAL_TO_CAUTION,NORMAL,CAUTION,EXECUTE,REDUCE_SIZE,0.0,0.014974,0.06,0.394974,87d9ba3943e74a32031d27834071e41368ebc76a9675933a1be6e2ba6cf2d865
2026-05-29T05:08:37.041780+00:00,BTC/USDT,"IMBALANCE_SPIKE,REGIME_TRANSITION_CAUTION_TO_HIGH_STRESS",CAUTION,HIGH_STRESS,REDUCE_SIZE,PAUSE,-4e-06,0.134999,0.54,0.754999,594dd9f82488c7d80b518492d03b30d641528acaf3a43f876a1f4d34733d5504
2026-05-29T05:08:37.041780+00:00,ETH/USDT,IMBALANCE_SPIKE,NORMAL,NORMAL,EXECUTE,EXECUTE,-2.3e-05,0.132872,0.52,0.742872,a7620cae95444f8bf15f80867e9ea38a4d8705aa017185e52439443ef2d5e2fb
2026-05-29T05:09:18.251820+00:00,BTC/USDT,REGIME_TRANSITION_HIGH_STRESS_TO_CAUTION,HIGH_STRESS,CAUTION,PAUSE,REDUCE_SIZE,-1e-06,-0.14,-0.56,0.35,97235f5f18ff75ce4a95af9c63485081e3dcc951d7b76a2c551354744df6e26e
2026-05-29T05:10:40.433359+00:00,BTC/USDT,IMBALANCE_SPIKE,CAUTION,CAUTION,REDUCE_SIZE,REDUCE_SIZE,-4e-06,0.1,0.4,0.65,bc5c354efdb1684cf653c074e55c4a9da0eb02922e1a4820c8d6013cc3578410
2026-05-29T05:10:40.433359+00:00,ETH/USDT,IMBALANCE_SPIKE,NORMAL,NORMAL,EXECUTE,EXECUTE,-2.1e-05,0.1085,0.42,0.6685,45105ce0c5dc9d4d40d9246a13509b7795c85a13b1cee5a17729f62abb190c7d
2026-05-29T05:10:40.433359+00:00,BNB/USDT,"STRESS_SCORE_JUMP,REGIME_TRANSITION_NORMAL_TO_CAUTION",NORMAL,CAUTION,EXECUTE,REDUCE_SIZE,-0.000493,0.195021,0.02,0.555021,3e24355595fa06d8d44e8726a9234cfab98d38f1332376968b7ef6651feffebe
2026-05-29T05:11:25.851712+00:00,BNB/USDT,REGIME_TRANSITION_CAUTION_TO_NORMAL,CAUTION,NORMAL,REDUCE_SIZE,EXECUTE,-0.000246,-0.196883,-0.04,0.35,eaa8fd15af3b0dd4b91621cdbe070abd4e778f701d8856b1dcce1cd6a704afc1
2026-05-29T05:11:25.851712+00:00,ADA/USDT,REGIME_TRANSITION_CAUTION_TO_NORMAL,CAUTION,NORMAL,REDUCE_SIZE,EXECUTE,0.0,-0.040007,-0.16,0.35,f9e753d4c4d76c7bda0aee275ac3943e361ce2793a7e0652ec915cf780be4984
2026-05-29T05:11:25.851712+00:00,AVAX/USDT,SPREAD_EXPANDING_FAST,NORMAL,NORMAL,EXECUTE,EXECUTE,3.361156,0.142943,0.0,0.829059,c65053f1d74cfd3f2a5a227f5e3d312c65fca4074ead6d1e5803d79972ec886b
2026-05-29T05:12:06.733847+00:00,BTC/USDT,IMBALANCE_SPIKE,CAUTION,CAUTION,REDUCE_SIZE,REDUCE_SIZE,1e-06,0.075,0.3,0.575,c864316060e81f99a04d3a1b7fb34684657e41bda0d3b5d632469dff837724ff
2026-05-29T05:12:06.733847+00:00,BNB/USDT,REGIME_TRANSITION_NORMAL_TO_CAUTION,NORMAL,CAUTION,EXECUTE,REDUCE_SIZE,0.000246,0.141401,0.06,0.521426,c9582024c36081c07e649fb6e82d8b2643aaee9e53bcfbe18b1da954d2ceac49
2026-05-29T05:12:50.055462+00:00,BNB/USDT,REGIME_TRANSITION_CAUTION_TO_NORMAL,CAUTION,NORMAL,REDUCE_SIZE,EXECUTE,-0.000246,-0.132536,0.0,0.35,964f04f9ef4eb86ea9ab896103450e7a648730fdabba47e22cf9860bbc59e670
2026-05-29T05:13:27.184172+00:00,LINK/USDT,"SPREAD_EXPANDING_FAST,STRESS_SCORE_JUMP",NORMAL,NORMAL,EXECUTE,EXECUTE,3.330188,0.152024,0.02,0.845043,c64b599d449a7cc191e4186a3efc6b3655749d8d5e9cc508930b7cd8d0aab7a8
2026-05-29T05:14:07.506514+00:00,BTC/USDT,IMBALANCE_SPIKE,CAUTION,CAUTION,REDUCE_SIZE,REDUCE_SIZE,-0.0,0.075,0.3,0.575,01e99dd211268c53c93b660896fe7c273b45dfbef00fb2a3b84f523e704d9fcd
2026-05-29T05:14:46.400059+00:00,BTC/USDT,"IMBALANCE_SPIKE,REGIME_TRANSITION_CAUTION_TO_HIGH_STRESS",CAUTION,HIGH_STRESS,REDUCE_SIZE,PAUSE,3e-06,0.095,0.38,0.635,119aa98a2b4565f417749862f9ffe1adf4038ceffe76a0891bc3684af2b34ea7
2026-05-29T05:14:46.400059+00:00,XRP/USDT,IMBALANCE_SPIKE,CAUTION,CAUTION,REDUCE_SIZE,REDUCE_SIZE,0.005792,0.115258,0.46,0.695837,29d50b8b4ac82a9e3eed422896d1cae274c4e5a8f929da84db92ac2a570e6347
2026-05-29T05:14:46.400059+00:00,LINK/USDT,SPREAD_EXPANDING_FAST,NORMAL,NORMAL,EXECUTE,EXECUTE,2.222469,0.095049,0.0,0.667296,b43b0acd16ce77dde40322e9008522298a325487aec778dafc21ba41d440f3cf
2026-05-29T05:15:25.235085+00:00,BTC/USDT,REGIME_TRANSITION_HIGH_STRESS_TO_CAUTION,HIGH_STRESS,CAUTION,PAUSE,REDUCE_SIZE,0.0,-0.085,-0.34,0.35,8de385d9718bcb6539ca338e4c8fd176e5a368d226136c5c21b53f9536eeadf9
2026-05-29T05:16:04.201190+00:00,ETH/USDT,IMBALANCE_SPIKE,NORMAL,NORMAL,EXECUTE,EXECUTE,-1.7e-05,0.124918,0.52,0.734918,d7ab383d6be1aee71a5950ee3d3e723455ad3f1f05ca30162a3814a69fb90450
2026-05-29T05:16:04.201190+00:00,LINK/USDT,SPREAD_EXPANDING_FAST,NORMAL,NORMAL,EXECUTE,EXECUTE,2.22,0.093122,-0.02,0.665122,961ceea4ef15d643c1ad9a20082fc3e54173da827b1ecd8ad2e7c0144c31710b
2026-05-29T05:17:20.236426+00:00,BTC/USDT,IMBALANCE_SPIKE,CAUTION,CAUTION,REDUCE_SIZE,REDUCE_SIZE,3e-06,0.130001,0.52,0.740001,b82e9f8c06941b03670c1bd4c5e95768858586179b061f5c6e5a078fda6e4f76
2026-05-29T05:17:20.236426+00:00,ETH/USDT,IMBALANCE_SPIKE,NORMAL,NORMAL,EXECUTE,EXECUTE,4e-06,0.05283,0.22,0.51283,a00dfb74562f16beea23a3fd315be8ffb8c9cf01a5e30b15820fcd67f2d24c86
2026-05-29T05:18:41.974071+00:00,SOL/USDT,IMBALANCE_SPIKE,NORMAL,NORMAL,EXECUTE,EXECUTE,0.0,0.055227,0.22,0.515227,271509a0fbb7aa61f0830b96bffb0cef619e9b358d3dd4a7f862a8c0c68d1204
2026-05-29T05:18:41.974071+00:00,TON/USDT,REGIME_TRANSITION_NORMAL_TO_CAUTION,NORMAL,CAUTION,EXECUTE,REDUCE_SIZE,1.131987,0.075977,0.1,0.589176,0161df50f970b66f9d94c7869413138e676f934934b165c11ac38bebc18264eb
2026-05-29T05:19:24.454970+00:00,TON/USDT,REGIME_TRANSITION_CAUTION_TO_NORMAL,CAUTION,NORMAL,REDUCE_SIZE,EXECUTE,-1.695762,-0.078932,-0.02,0.35,1d05fb459cc6886359a4279e2a04a6ad01f6fa3483f5f32016a1d3fb5dc582d7
2026-05-29T05:20:04.302701+00:00,BTC/USDT,IMBALANCE_SPIKE,CAUTION,CAUTION,REDUCE_SIZE,REDUCE_SIZE,-3e-06,0.065,0.26,0.545,051b570b90fe51118c48f87ce075b6c8ebb27954cc1f3d603af67085c922623a
2026-05-29T05:21:31.752430+00:00,BTC/USDT,REGIME_TRANSITION_CAUTION_TO_HIGH_STRESS,CAUTION,HIGH_STRESS,REDUCE_SIZE,PAUSE,6e-06,0.045,0.18,0.485001,cd5da26caa43a5e4bef8aa549910d43156fe2c11985aa227423f274c67c590b6
2026-05-29T05:21:31.752430+00:00,ETH/USDT,IMBALANCE_SPIKE,NORMAL,NORMAL,EXECUTE,EXECUTE,1.4e-05,0.081947,0.46,0.661948,7afdc13bbdb1e83e1df01f2fd0536c64123b32f9e806380b80b3137e610e4d62
2026-05-29T05:21:31.752430+00:00,BNB/USDT,"STRESS_SCORE_JUMP,REGIME_TRANSITION_NORMAL_TO_CAUTION",NORMAL,CAUTION,EXECUTE,REDUCE_SIZE,0.000493,0.159116,0.02,0.519165,06d1aa6beb3fcc6dbe0f795dc734efad6c95863be383afb9f680f42c476a02fc
2026-05-29T05:21:31.752430+00:00,LINK/USDT,IMBALANCE_SPIKE,NORMAL,NORMAL,EXECUTE,EXECUTE,0.005216,0.067224,0.26,0.547746,309f24fa17d03b940856c4b3b5ae22332da7611e7dc87a6ed53e93fbbe33d6dc
2026-05-29T05:22:12.694584+00:00,BTC/USDT,REGIME_TRANSITION_HIGH_STRESS_TO_CAUTION,HIGH_STRESS,CAUTION,PAUSE,REDUCE_SIZE,-3e-06,-0.128424,-0.5,0.35,8425a085ef90b18b5449b73d083a3a3fbac680007187210318833ea73d64ce84
2026-05-29T05:22:12.694584+00:00,BNB/USDT,REGIME_TRANSITION_CAUTION_TO_NORMAL,CAUTION,NORMAL,REDUCE_SIZE,EXECUTE,-0.000247,-0.052975,0.0,0.35,7c4ee62eac753b5b27c3190fd8c777d87ab789145713b447f85a3d1e6d46fa5b
2026-05-29T05:22:12.694584+00:00,LINK/USDT,"SPREAD_EXPANDING_FAST,REGIME_TRANSITION_NORMAL_TO_CAUTION",NORMAL,CAUTION,EXECUTE,REDUCE_SIZE,2.230898,0.105409,0.04,0.698499,5d72dfb4ba59bbdb8fa1090a727320ceb407988145e9577acf84d66ef47a0da1
2026-05-29T05:23:34.886384+00:00,ETH/USDT,"STRESS_SCORE_JUMP,IMBALANCE_SPIKE",NORMAL,NORMAL,EXECUTE,EXECUTE,9e-06,0.152387,0.54,0.772388,61b73437232867df0d2e7ad7edb60702b94f0323947d504c7dbaeba589e2ecd9
2026-05-29T05:24:18.336297+00:00,AVAX/USDT,"SPREAD_EXPANDING_FAST,STRESS_SCORE_JUMP,REGIME_TRANSITION_NORMAL_TO_CAUTION",NORMAL,CAUTION,EXECUTE,REDUCE_SIZE,3.365052,0.152726,0.0,0.839231,d5c5dde7407dc773250b2491948291b5fb395a1751fdc745b735afacaafaf676
2026-05-29T05:24:18.336297+00:00,LINK/USDT,REGIME_TRANSITION_CAUTION_TO_NORMAL,CAUTION,NORMAL,REDUCE_SIZE,EXECUTE,-1.115636,-0.079639,-0.12,0.35,fa42c880262d12006e099078fd811b0c14e4c66d504629339feb1d852557df3f
2026-05-29T05:24:58.919390+00:00,AVAX/USDT,REGIME_TRANSITION_CAUTION_TO_NORMAL,CAUTION,NORMAL,REDUCE_SIZE,EXECUTE,-2.24341,-0.100954,0.0,0.35,7be6dee6bf91a9032c7e10d42c569a43d0ed2e06d6e9716394d18471508d9b5d
2026-05-29T05:26:17.627236+00:00,BNB/USDT,REGIME_TRANSITION_NORMAL_TO_CAUTION,NORMAL,CAUTION,EXECUTE,REDUCE_SIZE,0.0,0.029246,0.06,0.409246,e237dee333b9465ad88efd443fc5bd39011bf7e267e3fe3abd110e8a9331fdbf
2026-05-29T05:26:58.235004+00:00,BNB/USDT,REGIME_TRANSITION_CAUTION_TO_NORMAL,CAUTION,NORMAL,REDUCE_SIZE,EXECUTE,-0.001233,-0.134292,-0.16,0.35,422fe36e4681ddab941346c6c45d59d635e54ce111ef43309a5ed3d022083ee2
2026-05-29T05:28:28.810609+00:00,BTC/USDT,IMBALANCE_SPIKE,CAUTION,CAUTION,REDUCE_SIZE,REDUCE_SIZE,-2e-06,0.095,0.38,0.635,f6ade8911d48d47803cb1c4b806663f19b41ee7a22875ed08a8935a5de4820e2
2026-05-29T05:28:28.810609+00:00,BNB/USDT,"STRESS_SCORE_JUMP,REGIME_TRANSITION_NORMAL_TO_CAUTION",NORMAL,CAUTION,EXECUTE,REDUCE_SIZE,0.0,0.17097,-0.02,0.52097,b83908c8c840b822b5387027c3e1930568555c120a761850323d413f1e9be211
2026-05-29T05:29:10.130186+00:00,BNB/USDT,REGIME_TRANSITION_CAUTION_TO_NORMAL,CAUTION,NORMAL,REDUCE_SIZE,EXECUTE,1.568258,-0.112838,0.06,0.536826,a30f77a7458956498bf06a10c98ce5ab499c2ed2b5ccf4684dd30f519e0ac1e9
2026-05-29T05:29:52.280832+00:00,BNB/USDT,REGIME_TRANSITION_NORMAL_TO_CAUTION,NORMAL,CAUTION,EXECUTE,REDUCE_SIZE,-1.568504,0.09318,-0.04,0.44318,6ca5db159eabd2889248413147848f3a870994b509ea4017394ac99655c92a9b
2026-05-29T05:30:35.820521+00:00,ETH/USDT,IMBALANCE_SPIKE,NORMAL,NORMAL,EXECUTE,EXECUTE,1.5e-05,0.107926,0.44,0.677927,2bb0a346b6c806f14ad9102b0cbc32d4eed1c036b29be64bf87532ed5b3c1031
2026-05-29T05:30:35.820521+00:00,BNB/USDT,REGIME_TRANSITION_CAUTION_TO_NORMAL,CAUTION,NORMAL,REDUCE_SIZE,EXECUTE,0.000986,-0.143053,0.0,0.350099,19df1676d77a005a45d3338556fd6e093d96d48940656a4a036284fe4f83511d
2026-05-29T05:30:35.820521+00:00,LINK/USDT,SPREAD_EXPANDING_FAST,NORMAL,NORMAL,EXECUTE,EXECUTE,2.230525,0.081312,-0.06,0.654364,84cf9925ccb90d7f0cef944ebd1bf436501a44d9278000c057c5fc712606dcbc
2026-05-29T05:31:17.361257+00:00,BTC/USDT,IMBALANCE_SPIKE,CAUTION,CAUTION,REDUCE_SIZE,REDUCE_SIZE,3e-06,0.095,0.38,0.635,dfb59427709a3e5737e865b6b049b55a8562db7508049e7aeee76bf71f5d7255
2026-05-29T05:32:00.065401+00:00,ETH/USDT,"IMBALANCE_SPIKE,REGIME_TRANSITION_NORMAL_TO_CAUTION",NORMAL,CAUTION,EXECUTE,REDUCE_SIZE,6e-06,0.078343,0.24,0.548344,319e2b7fc1894fa1b93e20cb3f38e69ccf9ef9ed75972f91709d54a6d25617f7
2026-05-29T05:32:00.065401+00:00,TON/USDT,REGIME_TRANSITION_NORMAL_TO_CAUTION,NORMAL,CAUTION,EXECUTE,REDUCE_SIZE,0.568389,0.036378,0.04,0.463217,d4e74ab1b92e3ef005f6bd3f31f7fe41d6322d73a16676ee4d0fce44543d8f11
2026-05-29T05:32:42.197423+00:00,ETH/USDT,REGIME_TRANSITION_CAUTION_TO_NORMAL,CAUTION,NORMAL,REDUCE_SIZE,EXECUTE,1.2e-05,-0.042308,-0.1,0.350001,60c39708ced228d24c1ed74ba8e966c978b652d77271d5dc344e10712a0f34e3
2026-05-29T05:32:42.197423+00:00,LINK/USDT,SPREAD_EXPANDING_FAST,NORMAL,NORMAL,EXECUTE,EXECUTE,2.230276,0.108696,0.04,0.701724,7178caa071bbbc687ed9d6e0e021e9113980c96d3ee66fd4985ed4545a46acf9
2026-05-29T05:35:31.855539+00:00,TON/USDT,REGIME_TRANSITION_CAUTION_TO_NORMAL,CAUTION,NORMAL,REDUCE_SIZE,EXECUTE,-0.000967,-0.002745,0.0,0.35,c400be11934bd58b6dc5998e4fbd796c6a9e6aac07155d6175a333d09aa8ce0b
2026-05-29T05:36:14.883806+00:00,ETH/USDT,IMBALANCE_SPIKE,NORMAL,NORMAL,EXECUTE,EXECUTE,-2e-06,0.111145,0.4,0.661145,8f7bec3f813bf5d6c155fe066e885eb555c888225b729cd676a47d33309e7674
2026-05-29T05:36:59.392267+00:00,ETH/USDT,IMBALANCE_SPIKE,NORMAL,NORMAL,EXECUTE,EXECUTE,2.5e-05,0.059635,0.3,0.559637,a3aa067f88d6bc22fee20e8a86274a211c715ee812eae94c4aadc91e950cf540
2026-05-29T05:36:59.392267+00:00,BNB/USDT,"STRESS_SCORE_JUMP,REGIME_TRANSITION_NORMAL_TO_CAUTION",NORMAL,CAUTION,EXECUTE,REDUCE_SIZE,0.0,0.179234,0.06,0.559234,95a7f21f888cfd187c9e35f2f5c468e28fbea3fb55ce53d5aeaea88178e41c69
2026-05-29T05:36:59.392267+00:00,XRP/USDT,IMBALANCE_SPIKE,CAUTION,CAUTION,REDUCE_SIZE,REDUCE_SIZE,0.005836,0.075264,0.3,0.575848,e7da34283bdecad6928909b0d895807a84948835a9852b2ca40dd770694bd5f3
2026-05-29T05:37:42.020988+00:00,BNB/USDT,REGIME_TRANSITION_CAUTION_TO_NORMAL,CAUTION,NORMAL,REDUCE_SIZE,EXECUTE,-0.000493,-0.277425,-0.08,0.35,3e381a6b365546f53a744ea8be856fc9a75d944059416028b30f6bbb7b1262ce
2026-05-29T05:37:42.020988+00:00,AVAX/USDT,"SPREAD_EXPANDING_FAST,REGIME_TRANSITION_NORMAL_TO_CAUTION",NORMAL,CAUTION,EXECUTE,REDUCE_SIZE,2.245677,0.108622,0.0,0.68319,3d6fcf5d1457f99190c9a130aad389ec14a62fec8edb9fca122067f3ada7a863
2026-05-29T05:38:17.624619+00:00,BTC/USDT,"STRESS_SCORE_JUMP,IMBALANCE_SPIKE",CAUTION,CAUTION,REDUCE_SIZE,REDUCE_SIZE,0.0,0.165,0.66,0.845,c07c713b548c062d8b5fb8606742787fc598619f4b15e4705372d04dd0eb27ee
2026-05-29T05:38:17.624619+00:00,AVAX/USDT,REGIME_TRANSITION_CAUTION_TO_NORMAL,CAUTION,NORMAL,REDUCE_SIZE,EXECUTE,-1.12328,-0.055202,0.0,0.35,17f311d508420d2afa117d760afa63e00dcce8e318193de08fb2865f9b99e65c
2026-05-29T05:38:56.402480+00:00,LINK/USDT,"SPREAD_EXPANDING_FAST,REGIME_TRANSITION_NORMAL_TO_CAUTION",NORMAL,CAUTION,EXECUTE,REDUCE_SIZE,2.231645,0.097158,0.0,0.670322,c71030b5ebe938ef2543095e9df1bf04b3b15e85e15b7fefb3a1fa849112bea1
2026-05-29T05:39:36.109926+00:00,LINK/USDT,REGIME_TRANSITION_CAUTION_TO_NORMAL,CAUTION,NORMAL,REDUCE_SIZE,EXECUTE,-3.347778,-0.159716,-0.04,0.35,f55ed9d552feb748b5252f8899c5dfa90ed42bd6eb63bb170375feccc2145532
2026-05-29T05:40:55.502553+00:00,BNB/USDT,REGIME_TRANSITION_NORMAL_TO_CAUTION,NORMAL,CAUTION,EXECUTE,REDUCE_SIZE,0.000247,0.115064,-0.02,0.465089,0fd0a0682992e64e32d69e85e3dd27ed5257571e507d66a5af80efe3be2a759c
2026-05-29T05:41:35.907385+00:00,BNB/USDT,REGIME_TRANSITION_CAUTION_TO_NORMAL,CAUTION,NORMAL,REDUCE_SIZE,EXECUTE,0.000247,-0.131409,-0.06,0.350025,fc42c20c4a5465d54436020868930740d78042a7200aa8fc1aa0b37962c617db
2026-05-29T05:42:15.496033+00:00,XRP/USDT,IMBALANCE_SPIKE,CAUTION,CAUTION,REDUCE_SIZE,REDUCE_SIZE,-0.005827,0.059737,0.24,0.529737,6f690b6d535c96db9bdc51d5d029d6dd5054e6a22ba0d5e07fdedd5feb9afc65
2026-05-29T05:42:55.079711+00:00,BTC/USDT,IMBALANCE_SPIKE,CAUTION,CAUTION,REDUCE_SIZE,REDUCE_SIZE,-1e-06,0.07,0.28,0.56,6ee44756c06d76947a5b90b5097f8cb22c58862e2201e770687215e729300d4c
2026-05-29T05:42:55.079711+00:00,ETH/USDT,IMBALANCE_SPIKE,NORMAL,NORMAL,EXECUTE,EXECUTE,-4e-06,0.090006,0.36,0.620006,6832fa745a3cb04de4c461d354f1595ab199c23796ee89f11d817d39e60ccbaf
2026-05-29T05:42:55.079711+00:00,BNB/USDT,"STRESS_SCORE_JUMP,REGIME_TRANSITION_NORMAL_TO_CAUTION",NORMAL,CAUTION,EXECUTE,REDUCE_SIZE,-0.000247,0.198574,0.0,0.548574,efcb71b5f33175327e27e79355cd01f2cffbfb3096368b99bd2ed36c9bc7bdf3
2026-05-29T05:43:32.344395+00:00,ETH/USDT,IMBALANCE_SPIKE,NORMAL,NORMAL,EXECUTE,EXECUTE,-6e-06,0.132711,0.5,0.732711,0ad8b1fe22ffd8dc23a673c711e15014b154a08d75ff8d700a5d4e152bd98daa
2026-05-29T05:43:32.344395+00:00,BNB/USDT,REGIME_TRANSITION_CAUTION_TO_NORMAL,CAUTION,NORMAL,REDUCE_SIZE,EXECUTE,-0.000493,-0.198672,0.0,0.35,fe670e38047245d303aefde3b9e7d068772291bfc405069bc11dea1b2c7db5e3
2026-05-29T05:43:32.344395+00:00,TON/USDT,REGIME_TRANSITION_NORMAL_TO_CAUTION,NORMAL,CAUTION,EXECUTE,REDUCE_SIZE,1.70282,0.086294,0.04,0.626576,a4a1d24da0d7f92869e597e17bfbb7ef210e6c27b165dd1a4758c1bce22cd151
2026-05-29T05:44:12.108983+00:00,ETH/USDT,REGIME_TRANSITION_NORMAL_TO_CAUTION,NORMAL,CAUTION,EXECUTE,REDUCE_SIZE,-5e-06,0.01995,0.06,0.39995,7ec391f20c79079120cb5343f7fd2e7a18492293994f587494fe7cb52c1ec300
2026-05-29T05:44:12.108983+00:00,TON/USDT,REGIME_TRANSITION_CAUTION_TO_NORMAL,CAUTION,NORMAL,REDUCE_SIZE,EXECUTE,-0.574109,-0.055652,-0.12,0.35,5fd387e5b186b159168a1457e5e8cc09cee2f26049f1675a41a2f174b0f8dc84
2026-05-29T05:44:56.243735+00:00,ETH/USDT,REGIME_TRANSITION_CAUTION_TO_NORMAL,CAUTION,NORMAL,REDUCE_SIZE,EXECUTE,1e-06,-0.060536,-0.22,0.35,88502263519cb5f5c579a1e0ed9b5ce36d5735079b9fadbca30a9b81af4c0ee1
2026-05-29T05:45:36.382673+00:00,AVAX/USDT,"SPREAD_EXPANDING_FAST,STRESS_SCORE_JUMP,REGIME_TRANSITION_NORMAL_TO_CAUTION",NORMAL,CAUTION,EXECUTE,REDUCE_SIZE,3.363917,0.153135,0.0,0.839527,063fcf235c820db1ec9f5befda9036a97a02258bce3af0d9802be05e41ff1dbc
2026-05-29T05:46:18.514504+00:00,BTC/USDT,IMBALANCE_SPIKE,CAUTION,CAUTION,REDUCE_SIZE,REDUCE_SIZE,-6e-06,0.07,0.28,0.56,d898b194a887f78f839539c8eec03c0c166c7ec8a44bb4bcdef0e3d3b2567185
2026-05-29T05:46:18.514504+00:00,ETH/USDT,IMBALANCE_SPIKE,NORMAL,NORMAL,EXECUTE,EXECUTE,-3e-05,0.110362,0.46,0.690362,d5e57dc97577a2ee501b81d4c1eb0fb891c9a08b5238766bef232b216699a69f
2026-05-29T05:46:18.514504+00:00,SOL/USDT,IMBALANCE_SPIKE,NORMAL,NORMAL,EXECUTE,EXECUTE,-0.000745,0.074523,0.3,0.574523,ac5bd4097aa37de059722fd7df5c9a8280b94ad20d918d494562a7e71e07a64b
2026-05-29T05:46:18.514504+00:00,AVAX/USDT,REGIME_TRANSITION_CAUTION_TO_NORMAL,CAUTION,NORMAL,REDUCE_SIZE,EXECUTE,-4.488582,-0.190526,0.04,0.37,617f46c33939591e54580caf66be7e88f33e8572a6f49b2c84e2f31b91b43256
2026-05-29T05:46:59.380081+00:00,AVAX/USDT,"SPREAD_EXPANDING_FAST,STRESS_SCORE_JUMP,REGIME_TRANSITION_NORMAL_TO_CAUTION",NORMAL,CAUTION,EXECUTE,REDUCE_SIZE,3.361783,0.184899,0.14,0.941077,cedc83ceaeeb24ae7dc53c38cbef0bd8cd4a9f147693e3567c99537c17df06ce
2026-05-29T05:46:59.380081+00:00,TON/USDT,SPREAD_EXPANDING_FAST,NORMAL,NORMAL,EXECUTE,EXECUTE,2.258036,0.067404,-0.08,0.643208,a09d45fa2c17da4bdec0f37cb6eb757ccd2f6a5fc1e70b041366d11b0a7357d2
2026-05-29T05:47:46.769905+00:00,BNB/USDT,"STRESS_SCORE_JUMP,REGIME_TRANSITION_NORMAL_TO_CAUTION",NORMAL,CAUTION,EXECUTE,REDUCE_SIZE,-0.000983,0.224618,0.18,0.664618,d2631f1cba946703d37af2c2ad91245674f4e900fa07acde2fde239cf64903a5
2026-05-29T05:47:46.769905+00:00,AVAX/USDT,REGIME_TRANSITION_CAUTION_TO_NORMAL,CAUTION,NORMAL,REDUCE_SIZE,EXECUTE,-0.005019,-0.034739,-0.14,0.35,8af54e5d5050f4a05c0207be4ac2eb4672f0119fdb2852222e6e0e8fbf3985a9
2026-05-29T05:47:46.769905+00:00,LINK/USDT,SPREAD_EXPANDING_FAST,NORMAL,NORMAL,EXECUTE,EXECUTE,2.222959,0.120518,0.1,0.742814,1ee689a336a5c08495e62f6ae16c1cf42e562903b5a9cc04fb716b2c98a8643c
2026-05-29T05:48:27.384961+00:00,BNB/USDT,REGIME_TRANSITION_CAUTION_TO_NORMAL,CAUTION,NORMAL,REDUCE_SIZE,EXECUTE,0.0,-0.246417,-0.02,0.35,0289c2c87720be6e63ae25fd8e181fd833d55224ccbaaf168e4117e22d1cbe5b
2026-05-29T05:48:27.384961+00:00,ADA/USDT,REGIME_TRANSITION_NORMAL_TO_CAUTION,NORMAL,CAUTION,EXECUTE,REDUCE_SIZE,0.001808,0.025077,0.1,0.425258,81855363162f81bd852b603c53febdb19439ffc4dc94c4960ab4f1d1e00b0761
2026-05-29T05:49:53.928780+00:00,AVAX/USDT,"SPREAD_EXPANDING_FAST,STRESS_SCORE_JUMP,REGIME_TRANSITION_NORMAL_TO_CAUTION",NORMAL,CAUTION,EXECUTE,REDUCE_SIZE,4.4833,0.201354,0.0,0.999684,6aa6effedd1af2ff328b1474007865e009334634e627136256a5aee2f6c0ffda
2026-05-29T05:50:38.600221+00:00,BTC/USDT,IMBALANCE_SPIKE,CAUTION,CAUTION,REDUCE_SIZE,REDUCE_SIZE,4e-06,0.13,0.52,0.74,b6894b76bbe446ee85a93d1f0762078c9a9afa169d76967335fa14b0f415ba4c
2026-05-29T05:50:38.600221+00:00,ETH/USDT,IMBALANCE_SPIKE,NORMAL,NORMAL,EXECUTE,EXECUTE,2e-05,0.139618,0.54,0.75962,788a6f7642b1a65161eb84ac0a38fe92b0fcb0c0f3b3ce674088ac931a5306d0
2026-05-29T05:50:38.600221+00:00,SOL/USDT,IMBALANCE_SPIKE,NORMAL,NORMAL,EXECUTE,EXECUTE,0.000891,0.065045,0.26,0.545134,59abbb8bf7c39b0d1ab3701acab426dccd3c86472e131ecd187f47f270ee4cb4
2026-05-29T05:50:38.600221+00:00,BNB/USDT,REGIME_TRANSITION_NORMAL_TO_CAUTION,NORMAL,CAUTION,EXECUTE,REDUCE_SIZE,0.000492,0.035298,0.04,0.405347,e92508920660343a9bb3faff9fa15ab86ffbd0747c4cbbe224fa8ba89624e14d
2026-05-29T05:50:38.600221+00:00,LINK/USDT,SPREAD_EXPANDING_FAST,NORMAL,NORMAL,EXECUTE,EXECUTE,2.228411,0.107949,0.02,0.69079,eae090c8b8d79ff0326f4de980392b2b36ee58e78f11b475b12ddaf32cb4d503
2026-05-29T05:50:38.600221+00:00,TON/USDT,"SPREAD_EXPANDING_FAST,REGIME_TRANSITION_NORMAL_TO_CAUTION",NORMAL,CAUTION,EXECUTE,REDUCE_SIZE,2.264069,0.13522,0.14,0.781627,aa9dd72a976b4eca88524bfb5bbc11800605dd0ed85c810a09009fca431a5986
2026-05-29T05:51:17.243231+00:00,BNB/USDT,REGIME_TRANSITION_CAUTION_TO_NORMAL,CAUTION,NORMAL,REDUCE_SIZE,EXECUTE,-0.000492,-0.039832,-0.02,0.35,040765d393bef5fbfe3e0132db2bd4681d8defbdd72cd017f8d8f918cc70fcdc
2026-05-29T05:51:17.243231+00:00,AVAX/USDT,REGIME_TRANSITION_CAUTION_TO_NORMAL,CAUTION,NORMAL,REDUCE_SIZE,EXECUTE,-1.12139,-0.052877,0.0,0.35,3b3a5c15bbe4ed4063f47405b1eb45e9138f513c88e26386b858b145d87030e3
2026-05-29T05:51:17.243231+00:00,TON/USDT,REGIME_TRANSITION_CAUTION_TO_NORMAL,CAUTION,NORMAL,REDUCE_SIZE,EXECUTE,-1.130263,-0.092196,-0.16,0.35,e19c98a5a52d440b15233c74944f805697c611e276296331cf048d9068dd1c12
2026-05-29T05:52:42.500835+00:00,ADA/USDT,"SPREAD_EXPANDING_FAST,STRESS_SCORE_JUMP",CAUTION,CAUTION,REDUCE_SIZE,REDUCE_SIZE,4.258037,0.191592,0.0,0.967396,a3c8f06d2ce291fbd08e5479f6955bc06b2c0d39ca320509cf1e315b24d8bdac
2026-05-29T05:52:42.500835+00:00,AVAX/USDT,"SPREAD_EXPANDING_FAST,REGIME_TRANSITION_NORMAL_TO_CAUTION",NORMAL,CAUTION,EXECUTE,REDUCE_SIZE,2.243535,0.098446,0.0,0.6728,12a51df38dd0df0cb72dd96715c9be44e022d0a703eec1dc8932ce73d732b48a
2026-05-29T05:53:21.802782+00:00,BTC/USDT,IMBALANCE_SPIKE,CAUTION,CAUTION,REDUCE_SIZE,REDUCE_SIZE,-0.0,0.055,0.22,0.515,1f35c2f9a4bc5e6f51fd39c42966fb2a0ff289d11133bca528991a9399577232
2026-05-29T05:53:21.802782+00:00,AVAX/USDT,REGIME_TRANSITION_CAUTION_TO_NORMAL,CAUTION,NORMAL,REDUCE_SIZE,EXECUTE,-4.485436,-0.105704,0.0,0.35,fc6202cf57e158f34ec91447614a1aa6c5908ebebe28b1ff5b37d7fca3d875d9
2026-05-29T05:54:00.698125+00:00,AVAX/USDT,SPREAD_EXPANDING_FAST,NORMAL,NORMAL,EXECUTE,EXECUTE,3.363291,0.05871,0.0,0.745039,174817bae98504953da06670859b45bb7e6fc96b9a84723c2ae39da620ca0a9d
2026-05-29T05:54:00.698125+00:00,TON/USDT,REGIME_TRANSITION_NORMAL_TO_CAUTION,NORMAL,CAUTION,EXECUTE,REDUCE_SIZE,1.13119,0.034465,-0.08,0.497584,1ef1bdb24b0b473129e523e58d4e05820016555414ed9c8e5e2207de0958864a
2026-05-29T05:54:41.959289+00:00,LINK/USDT,SPREAD_EXPANDING_FAST,NORMAL,NORMAL,EXECUTE,EXECUTE,2.225684,0.082756,-0.06,0.655324,ee4f500017a0fef94291f9572e8244ebd1d469caeab67bff8d5e8d8658289b69
2026-05-29T05:54:41.959289+00:00,TON/USDT,REGIME_TRANSITION_CAUTION_TO_NORMAL,CAUTION,NORMAL,REDUCE_SIZE,EXECUTE,-1.134773,-0.047891,0.02,0.36,b8ee5cebb1bcd46e6248c125048137efd06c51ef628924e98b8d5f20d44ea1fc
2026-05-29T05:55:18.742914+00:00,BTC/USDT,IMBALANCE_SPIKE,CAUTION,CAUTION,REDUCE_SIZE,REDUCE_SIZE,4e-06,0.105,0.42,0.665,baafde3f3e97f0775241f1e41078717fbcf4c064252377ae315e9cfe096bd75e
2026-05-29T05:55:18.742914+00:00,XRP/USDT,IMBALANCE_SPIKE,CAUTION,CAUTION,REDUCE_SIZE,REDUCE_SIZE,0.0,0.070006,0.28,0.560006,4cbf5be2101c8a2f24b5e4a06bff9149a73b5dec643f4ac84e5eb2b3a941bd89
2026-05-29T05:56:00.264340+00:00,ETH/USDT,IMBALANCE_SPIKE,NORMAL,NORMAL,EXECUTE,EXECUTE,1.3e-05,0.145436,0.6,0.795437,3b54c143755da20a1c6e581cfd21d24616680c519d751a80f778f7672c981e0a
2026-05-29T05:56:41.102452+00:00,BNB/USDT,REGIME_TRANSITION_NORMAL_TO_CAUTION,NORMAL,CAUTION,EXECUTE,REDUCE_SIZE,0.0,0.042915,0.02,0.402915,8ee58e17a8ffcc9f60848b8d7d722b8bd3d8f27cc8dded95744e0c307d53bac3
2026-05-29T05:57:23.575486+00:00,BNB/USDT,REGIME_TRANSITION_CAUTION_TO_NORMAL,CAUTION,NORMAL,REDUCE_SIZE,EXECUTE,-0.000246,-0.042338,0.0,0.35,c96b17f15e70f6792a18ee80477e5b059f4c1d62b9ce9b46c91002f114afd5fa
2026-05-29T05:57:23.575486+00:00,ADA/USDT,REGIME_TRANSITION_CAUTION_TO_NORMAL,CAUTION,NORMAL,REDUCE_SIZE,EXECUTE,0.0,-0.035002,-0.14,0.35,aa567c53f183dce5d97d219c36506567dc09a331f2972b0761287cfd185d3e96
2026-05-29T05:57:23.575486+00:00,LINK/USDT,SPREAD_EXPANDING_FAST,NORMAL,NORMAL,EXECUTE,EXECUTE,2.226676,0.099105,-0.02,0.671773,d36a06d98e0091c9ad26626cafc5aa53160c8b4ed4ada2ce48e9afe8dcc76fd6
2026-05-29T05:59:26.360893+00:00,ETH/USDT,"STRESS_SCORE_JUMP,IMBALANCE_SPIKE",NORMAL,NORMAL,EXECUTE,EXECUTE,-2.2e-05,0.174095,0.7,0.874095,3215e370089ebc1b9970b3c68cda629c45e73838906a8558213d9ecfda1aa01c
2026-05-29T06:00:09.917877+00:00,BTC/USDT,IMBALANCE_SPIKE,CAUTION,CAUTION,REDUCE_SIZE,REDUCE_SIZE,-7e-06,0.11,0.44,0.68,c360b7abb1cd7d2dd46018741d133a56cadb6e516cdd1ff5258dd384c0c90246
2026-05-29T06:02:09.145846+00:00,ETH/USDT,"IMBALANCE_SPIKE,REGIME_TRANSITION_NORMAL_TO_CAUTION",NORMAL,CAUTION,EXECUTE,REDUCE_SIZE,1.3e-05,0.141353,0.58,0.781354,47db817077c5ec79e1e3e8ddd9845c051388903d366c31eadd4adc01ba227bcd
2026-05-29T06:02:48.952037+00:00,ETH/USDT,REGIME_TRANSITION_CAUTION_TO_NORMAL,CAUTION,NORMAL,REDUCE_SIZE,EXECUTE,-0.0,-0.13202,-0.56,0.35,ac49cc549b46605e17bb66b89f5f4b4513829aefdf252ced6bb112d496b09eb9
2026-05-29T06:02:48.952037+00:00,XRP/USDT,"STRESS_SCORE_JUMP,IMBALANCE_SPIKE,REGIME_TRANSITION_CAUTION_TO_HIGH_STRESS",CAUTION,HIGH_STRESS,REDUCE_SIZE,PAUSE,-0.01154,0.154489,0.62,0.814489,c50dab1007b94445905a317199ef597d850724757fbcb0a047d8145ec5da550f
2026-05-29T06:02:48.952037+00:00,ADA/USDT,REGIME_TRANSITION_NORMAL_TO_CAUTION,NORMAL,CAUTION,EXECUTE,REDUCE_SIZE,-0.007209,0.044676,0.18,0.484676,38897c5ce664e510f3dc2daad0f7b91b08725d8fb6a5f758e67be56dcc3199fc
2026-05-29T06:03:28.340957+00:00,XRP/USDT,REGIME_TRANSITION_HIGH_STRESS_TO_CAUTION,HIGH_STRESS,CAUTION,PAUSE,REDUCE_SIZE,0.0,-0.065008,-0.26,0.35,d0aab58ab99c0e61b736ffc94a75e2115763e93438ea59fc3089f40868d331bb
2026-05-29T06:04:12.347908+00:00,BTC/USDT,IMBALANCE_SPIKE,CAUTION,CAUTION,REDUCE_SIZE,REDUCE_SIZE,-0.0,0.08,0.32,0.59,020a7127a67ef16144c86fa3c2ae720e720e3c1258ed36b38997ea679396023d
2026-05-29T06:04:12.347908+00:00,AVAX/USDT,SPREAD_EXPANDING_FAST,NORMAL,NORMAL,EXECUTE,EXECUTE,2.233139,0.145093,0.16,0.798407,3811a960e8a32ecd714e53844d41fd78c32dcbc32facfb23d7b7cc130c0e03fe
2026-05-29T06:05:32.660166+00:00,BTC/USDT,IMBALANCE_SPIKE,CAUTION,CAUTION,REDUCE_SIZE,REDUCE_SIZE,2e-06,0.1,0.4,0.65,515635a578fcbc07198d9e0b427b50625971a109044fcc4589624133d8feb575
2026-05-29T06:05:32.660166+00:00,LINK/USDT,SPREAD_EXPANDING_FAST,NORMAL,NORMAL,EXECUTE,EXECUTE,2.221482,0.098801,0.02,0.680949,9976328f2d61530bd1c7b54033fdcbb4cd1e050867f1e1b2acb36f1d515d4ee3
2026-05-29T06:06:11.830775+00:00,BNB/USDT,REGIME_TRANSITION_NORMAL_TO_CAUTION,NORMAL,CAUTION,EXECUTE,REDUCE_SIZE,0.0,0.026096,0.02,0.386096,f1a4b41e14b3c019e21c72b3467cd288e35855f089bf6a84a5ec8cbe00734009
2026-05-29T06:06:11.830775+00:00,DOGE/USDT,IMBALANCE_SPIKE,NORMAL,NORMAL,EXECUTE,EXECUTE,0.0,0.074972,0.3,0.574972,d8809f5a000b0cd7bb10a171f830f92cd6db62262b4621d4cd5a16a5e5e13521
2026-05-29T06:06:11.830775+00:00,AVAX/USDT,"SPREAD_EXPANDING_FAST,REGIME_TRANSITION_NORMAL_TO_CAUTION",NORMAL,CAUTION,EXECUTE,REDUCE_SIZE,2.235511,0.101552,0.0,0.675103,72a73d447635d046f365a4cd5cf4325e249756dfa1e3ce4478a4c147606519ed
2026-05-29T06:06:54.293907+00:00,BNB/USDT,REGIME_TRANSITION_CAUTION_TO_NORMAL,CAUTION,NORMAL,REDUCE_SIZE,EXECUTE,-0.000491,-0.115818,-0.02,0.35,8fc1daf1501f1b7e405c3aa5a8055bc25ed73f306a4d69ce4a926e644a2c539d
2026-05-29T06:06:54.293907+00:00,ADA/USDT,REGIME_TRANSITION_CAUTION_TO_NORMAL,CAUTION,NORMAL,REDUCE_SIZE,EXECUTE,0.0,-0.044996,-0.18,0.35,67a7f90225814b7e9a6bd60857c1d053bf456d71c249f1d2299868f6b761112a
2026-05-29T06:06:54.293907+00:00,AVAX/USDT,REGIME_TRANSITION_CAUTION_TO_NORMAL,CAUTION,NORMAL,REDUCE_SIZE,EXECUTE,-2.234762,-0.101363,0.0,0.35,5eadbbd69856e8991d7666588b4b224bd82e9f3e6a53543b21c9fefca77d00dc
2026-05-29T06:07:34.347941+00:00,BNB/USDT,"STRESS_SCORE_JUMP,REGIME_TRANSITION_NORMAL_TO_CAUTION",NORMAL,CAUTION,EXECUTE,REDUCE_SIZE,0.000246,0.248854,0.16,0.678879,8432d88a2dc5eefa88640936290c2f6207a0f15aa0f4ce20648fe02bdf8cf31c
2026-05-29T06:07:34.347941+00:00,TON/USDT,"SPREAD_EXPANDING_FAST,REGIME_TRANSITION_NORMAL_TO_CAUTION",NORMAL,CAUTION,EXECUTE,REDUCE_SIZE,2.819999,0.094783,-0.14,0.726783,7fbfe63c68296ac1adf5b714a5a9643c58b65fbcf4e5280de66d9332d6dc2624
2026-05-29T06:08:23.401509+00:00,BTC/USDT,"STRESS_SCORE_JUMP,IMBALANCE_SPIKE",CAUTION,CAUTION,REDUCE_SIZE,REDUCE_SIZE,4e-06,0.15,0.6,0.8,ad5288019cd4be16041604f38af813079c81a5ce34c3096fb3ac58d02f3bb7d1
2026-05-29T06:08:23.401509+00:00,ETH/USDT,"STRESS_SCORE_JUMP,IMBALANCE_SPIKE",NORMAL,NORMAL,EXECUTE,EXECUTE,2.6e-05,0.177279,0.68,0.867282,9e8fdf965a5bbcf7320d912ca1ea3967cb9df2d0ce869d5676c4c1ffd2d83fe0
2026-05-29T06:08:23.401509+00:00,BNB/USDT,REGIME_TRANSITION_CAUTION_TO_NORMAL,CAUTION,NORMAL,REDUCE_SIZE,EXECUTE,0.000246,-0.207849,-0.06,0.350025,0b33e284ae70c0876d678b639beb409b734be17f71fe4e4b60f6b0e493872bfe
2026-05-29T06:08:23.401509+00:00,XRP/USDT,IMBALANCE_SPIKE,CAUTION,CAUTION,REDUCE_SIZE,REDUCE_SIZE,0.005757,0.080262,0.32,0.590838,015d5d88bd2fbe6085f730071a5e89ace0767012833bf36a81310a72d31501d3
2026-05-29T06:08:23.401509+00:00,TON/USDT,REGIME_TRANSITION_CAUTION_TO_NORMAL,CAUTION,NORMAL,REDUCE_SIZE,EXECUTE,-1.123577,-0.020753,0.12,0.41,bae4d8d5584368130870e1432bdfbf14d7c62bbf86af429143cfd7a9a9fd74a6
2026-05-29T06:09:02.216840+00:00,ADA/USDT,REGIME_TRANSITION_NORMAL_TO_CAUTION,NORMAL,CAUTION,EXECUTE,REDUCE_SIZE,0.001799,0.04008,0.16,0.47026,e7c7247be4460c078bd83374c55bb49e2997ba8881037c8cfeccacd651889ffc
2026-05-29T06:09:44.791067+00:00,TON/USDT,"SPREAD_EXPANDING_FAST,REGIME_TRANSITION_NORMAL_TO_CAUTION",NORMAL,CAUTION,EXECUTE,REDUCE_SIZE,2.256922,0.106349,0.02,0.692041,eb76cbb6ac002f186d561f0eb3b634861ef1f9d5f6216bbd9d11c2c375649785
2026-05-29T06:10:29.698846+00:00,ADA/USDT,REGIME_TRANSITION_CAUTION_TO_NORMAL,CAUTION,NORMAL,REDUCE_SIZE,EXECUTE,-0.005391,-0.025218,-0.1,0.35,822764569ac18b12f5c7eead6bf7f5f7291e1076c7088029d8ff4a6b8972edef
2026-05-29T06:10:29.698846+00:00,TON/USDT,REGIME_TRANSITION_CAUTION_TO_NORMAL,CAUTION,NORMAL,REDUCE_SIZE,EXECUTE,-3.387246,-0.127201,0.1,0.4,93c182c1c9ecda58c2dd7acc6b2374b5372ac6cd2a774ba48e552292dd2ef9d2
2026-05-29T06:11:13.478160+00:00,ETH/USDT,IMBALANCE_SPIKE,NORMAL,NORMAL,EXECUTE,EXECUTE,-1.7e-05,0.068938,0.24,0.538938,272eb7bdf03ca87dfa1df49c5e2f0e6d42339e19710ce9da9f091f6a78526bf2
2026-05-29T06:11:13.478160+00:00,SOL/USDT,IMBALANCE_SPIKE,NORMAL,NORMAL,EXECUTE,EXECUTE,-0.000297,0.052028,0.22,0.512028,02f7784407737d825b3f8301916c6967f2e4ee4246787df8e93eef9ba360aaf2
2026-05-29T06:11:58.606509+00:00,SOL/USDT,IMBALANCE_SPIKE,NORMAL,NORMAL,EXECUTE,EXECUTE,-0.000593,0.0561,0.22,0.5161,b6530c197a28d5ec8260c4447da69916ab0dfe8f7717424fdcdcaf7adc161594
2026-05-29T06:13:21.459434+00:00,TON/USDT,SPREAD_EXPANDING_FAST,NORMAL,NORMAL,EXECUTE,EXECUTE,2.2553,0.074775,-0.1,0.650305,c571bb375f9fe1b16b7537d572b70d6fc4249f4a88d5f5657535c367cb75b0b8
2026-05-29T06:14:08.629737+00:00,AVAX/USDT,SPREAD_EXPANDING_FAST,NORMAL,NORMAL,EXECUTE,EXECUTE,2.235386,0.094776,0.0,0.668315,08ed97173e6007a65215b9cc7d86b3ac2f2017ef1f3c81fab5e0d23ce44f5590
2026-05-29T06:15:29.864720+00:00,ETH/USDT,IMBALANCE_SPIKE,NORMAL,NORMAL,EXECUTE,EXECUTE,-1.3e-05,0.148731,0.62,0.808731,cad5a74ebdab816aad1657ca2b228ed1bb1c7fe1a31454385db66ecb90c98a48
2026-05-29T06:15:29.864720+00:00,SOL/USDT,IMBALANCE_SPIKE,NORMAL,NORMAL,EXECUTE,EXECUTE,-0.000296,0.077255,0.3,0.577255,f143aaaffbd404ba96d712b0740dd51c245d943ff01f2ba08958b2d83f34e685
2026-05-29T06:15:29.864720+00:00,LINK/USDT,SPREAD_EXPANDING_FAST,NORMAL,NORMAL,EXECUTE,EXECUTE,3.32711,0.142656,-0.04,0.825367,f916fbe9ae31803a70c4746def1a460225c71e902613b2388680fa4cfb111417
2026-05-29T06:16:09.495970+00:00,TON/USDT,SPREAD_EXPANDING_FAST,NORMAL,NORMAL,EXECUTE,EXECUTE,2.250731,0.094918,-0.02,0.669991,132fa6f7404bf79a44323896e482f0790461d6b570afc9f3312fa76e22d6b6f3
2026-05-29T06:16:55.986227+00:00,ETH/USDT,IMBALANCE_SPIKE,NORMAL,NORMAL,EXECUTE,EXECUTE,-1e-06,0.083517,0.34,0.603517,06146baa478346060ebfc0e6ad443a9d00e94bf757a42126ea31eae332764d96
2026-05-29T06:17:38.457852+00:00,ETH/USDT,IMBALANCE_SPIKE,NORMAL,NORMAL,EXECUTE,EXECUTE,-1.7e-05,0.091393,0.4,0.641393,80ed3cb9d9ca7d4e2da01033a56cb88ef907cc8b424b169b91e7d97c339eec82
2026-05-29T06:18:59.448070+00:00,ADA/USDT,"IMBALANCE_SPIKE,REGIME_TRANSITION_NORMAL_TO_CAUTION",NORMAL,CAUTION,EXECUTE,REDUCE_SIZE,-0.001794,0.064917,0.26,0.544917,4d732cc1f5796cbd09a8a9fdd65348b2cd89724814852c22b126e279756de7f6
2026-05-29T06:18:59.448070+00:00,TON/USDT,SPREAD_EXPANDING_FAST,NORMAL,NORMAL,EXECUTE,EXECUTE,2.807427,0.125148,0.0,0.755891,46b8613c88e7012c9285af999bc9e0a4dbd4a73190ba8d90be455cd2ec052cdd
2026-05-29T06:19:40.768872+00:00,BTC/USDT,"IMBALANCE_SPIKE,REGIME_TRANSITION_CAUTION_TO_HIGH_STRESS",CAUTION,HIGH_STRESS,REDUCE_SIZE,PAUSE,-1e-06,0.09,0.36,0.62,66114502a3199566df40fc0ee9555a7f50040bf2cc923c59fea22a42058300d8
2026-05-29T06:20:21.573543+00:00,BTC/USDT,REGIME_TRANSITION_HIGH_STRESS_TO_CAUTION,HIGH_STRESS,CAUTION,PAUSE,REDUCE_SIZE,-2e-06,-0.03,-0.12,0.35,6ecec5bb7c0eb921a2fb906e774121259ff47a45aaa7ffec830f733a0c0620eb
2026-05-29T06:23:09.781185+00:00,ETH/USDT,IMBALANCE_SPIKE,NORMAL,NORMAL,EXECUTE,EXECUTE,-8.3e-05,0.10919,0.4,0.65919,ede4d4e44c6cba59f1e4811135f5b4c2157abf6a29febcc0a7a9d5cc016d7100
2026-05-29T06:23:09.781185+00:00,SOL/USDT,"STRESS_SCORE_JUMP,IMBALANCE_SPIKE,REGIME_TRANSITION_NORMAL_TO_CAUTION",NORMAL,CAUTION,EXECUTE,REDUCE_SIZE,-0.00295,0.195911,0.76,0.925911,e8f56c921e915316436a222d8277f12c24ef1ac37dd82d35d9201696076023f6
2026-05-29T06:23:09.781185+00:00,XRP/USDT,"STRESS_SCORE_JUMP,IMBALANCE_SPIKE,REGIME_TRANSITION_CAUTION_TO_HIGH_STRESS",CAUTION,HIGH_STRESS,REDUCE_SIZE,PAUSE,-0.017244,0.169222,0.68,0.859222,a091d4a9de18de259946c212c0e90bbe0f90eec90035a7ffff6cd474e7f7617f
2026-05-29T06:23:09.781185+00:00,ADA/USDT,REGIME_TRANSITION_CAUTION_TO_NORMAL,CAUTION,NORMAL,REDUCE_SIZE,EXECUTE,-0.010714,-0.080446,-0.32,0.35,8f766ee6027f962e8e386fd6be57aa41d137fab84b863fc410617152780ffff1
2026-05-29T06:23:51.345639+00:00,SOL/USDT,REGIME_TRANSITION_CAUTION_TO_NORMAL,CAUTION,NORMAL,REDUCE_SIZE,EXECUTE,0.001768,-0.139832,-0.54,0.350177,6c473b850d72b2cc478ee5de223058c1b802f7b61fcde1b2b495d6b6ea09a8a5
2026-05-29T06:23:51.345639+00:00,TON/USDT,SPREAD_EXPANDING_FAST,NORMAL,NORMAL,EXECUTE,EXECUTE,2.242528,0.059185,-0.16,0.633438,d8c21c21dd4c33cb78c92aa3d735dc44551eea220cd566e0a452634608df854d
2026-05-29T06:24:34.408321+00:00,BNB/USDT,"STRESS_SCORE_JUMP,REGIME_TRANSITION_NORMAL_TO_CAUTION",NORMAL,CAUTION,EXECUTE,REDUCE_SIZE,0.000245,0.226558,0.06,0.606582,6cba3e0b57773310e7ba0eabd41cf98b63f7bf38d37e650c24f0c44d23773b84
2026-05-29T06:24:34.408321+00:00,AVAX/USDT,SPREAD_EXPANDING_FAST,NORMAL,NORMAL,EXECUTE,EXECUTE,2.230773,0.098761,0.0,0.671838,75cf7b64a70ca97645b5b3d6008bcdb4f8729efb5d5268f5072c6c3451209239
2026-05-29T06:25:14.158629+00:00,ETH/USDT,IMBALANCE_SPIKE,NORMAL,NORMAL,EXECUTE,EXECUTE,2.4e-05,0.05777,0.26,0.537772,3126bcc2adbf083038dbcd645811db3a903a1de1875af929e1d81892eef46627
2026-05-29T06:25:14.158629+00:00,BNB/USDT,REGIME_TRANSITION_CAUTION_TO_NORMAL,CAUTION,NORMAL,REDUCE_SIZE,EXECUTE,0.000245,-0.220904,0.0,0.350025,aed9e7ceee58479ed4e5a65356513c63ac146e2043590e8c39ad03f7c5ad7a26
2026-05-29T06:25:14.158629+00:00,XRP/USDT,REGIME_TRANSITION_HIGH_STRESS_TO_CAUTION,HIGH_STRESS,CAUTION,PAUSE,REDUCE_SIZE,0.0,-0.050007,-0.2,0.35,9e685a64b0e0cf0d669e2d8272ed7ea8f73715d334fa2accc16d250bba94c257
2026-05-29T06:26:43.149548+00:00,BNB/USDT,"STRESS_SCORE_JUMP,REGIME_TRANSITION_NORMAL_TO_CAUTION",NORMAL,CAUTION,EXECUTE,REDUCE_SIZE,0.00049,0.243506,-0.06,0.593555,4acfbaba07a04c716c4a75ff1e806c8830a54bb017272aa7786705432eb4ea45
2026-05-29T06:26:43.149548+00:00,TON/USDT,SPREAD_EXPANDING_FAST,NORMAL,NORMAL,EXECUTE,EXECUTE,2.243662,0.077817,-0.08,0.652183,a505e3c6ef6ac0d9aff9fefb29e4962b678af64df62ff776aa4ebcc97b43a20f
2026-05-29T06:27:23.755529+00:00,BNB/USDT,REGIME_TRANSITION_CAUTION_TO_NORMAL,CAUTION,NORMAL,REDUCE_SIZE,EXECUTE,0.000245,-0.272102,-0.06,0.350025,ac3fe92fb0b0dfe7eeac663a5f6e1e2d2ca1973957851c79a61f2616239dce69
2026-05-29T06:27:23.755529+00:00,LINK/USDT,SPREAD_EXPANDING_FAST,NORMAL,NORMAL,EXECUTE,EXECUTE,2.217295,0.09002,-0.02,0.661749,58535104a18ab669217aa44512b38950a15d85d662262ab51f557999c88265cb
2026-05-29T06:28:07.201340+00:00,BTC/USDT,IMBALANCE_SPIKE,CAUTION,CAUTION,REDUCE_SIZE,REDUCE_SIZE,-0.0,0.09,0.36,0.62,3b1c8259eb64e32238f91964c1a09d02f58fe26fe07c8dee882608729fc59bb1
2026-05-29T06:28:07.201340+00:00,ADA/USDT,REGIME_TRANSITION_NORMAL_TO_CAUTION,NORMAL,CAUTION,EXECUTE,REDUCE_SIZE,0.0,0.040021,0.16,0.470021,5b8666fd4cb3e85c0c56f102fd0a53c8b6a63f6e5e6a8c12c5187dbd9a43b778
2026-05-29T06:28:55.945605+00:00,BNB/USDT,"STRESS_SCORE_JUMP,REGIME_TRANSITION_NORMAL_TO_CAUTION",NORMAL,CAUTION,EXECUTE,REDUCE_SIZE,0.000491,0.165576,-0.02,0.515625,24c4c77e6052a3a7908273c1ae6e27a56840b58b036a6b87368e2c99204bcd07
2026-05-29T06:29:36.905986+00:00,BNB/USDT,REGIME_TRANSITION_CAUTION_TO_NORMAL,CAUTION,NORMAL,REDUCE_SIZE,EXECUTE,0.0,-0.185094,0.06,0.38,ccb81fa909213c5dc42f5886ab9b539e593c04c55c644f60b1fe39c0da5c2a80
2026-05-29T06:29:36.905986+00:00,ADA/USDT,"SPREAD_EXPANDING_FAST,STRESS_SCORE_JUMP",CAUTION,CAUTION,REDUCE_SIZE,REDUCE_SIZE,4.238186,0.160723,-0.12,0.934542,cb2fcd9956ec9e11b457a9ffc76ed67d53b7ef62d7be6ff3cfb24f0d1cbb11d1
2026-05-29T06:30:20.653781+00:00,ETH/USDT,IMBALANCE_SPIKE,NORMAL,NORMAL,EXECUTE,EXECUTE,1.2e-05,0.127165,0.5,0.727166,2497b53673e0326130a5d2f92c5fa8142e47d40c02a6afaba477b3bba09639c1
2026-05-29T06:30:20.653781+00:00,LINK/USDT,SPREAD_EXPANDING_FAST,NORMAL,NORMAL,EXECUTE,EXECUTE,2.219386,0.080808,-0.06,0.652747,502bfb5663168d3e04f67da116eb9903528d4ccc35cddcee8d62ccfb1c269779
2026-05-29T06:33:13.697601+00:00,BTC/USDT,IMBALANCE_SPIKE,CAUTION,CAUTION,REDUCE_SIZE,REDUCE_SIZE,-4e-06,0.13,0.52,0.74,a74a4f87bfac152a0f788b1c247f1ad0db612cae34e40dc157973bdb74659c47
2026-05-29T06:33:13.697601+00:00,ETH/USDT,"STRESS_SCORE_JUMP,IMBALANCE_SPIKE",NORMAL,NORMAL,EXECUTE,EXECUTE,-2.7e-05,0.158956,0.68,0.848956,a6375d910211d7ea9c3508860b88f8ed95afe56afe524f42cc6e613c8b0a6e34
2026-05-29T06:33:13.697601+00:00,ADA/USDT,"SPREAD_EXPANDING_FAST,STRESS_SCORE_JUMP",CAUTION,CAUTION,REDUCE_SIZE,REDUCE_SIZE,4.238186,0.190677,0.0,0.964496,1e437f4ee21e68adc3fe4e66ce57f41616aae2d82782a3cf68914d921c2059a7
2026-05-29T06:33:13.697601+00:00,LINK/USDT,SPREAD_EXPANDING_FAST,NORMAL,NORMAL,EXECUTE,EXECUTE,2.218033,0.122567,0.1,0.74437,88b1449e7501d00da9589895c869ec766d4dcd7b835e01d9ad275c8af039270a
2026-05-29T06:33:58.157156+00:00,ETH/USDT,"IMBALANCE_SPIKE,REGIME_TRANSITION_NORMAL_TO_CAUTION",NORMAL,CAUTION,EXECUTE,REDUCE_SIZE,3.4e-05,0.106291,0.26,0.586294,a6e307d286ff7733a74fcfc5d429785e8e22154bb12129cd83e32887b59cdf6b
2026-05-29T06:33:58.157156+00:00,BNB/USDT,REGIME_TRANSITION_NORMAL_TO_CAUTION,NORMAL,CAUTION,EXECUTE,REDUCE_SIZE,0.000737,0.083759,-0.04,0.433833,069e122c13ac3a7855d30b91c719a3e4c21193f95c916255c0f7c961c236d9e6
2026-05-29T06:33:58.157156+00:00,AVAX/USDT,SPREAD_EXPANDING_FAST,NORMAL,NORMAL,EXECUTE,EXECUTE,2.238011,0.098354,0.02,0.682155,ac238f1f1f349f0f7fa2fe97f93f471933cd3d2947f03714697284c3010680e9
2026-05-29T06:34:40.523570+00:00,ETH/USDT,REGIME_TRANSITION_CAUTION_TO_NORMAL,CAUTION,NORMAL,REDUCE_SIZE,EXECUTE,-0.0,-0.06694,-0.2,0.35,55b94f55efc26c6cecea959fee6f02d1b06a6ab2759a0be6c270312390c54cbe
2026-05-29T06:35:25.593633+00:00,BTC/USDT,IMBALANCE_SPIKE,CAUTION,CAUTION,REDUCE_SIZE,REDUCE_SIZE,-0.0,0.11,0.44,0.68,5699faaef680ff91f032a9c0d4c24c7fa9d9a62d9652bb619ab0843e400640bc
2026-05-29T06:35:25.593633+00:00,BNB/USDT,REGIME_TRANSITION_CAUTION_TO_NORMAL,CAUTION,NORMAL,REDUCE_SIZE,EXECUTE,0.0,-0.02032,-0.02,0.35,fcf75c29d86272ad8e51556adccc7cd10fe47b0ac9ba6a47a7d6f930ca95299f
2026-05-29T06:36:45.855851+00:00,ETH/USDT,IMBALANCE_SPIKE,NORMAL,NORMAL,EXECUTE,EXECUTE,6e-06,0.082144,0.28,0.572145,489cbe109ae736449312d966439b982d1c08c68e04ac0d83ca7dbfcaecf0646d
2026-05-29T06:36:45.855851+00:00,LINK/USDT,SPREAD_EXPANDING_FAST,NORMAL,NORMAL,EXECUTE,EXECUTE,2.221605,0.123086,0.12,0.755247,2b6b4eb49619825a33fbea7b7554fd653a615af594f72a1e00e866052984f3bf
2026-05-29T06:37:26.431599+00:00,BTC/USDT,IMBALANCE_SPIKE,CAUTION,CAUTION,REDUCE_SIZE,REDUCE_SIZE,2e-06,0.090001,0.36,0.620001,ac0f57ebac11a7e5ab153cabd8fb3c7f86e7e63d891789d472cdce82cc2cb3e9
2026-05-29T06:38:05.247577+00:00,ETH/USDT,IMBALANCE_SPIKE,NORMAL,NORMAL,EXECUTE,EXECUTE,1e-06,0.08818,0.3,0.58818,984e61f24b4fe5fb62784746f7949c59793ef208b102905f3345a6c591a9d17a
2026-05-29T06:38:05.247577+00:00,DOGE/USDT,IMBALANCE_SPIKE,NORMAL,NORMAL,EXECUTE,EXECUTE,0.000304,0.060021,0.24,0.530051,d9f611c5929595dcdb2b8898701d2e93ec179280df3e3ced4d4ee23480c16710
2026-05-29T06:38:53.982074+00:00,AVAX/USDT,SPREAD_EXPANDING_FAST,NORMAL,NORMAL,EXECUTE,EXECUTE,2.241147,0.104252,0.02,0.688367,254ef70cb834d93390afc720840019e93accfcbbe0ed1d9fc04764ec0437f717
2026-05-29T06:39:31.615825+00:00,XRP/USDT,IMBALANCE_SPIKE,CAUTION,CAUTION,REDUCE_SIZE,REDUCE_SIZE,0.0,0.054999,0.22,0.514999,458e24b6ce4b3cdf8de7358db7153c095afc24a88fb5577f27e7f754e3a0c772
2026-05-29T06:39:31.615825+00:00,LINK/USDT,SPREAD_EXPANDING_FAST,NORMAL,NORMAL,EXECUTE,EXECUTE,2.219261,0.080055,-0.08,0.651981,a3b68c1ffc5e07bf3100eb41890d8a0f8fed8f188d9aabe34536c8091a6fd963
2026-05-29T06:40:14.260105+00:00,BTC/USDT,"STRESS_SCORE_JUMP,IMBALANCE_SPIKE",CAUTION,CAUTION,REDUCE_SIZE,REDUCE_SIZE,0.0,0.155,0.62,0.815,3a99f2c6425db285d58a4605299c5e0d34218a5f49d57bf3e15ccf9faca3e3d5
2026-05-29T06:40:14.260105+00:00,ETH/USDT,IMBALANCE_SPIKE,NORMAL,NORMAL,EXECUTE,EXECUTE,-2e-06,0.070775,0.22,0.530775,45dd8b34d3d03a58fd35e39d1bba6de012790d2448bec2c397106eb643e9f04d
2026-05-29T06:40:14.260105+00:00,XRP/USDT,"IMBALANCE_SPIKE,REGIME_TRANSITION_CAUTION_TO_HIGH_STRESS",CAUTION,HIGH_STRESS,REDUCE_SIZE,PAUSE,-0.005783,0.05974,0.24,0.52974,2b00d94711762e769a0702fc02c4c85db150c5dcb5bb07f817a7d9f6ce9de7fd
2026-05-29T06:40:53.371476+00:00,BTC/USDT,REGIME_TRANSITION_CAUTION_TO_NORMAL,CAUTION,NORMAL,REDUCE_SIZE,EXECUTE,0.0,-0.258828,0.02,0.36,1c6059f904d5539fe82d8f7f453738c2f597d620d279afa69808410fcb604c1c
2026-05-29T06:41:36.236773+00:00,ADA/USDT,REGIME_TRANSITION_CAUTION_TO_NORMAL,CAUTION,NORMAL,REDUCE_SIZE,EXECUTE,0.0,-0.050017,-0.2,0.35,89e982adb25011914a391fa7acfe9443acdc381ce7ec0ab8eae8514da9741dc6
2026-05-29T06:41:36.236773+00:00,AVAX/USDT,"SPREAD_EXPANDING_FAST,REGIME_TRANSITION_NORMAL_TO_CAUTION",NORMAL,CAUTION,EXECUTE,REDUCE_SIZE,2.240519,0.103404,0.0,0.677456,e50da63a8041c93683d1871375ca994aa2273a005d3c1257f82d2b44bbe06071
2026-05-29T06:42:17.190102+00:00,BTC/USDT,REGIME_TRANSITION_NORMAL_TO_CAUTION,NORMAL,CAUTION,EXECUTE,REDUCE_SIZE,0.0,0.029179,0.08,0.419179,5264eb56257e78e220fc3cacdaababefff4c3bee001102d4bf217167ca35bd4b
2026-05-29T06:42:17.190102+00:00,XRP/USDT,REGIME_TRANSITION_HIGH_STRESS_TO_CAUTION,HIGH_STRESS,CAUTION,PAUSE,REDUCE_SIZE,0.0,-0.040008,-0.16,0.35,07f7a03a225a395e79b1579b6d8cac1130fedfb5a605672515206df32b73d20a
2026-05-29T06:42:17.190102+00:00,AVAX/USDT,REGIME_TRANSITION_CAUTION_TO_NORMAL,CAUTION,NORMAL,REDUCE_SIZE,EXECUTE,-2.240519,-0.102252,0.0,0.35,14ae65cafca8987bd4a24fa3f03c9f31e4391eb06c0fb5f635afb21dee00a831
2026-05-29T06:42:58.990786+00:00,BTC/USDT,REGIME_TRANSITION_CAUTION_TO_NORMAL,CAUTION,NORMAL,REDUCE_SIZE,EXECUTE,0.0,-0.022651,-0.1,0.35,868e377f4521612e7bd2f57462ffb32f985cc195c1e844a180e4f8129013cea9
2026-05-29T06:42:58.990786+00:00,TON/USDT,REGIME_TRANSITION_NORMAL_TO_CAUTION,NORMAL,CAUTION,EXECUTE,REDUCE_SIZE,1.679205,0.115589,0.16,0.71351,07ebda9face023ddf978f5aa7cce2c5c09397a38692c9808f4cbe0c668caaa1f
2026-05-29T06:43:40.567958+00:00,TON/USDT,REGIME_TRANSITION_CAUTION_TO_NORMAL,CAUTION,NORMAL,REDUCE_SIZE,EXECUTE,0.0,-0.006613,-0.02,0.35,0dcda28a9b73c4ca1f0912fd5ab50615675849f21be5a5cc81937c7d9c7fd1af
2026-05-29T06:44:23.564782+00:00,BTC/USDT,REGIME_TRANSITION_NORMAL_TO_CAUTION,NORMAL,CAUTION,EXECUTE,REDUCE_SIZE,0.0,0.047168,0.16,0.477168,1702148cac5f48556338b3eed89bf404e587768576d29d73222824a65d9505da
2026-05-29T06:45:04.556170+00:00,TON/USDT,REGIME_TRANSITION_NORMAL_TO_CAUTION,NORMAL,CAUTION,EXECUTE,REDUCE_SIZE,-0.001098,0.024188,0.1,0.424188,1382c6606f0fcfbbd11e8340d8c8d0679dfb843e47f5f0b0e524edb21065b7ad
2026-05-29T06:45:52.337968+00:00,BTC/USDT,"IMBALANCE_SPIKE,REGIME_TRANSITION_CAUTION_TO_HIGH_STRESS",CAUTION,HIGH_STRESS,REDUCE_SIZE,PAUSE,-3e-06,0.069999,0.28,0.559999,e656f78b581a1362b193ffa1e86467aeed8c5cc7b06217f3b79cbfa91339a7df
2026-05-29T06:45:52.337968+00:00,ETH/USDT,IMBALANCE_SPIKE,NORMAL,NORMAL,EXECUTE,EXECUTE,-1.1e-05,0.069667,0.32,0.579667,684dfbefa132b688b84b00fd25c05558812cf72b8ee02f3e3744c3b9ad184b6d
2026-05-29T06:45:52.337968+00:00,AVAX/USDT,"SPREAD_EXPANDING_FAST,REGIME_TRANSITION_NORMAL_TO_CAUTION",NORMAL,CAUTION,EXECUTE,REDUCE_SIZE,3.355141,0.14775,0.02,0.843264,6692ea193b737ae7ac8a08956f58f999ada42bf510cebc4775333801e8872785
2026-05-29T06:45:52.337968+00:00,TON/USDT,REGIME_TRANSITION_CAUTION_TO_NORMAL,CAUTION,NORMAL,REDUCE_SIZE,EXECUTE,-1.118722,-0.054145,-0.02,0.35,cb060f83b7436653d1bd1100e5c187fe4363226285dc939a99d9e310f3b0cd5c
2026-05-29T06:46:36.859431+00:00,BTC/USDT,REGIME_TRANSITION_HIGH_STRESS_TO_CAUTION,HIGH_STRESS,CAUTION,PAUSE,REDUCE_SIZE,0.0,-0.145,-0.58,0.35,b90084a668f1cf60d5fa98f18a0a6bde5754ebfe7aab3899eee79df78391d87e
2026-05-29T06:46:36.859431+00:00,ETH/USDT,"IMBALANCE_SPIKE,REGIME_TRANSITION_NORMAL_TO_CAUTION",NORMAL,CAUTION,EXECUTE,REDUCE_SIZE,1.2e-05,0.126684,0.52,0.736685,b269e6ba87243b7ca35ea10ca65576da1d338cdfaec3126a0c9a2365c617f299
2026-05-29T06:46:36.859431+00:00,ADA/USDT,REGIME_TRANSITION_NORMAL_TO_CAUTION,NORMAL,CAUTION,EXECUTE,REDUCE_SIZE,0.0,0.019978,0.08,0.409978,a1d59dcd26e45cbecbca1ede61f36bd872b5c7267f45f0553de00cb672b594d5
2026-05-29T06:46:36.859431+00:00,AVAX/USDT,REGIME_TRANSITION_CAUTION_TO_NORMAL,CAUTION,NORMAL,REDUCE_SIZE,EXECUTE,-2.236886,-0.097784,0.0,0.35,ed7e9516d0ebeda84062bec4aaebd053dea88ded3161880d7d2b5ac83e4577f6
2026-05-29T06:47:24.570157+00:00,ETH/USDT,REGIME_TRANSITION_CAUTION_TO_NORMAL,CAUTION,NORMAL,REDUCE_SIZE,EXECUTE,-4e-06,-0.034091,-0.16,0.35,c45b168f4a488e06140a9ad621d01fd5498cd2ac764c6ebfd57ddcca38d73aff
2026-05-29T06:47:24.570157+00:00,XRP/USDT,IMBALANCE_SPIKE,CAUTION,CAUTION,REDUCE_SIZE,REDUCE_SIZE,0.005765,0.055254,0.22,0.515831,3f794eb98ce66457211f86b1614ce1185bece252e683672b66b86d084413c3b5
2026-05-29T06:47:24.570157+00:00,ADA/USDT,REGIME_TRANSITION_CAUTION_TO_NORMAL,CAUTION,NORMAL,REDUCE_SIZE,EXECUTE,-0.001799,-0.01508,-0.06,0.35,6d5fc20edab7fce55f5a1cefd480e3f0438a117a63d38a2f5a397cac004caea3
2026-05-29T06:47:24.570157+00:00,LINK/USDT,SPREAD_EXPANDING_FAST,NORMAL,NORMAL,EXECUTE,EXECUTE,2.217541,0.100462,0.0,0.672216,4884387df262e708bfb02a4ca77c1035a8ca4c3bae6de4f90c5732599a92023e
2026-05-29T06:48:08.507754+00:00,BTC/USDT,IMBALANCE_SPIKE,CAUTION,CAUTION,REDUCE_SIZE,REDUCE_SIZE,-4e-06,0.08,0.32,0.59,a4268c9fd1a24e617c9640d227697258972ad6bae8faa2c93ed5f901140d88a6
2026-05-29T06:48:08.507754+00:00,ETH/USDT,REGIME_TRANSITION_NORMAL_TO_CAUTION,NORMAL,CAUTION,EXECUTE,REDUCE_SIZE,-1.8e-05,0.039474,0.16,0.469474,5452bee37af4e0e18832cb21458839409b7f5b942e7d5dd8312d379b4a84b604
2026-05-29T06:48:08.507754+00:00,ADA/USDT,REGIME_TRANSITION_NORMAL_TO_CAUTION,NORMAL,CAUTION,EXECUTE,REDUCE_SIZE,-0.001797,0.009923,0.04,0.379923,103dd573059898ab1aa3be3d7155b4c71bb3b9a32f4ff88ac1f9de9100c8d694
2026-05-29T06:48:52.704026+00:00,ETH/USDT,REGIME_TRANSITION_CAUTION_TO_NORMAL,CAUTION,NORMAL,REDUCE_SIZE,EXECUTE,-4e-06,-0.03607,-0.16,0.35,a5ea68ee349677fca8f95dad6a66377d5ec9e625fdc1a0dad596beb97fc92c0f
2026-05-29T06:49:31.066663+00:00,LINK/USDT,"SPREAD_EXPANDING_FAST,STRESS_SCORE_JUMP,REGIME_TRANSITION_NORMAL_TO_CAUTION",NORMAL,CAUTION,EXECUTE,REDUCE_SIZE,3.325758,0.157298,0.04,0.859874,2ab98bbc20a37f61ee333caff1ba7fe249acff02d704b5733a53ca87b931609e
2026-05-29T06:50:13.917660+00:00,XRP/USDT,IMBALANCE_SPIKE,CAUTION,CAUTION,REDUCE_SIZE,REDUCE_SIZE,0.005765,0.080259,0.32,0.590836,ed04270482291e095aa1df6292ee7cbf4d70990d83325a901d940c1cde661d6d
2026-05-29T06:50:13.917660+00:00,AVAX/USDT,SPREAD_EXPANDING_FAST,NORMAL,NORMAL,EXECUTE,EXECUTE,2.237261,0.116579,0.06,0.720305,2d5d833717310833611dee4d5beaa1cecd83aa8bd924c9823dfdd552c8364ef1
2026-05-29T06:50:13.917660+00:00,LINK/USDT,REGIME_TRANSITION_CAUTION_TO_NORMAL,CAUTION,NORMAL,REDUCE_SIZE,EXECUTE,-1.107234,-0.040349,0.04,0.37,3c8d7300c2da196e68c39d2e5039a77efc785f22870ee09038d32ba4f612ddcf
2026-05-29T06:50:51.743794+00:00,BNB/USDT,REGIME_TRANSITION_NORMAL_TO_CAUTION,NORMAL,CAUTION,EXECUTE,REDUCE_SIZE,0.0,0.107759,0.0,0.457759,aa0c3da30ee1a3a51e60205dbd9cb8bfbf92305718e11703cf3d813df4ef8fdc
2026-05-29T06:50:51.743794+00:00,XRP/USDT,"IMBALANCE_SPIKE,REGIME_TRANSITION_CAUTION_TO_HIGH_STRESS",CAUTION,HIGH_STRESS,REDUCE_SIZE,PAUSE,0.0,0.089996,0.36,0.619996,4b99354ba593bbe6ecd7771d5113c5815eeb33b905a4cf4feb86159ca0cb8ad9
2026-05-29T06:51:31.480178+00:00,BNB/USDT,REGIME_TRANSITION_CAUTION_TO_NORMAL,CAUTION,NORMAL,REDUCE_SIZE,EXECUTE,0.000246,-0.159871,-0.06,0.350025,d5ce32bb69da1effa69750964bbf2d3a7a2285952bf26b253afb79afb8f008e2
2026-05-29T06:51:31.480178+00:00,ADA/USDT,REGIME_TRANSITION_CAUTION_TO_NORMAL,CAUTION,NORMAL,REDUCE_SIZE,EXECUTE,0.0,-0.04,-0.16,0.35,7048dc5b61a4c045a102f3ff8db9aba9605c895b659a14495daced84dc015818
2026-05-29T06:52:10.289920+00:00,BTC/USDT,"STRESS_SCORE_JUMP,IMBALANCE_SPIKE,REGIME_TRANSITION_CAUTION_TO_HIGH_STRESS",CAUTION,HIGH_STRESS,REDUCE_SIZE,PAUSE,-3e-06,0.215,0.86,0.995,2eb65c036e8bf5f5935193e387f81022bf57f10dc3073a161f4b86eb02434aba
2026-05-29T06:52:10.289920+00:00,ETH/USDT,"IMBALANCE_SPIKE,REGIME_TRANSITION_NORMAL_TO_CAUTION",NORMAL,CAUTION,EXECUTE,REDUCE_SIZE,-2.1e-05,0.143189,0.48,0.733189,c43c89ed81d3e7dafaa53c68dc8693d7a720d58e12fffe5de7717a247f7cbee1
2026-05-29T06:52:10.289920+00:00,XRP/USDT,REGIME_TRANSITION_HIGH_STRESS_TO_CAUTION,HIGH_STRESS,CAUTION,PAUSE,REDUCE_SIZE,0.0,-0.130009,-0.52,0.35,96b36401e93d71caeaa183454705ad735b622ea2b7eeca90bc2a24d73331613d
2026-05-29T06:52:51.970544+00:00,BTC/USDT,REGIME_TRANSITION_HIGH_STRESS_TO_CAUTION,HIGH_STRESS,CAUTION,PAUSE,REDUCE_SIZE,-3e-06,-0.11,-0.44,0.35,14bd3f11b25eff3a3df99bb79c2e775969c1367956ac37d70291d523abedc93d
2026-05-29T06:53:32.646497+00:00,ETH/USDT,REGIME_TRANSITION_CAUTION_TO_NORMAL,CAUTION,NORMAL,REDUCE_SIZE,EXECUTE,0.0,-0.015112,-0.08,0.35,7e57414810ac6bd0922a9ea33b94db4742d2e3f816780dd7f4b71d2fb239e1db
2026-05-29T06:53:32.646497+00:00,AVAX/USDT,"SPREAD_EXPANDING_FAST,STRESS_SCORE_JUMP,REGIME_TRANSITION_NORMAL_TO_CAUTION",NORMAL,CAUTION,EXECUTE,REDUCE_SIZE,6.698921,0.309476,0.04,1.0,463ea3a6df0036645351a54a54993c309e9c2f8691e5e5d827ba23d06e95dbe8
2026-05-29T06:53:32.646497+00:00,TON/USDT,"STRESS_SCORE_JUMP,IMBALANCE_SPIKE,REGIME_TRANSITION_NORMAL_TO_CAUTION",NORMAL,CAUTION,EXECUTE,REDUCE_SIZE,0.552966,0.150522,0.5,0.805819,c25d389b5bb1f0c568ab5b40c23d7ea8fdebfecbf2a26779005f4afd70ebc11a
2026-05-29T06:54:15.926550+00:00,AVAX/USDT,REGIME_TRANSITION_CAUTION_TO_NORMAL,CAUTION,NORMAL,REDUCE_SIZE,EXECUTE,-5.581914,-0.24911,0.0,0.35,29846c4847efe9ec76d636bdb0a3706f9ddb8b88f1a8ff21c086ba512b6a5e79
2026-05-29T06:54:55.686699+00:00,BTC/USDT,IMBALANCE_SPIKE,CAUTION,CAUTION,REDUCE_SIZE,REDUCE_SIZE,2e-06,0.07,0.28,0.56,0537c4739f541982addc5c99e57b4bfd62ff62c9cc8b356847950ee02703c10f
2026-05-29T06:54:55.686699+00:00,SOL/USDT,IMBALANCE_SPIKE,NORMAL,NORMAL,EXECUTE,EXECUTE,0.0,0.063386,0.26,0.543386,737306872c879d8e45202a86b8d4c8cce47b59c3b8af72f498b98fb6acd33ea8
2026-05-29T06:54:55.686699+00:00,XRP/USDT,IMBALANCE_SPIKE,CAUTION,CAUTION,REDUCE_SIZE,REDUCE_SIZE,0.005774,0.080261,0.32,0.590838,b5237f9c704f3363e3c840cfda5aeb4de39659399537375a4b7a30568b096eb0
2026-05-29T06:55:35.784275+00:00,ETH/USDT,IMBALANCE_SPIKE,NORMAL,NORMAL,EXECUTE,EXECUTE,-1.7e-05,0.125612,0.58,0.765612,b365600a1fbd1f46cd18ed89d55330aa1afec51020b663991386c2552baf31dd
2026-05-29T06:55:35.784275+00:00,ADA/USDT,"SPREAD_EXPANDING_FAST,STRESS_SCORE_JUMP,REGIME_TRANSITION_NORMAL_TO_CAUTION",NORMAL,CAUTION,EXECUTE,REDUCE_SIZE,4.241781,0.185864,-0.02,0.960042,0873b762a449f268b2d2e5a8acd6af197bfae18921a9ef8f9ec4ea964cb8c6e7
2026-05-29T06:56:15.100464+00:00,ADA/USDT,REGIME_TRANSITION_CAUTION_TO_NORMAL,CAUTION,NORMAL,REDUCE_SIZE,EXECUTE,-4.241781,-0.185865,0.02,0.36,641a8ead24afbfe18ee9660b327588d18f406e77d57a4b29da0ccbe7aec66f91
2026-05-29T06:56:15.100464+00:00,LINK/USDT,SPREAD_EXPANDING_FAST,NORMAL,NORMAL,EXECUTE,EXECUTE,2.214349,0.090148,-0.04,0.661583,4b1bea361fb046208e20412602f216fcd9c9af45d8f003be9033a4ad4dd78717
2026-05-29T06:56:58.578913+00:00,BTC/USDT,"IMBALANCE_SPIKE,REGIME_TRANSITION_CAUTION_TO_HIGH_STRESS",CAUTION,HIGH_STRESS,REDUCE_SIZE,PAUSE,-2e-06,0.08,0.32,0.59,5f4ded705451355eb470b7d06c490bad2a1198ee81d3d085d003a8fc176456a6
2026-05-29T06:56:58.578913+00:00,TON/USDT,REGIME_TRANSITION_CAUTION_TO_NORMAL,CAUTION,NORMAL,REDUCE_SIZE,EXECUTE,-1.113924,-0.083748,-0.16,0.35,2cfce95f40f26b48abc408b7f1518d28cf605931bbd8809fbf9e95a67b34f290
2026-05-29T06:57:38.711833+00:00,ETH/USDT,IMBALANCE_SPIKE,NORMAL,NORMAL,EXECUTE,EXECUTE,4e-06,0.051155,0.24,0.521155,32d83853d2349e3fe7fb466fb7e859d2f129cfde06436037e51cb1e6169e64d9
2026-05-29T06:58:24.354609+00:00,BTC/USDT,REGIME_TRANSITION_HIGH_STRESS_TO_CAUTION,HIGH_STRESS,CAUTION,PAUSE,REDUCE_SIZE,0.0,-0.12,-0.48,0.35,4d621e0c7a5c10e83d11ac98feea9da95504d90acc88ec61138bc8a5909b7d23
2026-05-29T06:59:05.370505+00:00,LINK/USDT,SPREAD_EXPANDING_FAST,NORMAL,NORMAL,EXECUTE,EXECUTE,3.322811,0.140581,-0.02,0.822862,a9048525b7f042f532a118e80d004495dee6f86472ccf0d03be6252f80437fa3
2026-05-29T06:59:47.236804+00:00,ETH/USDT,IMBALANCE_SPIKE,NORMAL,NORMAL,EXECUTE,EXECUTE,4e-06,0.104651,0.36,0.634651,d7495bc34e7858823b477694cd55bdae3913a425af76c977715d6c06a740ca40
2026-05-29T07:00:26.129846+00:00,BTC/USDT,IMBALANCE_SPIKE,CAUTION,CAUTION,REDUCE_SIZE,REDUCE_SIZE,0.0,0.075,0.3,0.575,5b7b29c51e47c2768229d563d29c01d09d3fd1d97d3e967b5d9ada22c6ceb27a
2026-05-29T07:00:26.129846+00:00,ETH/USDT,REGIME_TRANSITION_NORMAL_TO_CAUTION,NORMAL,CAUTION,EXECUTE,REDUCE_SIZE,8e-06,0.062083,0.04,0.432084,8bf40b58e89cd18bde18907219921f4e947b64ac679abc12be9d58cc73942f5c
2026-05-29T07:01:06.727230+00:00,ETH/USDT,REGIME_TRANSITION_CAUTION_TO_NORMAL,CAUTION,NORMAL,REDUCE_SIZE,EXECUTE,5e-06,-0.131294,-0.24,0.35,78ee391be73f9bb65f523f29c3e9f75098210bc3fa96c31638c6eeb2b92be3db
2026-05-29T07:01:06.727230+00:00,BNB/USDT,REGIME_TRANSITION_NORMAL_TO_CAUTION,NORMAL,CAUTION,EXECUTE,REDUCE_SIZE,-1.566784,0.073014,0.0,0.423014,782f75e2cb3df3ac0727b3380f1600cb6dac226401d49bb5087f63258397a29c
2026-05-29T07:01:06.727230+00:00,XRP/USDT,IMBALANCE_SPIKE,CAUTION,CAUTION,REDUCE_SIZE,REDUCE_SIZE,0.0,0.080005,0.32,0.590005,491f7a042540075bac8d60765e704ba24a021363a70f4aab61506d02af824020
2026-05-29T07:02:31.085622+00:00,BNB/USDT,REGIME_TRANSITION_CAUTION_TO_NORMAL,CAUTION,NORMAL,REDUCE_SIZE,EXECUTE,-0.000491,-0.105461,0.04,0.37,0b1c7883ba168a74e5efc91cc81594552ab1069d953be58889ce978c9a2bd361
2026-05-29T07:02:31.085622+00:00,ADA/USDT,"SPREAD_EXPANDING_FAST,STRESS_SCORE_JUMP,REGIME_TRANSITION_NORMAL_TO_CAUTION",NORMAL,CAUTION,EXECUTE,REDUCE_SIZE,4.238186,0.175687,-0.06,0.949506,1ae779986f207bfb75f76626056c0369a5cbe4da0007a1d9fe001409ae2780a6
2026-05-29T07:03:11.656854+00:00,BTC/USDT,IMBALANCE_SPIKE,CAUTION,CAUTION,REDUCE_SIZE,REDUCE_SIZE,2e-06,0.09,0.36,0.62,e6e1c3eeb474f0dc9535a666d92886ce9ec998138a1effd4b978d3facf4f701d
2026-05-29T07:03:11.656854+00:00,BNB/USDT,REGIME_TRANSITION_NORMAL_TO_CAUTION,NORMAL,CAUTION,EXECUTE,REDUCE_SIZE,0.000491,0.065763,0.0,0.415812,54ca7f86d72d7bc05113bb520cbcaad3e1e9118a4428b61ead465259e428d962
2026-05-29T07:03:11.656854+00:00,ADA/USDT,REGIME_TRANSITION_CAUTION_TO_NORMAL,CAUTION,NORMAL,REDUCE_SIZE,EXECUTE,-4.238186,-0.2057,-0.06,0.35,f3d30788dcb8b141e13b7038d2c5fd577231d89c50d205aec18b7130e2830cce
2026-05-29T07:03:50.956980+00:00,BNB/USDT,REGIME_TRANSITION_CAUTION_TO_NORMAL,CAUTION,NORMAL,REDUCE_SIZE,EXECUTE,-0.000246,-0.101676,0.0,0.35,e15d0f8be8cd9e9af08a3c7efad3b7f09d63398c0c94082d7670797de3979c61
2026-05-29T07:04:34.404712+00:00,ADA/USDT,"SPREAD_EXPANDING_FAST,STRESS_SCORE_JUMP,REGIME_TRANSITION_NORMAL_TO_CAUTION",NORMAL,CAUTION,EXECUTE,REDUCE_SIZE,4.238186,0.195703,0.02,0.979522,212ac58fe50c1300555014267e342e61333545aa679ab1f8b6c94240c6025cb5
2026-05-29T07:05:16.139031+00:00,BNB/USDT,"STRESS_SCORE_JUMP,REGIME_TRANSITION_NORMAL_TO_CAUTION",NORMAL,CAUTION,EXECUTE,REDUCE_SIZE,0.000491,0.169294,-0.12,0.519343,66e3bb38ced5afc3cb6cb93654de60802a9e79c0bac6f1c6a36a861a377a15b6
2026-05-29T07:05:16.139031+00:00,ADA/USDT,REGIME_TRANSITION_CAUTION_TO_NORMAL,CAUTION,NORMAL,REDUCE_SIZE,EXECUTE,-4.239983,-0.185789,0.02,0.36,2fa55d4c104f284fab9a061fa617240658188428a95f107d41debd2f731360bf
2026-05-29T07:05:54.240466+00:00,BTC/USDT,IMBALANCE_SPIKE,CAUTION,CAUTION,REDUCE_SIZE,REDUCE_SIZE,-0.0,0.055,0.22,0.515,b4c93f96ffa7198486650a010cd9701e3f1cc5174f68952849165e6862f54e7b
2026-05-29T07:05:54.240466+00:00,BNB/USDT,REGIME_TRANSITION_CAUTION_TO_NORMAL,CAUTION,NORMAL,REDUCE_SIZE,EXECUTE,-0.000246,-0.177986,0.04,0.37,7212fe8408186c2f45a209a15856b7359ce73e6fa68b08857d1f14a4c78cd2d0
2026-05-29T07:06:33.550713+00:00,BTC/USDT,IMBALANCE_SPIKE,CAUTION,CAUTION,REDUCE_SIZE,REDUCE_SIZE,0.0,0.075,0.3,0.575,900f4d9c4cf70b19860a2aef19d72b58d1bed8a7a4a2825a2363bc4dfabbf944
2026-05-29T07:07:54.939352+00:00,BTC/USDT,REGIME_TRANSITION_CAUTION_TO_HIGH_STRESS,CAUTION,HIGH_STRESS,REDUCE_SIZE,PAUSE,-1e-06,0.02,0.08,0.41,0d91624939cd88eb44e6828b5488856777463a534bfca8157fbdf70d48075694
2026-05-29T07:07:54.939352+00:00,TON/USDT,"SPREAD_EXPANDING_FAST,REGIME_TRANSITION_NORMAL_TO_CAUTION",NORMAL,CAUTION,EXECUTE,REDUCE_SIZE,2.229934,0.118427,0.08,0.73142,922a82482a95969ccc0d851ed8fb6bace6e5862902f7ac1df5c03bbe8aaf7261
2026-05-29T07:08:41.988159+00:00,BTC/USDT,REGIME_TRANSITION_HIGH_STRESS_TO_CAUTION,HIGH_STRESS,CAUTION,PAUSE,REDUCE_SIZE,-1e-06,-0.025,-0.1,0.35,2f1009268f3860362f30301ce48f40d7c6cdcce99961d4fe500a45991d403367
2026-05-29T07:08:41.988159+00:00,TON/USDT,REGIME_TRANSITION_CAUTION_TO_NORMAL,CAUTION,NORMAL,REDUCE_SIZE,EXECUTE,-1.114702,-0.065096,-0.06,0.35,f6025bb3920ae59826bf776ef31fca4fb856ca958893604d40527a84176b86e6
2026-05-29T07:11:28.467730+00:00,BTC/USDT,"STRESS_SCORE_JUMP,IMBALANCE_SPIKE,REGIME_TRANSITION_CAUTION_TO_HIGH_STRESS",CAUTION,HIGH_STRESS,REDUCE_SIZE,PAUSE,0.284516,0.177803,0.66,0.886255,7cc2d64302f99699e5f96a543c1bf3b6aa22a05f9a119dc0492b3ede82a4cff8
2026-05-29T07:11:28.467730+00:00,ETH/USDT,"IMBALANCE_SPIKE,REGIME_TRANSITION_NORMAL_TO_CAUTION",NORMAL,CAUTION,EXECUTE,REDUCE_SIZE,-1e-05,0.135451,0.54,0.755451,ce61b7c0c9b69eb85e04bf782e94b52fec5a5ec8fa7f4c013898322f9b9403c7
2026-05-29T07:11:28.467730+00:00,BNB/USDT,"STRESS_SCORE_JUMP,REGIME_TRANSITION_NORMAL_TO_CAUTION",NORMAL,CAUTION,EXECUTE,REDUCE_SIZE,-0.000246,0.153683,-0.04,0.503683,1a2cbb3eb7dbe7d66a59419bc5a1a121e472ef5a5339c20e32dd90024463c5e3
2026-05-29T07:11:28.467730+00:00,XRP/USDT,IMBALANCE_SPIKE,CAUTION,CAUTION,REDUCE_SIZE,REDUCE_SIZE,-0.005765,0.054751,0.22,0.514751,62581755e7e11da0991e719823c15773cba83ea419dfe114b53ca6877f8cbb57
2026-05-29T07:12:14.991009+00:00,BTC/USDT,REGIME_TRANSITION_HIGH_STRESS_TO_CAUTION,HIGH_STRESS,CAUTION,PAUSE,REDUCE_SIZE,-0.284519,-0.172803,-0.64,0.35,b0b7ca085b5bbcea3e629b1590be68d6d8c836429cac872e072351033d9d3379
2026-05-29T07:12:14.991009+00:00,ETH/USDT,REGIME_TRANSITION_CAUTION_TO_NORMAL,CAUTION,NORMAL,REDUCE_SIZE,EXECUTE,1e-06,-0.225003,-0.88,0.35,efd8b4f0df27fcf06a7fa09a2335df1c874b67536f8b06525fb4eda76bbdb044
2026-05-29T07:12:14.991009+00:00,BNB/USDT,REGIME_TRANSITION_CAUTION_TO_NORMAL,CAUTION,NORMAL,REDUCE_SIZE,EXECUTE,0.0,-0.164952,-0.02,0.35,a3968d794f4b561e9360e999e838a2c11254a815b5f89061f8ae768e0e62a371
2026-05-29T07:12:56.640987+00:00,BTC/USDT,IMBALANCE_SPIKE,CAUTION,CAUTION,REDUCE_SIZE,REDUCE_SIZE,-1e-06,0.055,0.22,0.515,5ad2196239bf4110deaa85820475abdcd257f5f20739acf0a0d53c3d6c1f816a
2026-05-29T07:12:56.640987+00:00,ETH/USDT,IMBALANCE_SPIKE,NORMAL,NORMAL,EXECUTE,EXECUTE,9e-06,0.090676,0.38,0.630677,ced07c73a085bd2f9d22fad3d1bce46d759883d11b26a83678fbe15f80bebb78
2026-05-29T07:13:40.311432+00:00,ADA/USDT,REGIME_TRANSITION_NORMAL_TO_CAUTION,NORMAL,CAUTION,EXECUTE,REDUCE_SIZE,-0.001792,0.00992,0.04,0.37992,cd4ee730e5d7a1aa12ece942043422ec053583803828894a335a3e8a186c06dc
2026-05-29T07:14:20.806263+00:00,ADA/USDT,REGIME_TRANSITION_CAUTION_TO_NORMAL,CAUTION,NORMAL,REDUCE_SIZE,EXECUTE,0.0,-0.020003,-0.08,0.35,99ceeba0b20a5d8a08a4bb52f4fe014e6705e7dbfe3cddab81f79cf67a663e1f
2026-05-29T07:14:20.806263+00:00,LINK/USDT,SPREAD_EXPANDING_FAST,NORMAL,NORMAL,EXECUTE,EXECUTE,2.211166,0.104244,0.02,0.685361,b94c203cd15e7923a19f1c000ab936b7545e1a1937b9b5adb7cf143e1732f273
2026-05-29T07:15:00.427422+00:00,BNB/USDT,REGIME_TRANSITION_NORMAL_TO_CAUTION,NORMAL,CAUTION,EXECUTE,REDUCE_SIZE,0.000245,0.143406,0.06,0.523431,5deaf37d25dee4b16964dec4fef7c60fcf0642635366fe54e1161163c0e86bf8
2026-05-29T07:15:00.427422+00:00,TON/USDT,"IMBALANCE_SPIKE,REGIME_TRANSITION_NORMAL_TO_CAUTION",NORMAL,CAUTION,EXECUTE,REDUCE_SIZE,1.117847,0.116038,0.26,0.707823,8cdb7f5c042b47bbdbdf7ed0de9404e793615747f14db47aa39947c4af81fa03
2026-05-29T07:15:41.638425+00:00,ETH/USDT,IMBALANCE_SPIKE,NORMAL,NORMAL,EXECUTE,EXECUTE,8e-06,0.052565,0.26,0.532566,5b8239f1d0e01ce53f4c2d2dc3941aad5d08e38731ea472066884d1593085181
2026-05-29T07:15:41.638425+00:00,ADA/USDT,"SPREAD_EXPANDING_FAST,STRESS_SCORE_JUMP,REGIME_TRANSITION_NORMAL_TO_CAUTION",NORMAL,CAUTION,EXECUTE,REDUCE_SIZE,4.234596,0.210549,0.08,1.0,32b0a3de0c23260f0f39519e48cc80abcc1906d1352523066ee179cebaac05f9
2026-05-29T07:16:22.518120+00:00,BNB/USDT,REGIME_TRANSITION_CAUTION_TO_NORMAL,CAUTION,NORMAL,REDUCE_SIZE,EXECUTE,0.0,-0.0958,-0.02,0.35,06cd72c7803aa2f470e1beadb0d3eb7a1fe29c98b499280f02945470b06df4a5
2026-05-29T07:16:22.518120+00:00,LINK/USDT,SPREAD_EXPANDING_FAST,NORMAL,NORMAL,EXECUTE,EXECUTE,3.320114,0.145351,0.0,0.827362,69cd6f04b214443de83a33452682234dcf4abcc7477a72786abafd9295fdf1b0
2026-05-29T07:17:07.989214+00:00,ETH/USDT,IMBALANCE_SPIKE,NORMAL,NORMAL,EXECUTE,EXECUTE,1.4e-05,0.078384,0.22,0.538385,54a86db3872fa574387866c3b8798c5a89701dd1a87cd5ba51b6e5cbb2ba403e
2026-05-29T07:17:07.989214+00:00,DOGE/USDT,IMBALANCE_SPIKE,NORMAL,NORMAL,EXECUTE,EXECUTE,0.000101,0.14001,0.56,0.77002,cad0bc67b0ec01df174b11e3cf275c3f6c83106bf80e07ae91ef8e1368732dee
2026-05-29T07:17:48.404760+00:00,BTC/USDT,IMBALANCE_SPIKE,CAUTION,CAUTION,REDUCE_SIZE,REDUCE_SIZE,-3e-06,0.125,0.5,0.725,a724e283921f51432b508cd1d46c261e02a3b2c3121ef21bad27d6d586b594cb
2026-05-29T07:17:48.404760+00:00,XRP/USDT,IMBALANCE_SPIKE,CAUTION,CAUTION,REDUCE_SIZE,REDUCE_SIZE,-0.005757,0.064746,0.26,0.544746,57b66d24f5ff715b0b5cba7e7ef56045a7dd4c0001eb07bb94fc2505da2f9db6
2026-05-29T07:17:48.404760+00:00,ADA/USDT,REGIME_TRANSITION_CAUTION_TO_NORMAL,CAUTION,NORMAL,REDUCE_SIZE,EXECUTE,-0.001792,-0.030096,-0.12,0.35,956452b199325053e5b1d1b78e9a86f68255fd030a7f0a789fa65cb91be479f0
2026-05-29T07:19:09.388297+00:00,ETH/USDT,"STRESS_SCORE_JUMP,IMBALANCE_SPIKE,REGIME_TRANSITION_NORMAL_TO_CAUTION",NORMAL,CAUTION,EXECUTE,REDUCE_SIZE,2e-05,0.181933,0.7,0.881935,6e0fa02bac367cdd653ceab268f4110994145c2bb2ec98749abe231a27ca271c
2026-05-29T07:19:09.388297+00:00,ADA/USDT,REGIME_TRANSITION_NORMAL_TO_CAUTION,NORMAL,CAUTION,EXECUTE,REDUCE_SIZE,0.001794,0.020068,0.08,0.410247,793f04fd851593db5acc0f9e4ab4f69733b38e514909cb9277ec7ada3ee3252b
2026-05-29T07:19:09.388297+00:00,TON/USDT,REGIME_TRANSITION_CAUTION_TO_NORMAL,CAUTION,NORMAL,REDUCE_SIZE,EXECUTE,-3.910942,-0.240627,-0.26,0.35,d02ebd0594b79b8463826b6352ed015c943f5074e65f96ac6b695cda5ced0278
2026-05-29T07:19:48.662165+00:00,ETH/USDT,REGIME_TRANSITION_CAUTION_TO_NORMAL,CAUTION,NORMAL,REDUCE_SIZE,EXECUTE,-2e-06,-0.220413,-0.86,0.35,fe12da6b9a4f0a9072a46ac297c2ba50912f60f480d6a486ab1ff97e242904e1
2026-05-29T07:19:48.662165+00:00,ADA/USDT,REGIME_TRANSITION_CAUTION_TO_NORMAL,CAUTION,NORMAL,REDUCE_SIZE,EXECUTE,0.001795,-0.004901,-0.02,0.35018,67cb76ebe72ec08d04bb12652513d6bf36cea45b7d2733150c155ae339af43d4
2026-05-29T07:19:48.662165+00:00,TON/USDT,SPREAD_EXPANDING_FAST,NORMAL,NORMAL,EXECUTE,EXECUTE,2.231644,0.11439,0.06,0.717554,e70a9146b33abae059fcdc73d72d904eac93765c570d1501661287e23be1bf4a
2026-05-29T07:20:26.872507+00:00,BTC/USDT,IMBALANCE_SPIKE,CAUTION,CAUTION,REDUCE_SIZE,REDUCE_SIZE,0.0,0.075,0.3,0.575,4ef991a8dc770f27a26f3b51f39b02627064a66136a6bde344b7d790589730bf
2026-05-29T07:21:10.740156+00:00,XRP/USDT,IMBALANCE_SPIKE,CAUTION,CAUTION,REDUCE_SIZE,REDUCE_SIZE,-0.005757,0.054749,0.22,0.514749,048bd6627632263a3570aac8912dfb8401b5ed22ab408b09290d5ba0f2195c0e
2026-05-29T07:21:10.740156+00:00,LINK/USDT,SPREAD_EXPANDING_FAST,NORMAL,NORMAL,EXECUTE,EXECUTE,2.213124,0.086841,-0.04,0.658153,17d873454252b5a7fe56b3798ca6a2e5ae77da6a28bb583395967c0184786455
2026-05-29T07:21:54.101574+00:00,SOL/USDT,IMBALANCE_SPIKE,NORMAL,NORMAL,EXECUTE,EXECUTE,-0.000147,0.055623,0.22,0.515623,1841db8be2ad0cda2d25f1d2658d27940ed2dfefa90a9dcafaca97c1e93e87d7
2026-05-29T07:22:36.173482+00:00,BTC/USDT,IMBALANCE_SPIKE,CAUTION,CAUTION,REDUCE_SIZE,REDUCE_SIZE,-1e-06,0.075,0.3,0.575,5a2f2547a93a63f8ac3d526b74e89b8360db8b8fd5b49ad8044896be6f4129d7
2026-05-29T07:22:36.173482+00:00,ETH/USDT,"STRESS_SCORE_JUMP,IMBALANCE_SPIKE,REGIME_TRANSITION_NORMAL_TO_CAUTION",NORMAL,CAUTION,EXECUTE,REDUCE_SIZE,-2e-05,0.238545,0.86,1.0,51c3732adff111ae99a9a41174c2ba0d9fc57f915bc29d6e39bd5b075b2e2d35
2026-05-29T07:23:19.736968+00:00,ETH/USDT,REGIME_TRANSITION_CAUTION_TO_NORMAL,CAUTION,NORMAL,REDUCE_SIZE,EXECUTE,-7e-06,-0.16015,-0.66,0.35,d7593f8536456bda762799b5ab07b277f05ea4fc4208f8dd1ac9cb40907b0dd8
2026-05-29T07:24:46.503131+00:00,DOGE/USDT,IMBALANCE_SPIKE,NORMAL,NORMAL,EXECUTE,EXECUTE,0.000302,0.060031,0.24,0.530061,f07107691b6fe5d302a3db5106d8a3711f1b4e7454490c7f157d1b23f91867e7
2026-05-29T07:24:46.503131+00:00,ADA/USDT,REGIME_TRANSITION_NORMAL_TO_CAUTION,NORMAL,CAUTION,EXECUTE,REDUCE_SIZE,0.003589,0.030171,0.12,0.44053,81975d5c9b783e50f68b06c18e0bdbdc7250398ec6cae4d7c707b228b997fb22
2026-05-29T07:24:46.503131+00:00,LINK/USDT,SPREAD_EXPANDING_FAST,NORMAL,NORMAL,EXECUTE,EXECUTE,2.214349,0.09422,-0.02,0.665655,958026c48b1e332553195731c7796b662ab4707ce5742395de0b5ff94207789a
2026-05-29T07:25:32.184785+00:00,ETH/USDT,IMBALANCE_SPIKE,NORMAL,NORMAL,EXECUTE,EXECUTE,1.1e-05,0.141497,0.6,0.791498,216434d9ee895668dce882e8742eeb267fe2aa47d9a779b8bc1b6ea9b90fe271
2026-05-29T07:26:13.029762+00:00,ETH/USDT,"IMBALANCE_SPIKE,REGIME_TRANSITION_NORMAL_TO_CAUTION",NORMAL,CAUTION,EXECUTE,REDUCE_SIZE,2e-05,0.080162,0.28,0.570164,db3ad46ef4938a60d0e0543429af1e8da89199200fa34499a051fc8c37a28027
2026-05-29T07:26:13.029762+00:00,SOL/USDT,IMBALANCE_SPIKE,NORMAL,NORMAL,EXECUTE,EXECUTE,0.000442,0.072499,0.3,0.572543,76329f98f98c5b9075b4b81ee5caae42c689f1af4e169970f18ceb53777e5694
2026-05-29T07:26:53.839616+00:00,BTC/USDT,IMBALANCE_SPIKE,CAUTION,CAUTION,REDUCE_SIZE,REDUCE_SIZE,6e-06,0.07,0.28,0.560001,13e0938834271d6412680830720ee4e8a3403072f4b0d26b1c4be5012abcd5ab
2026-05-29T07:26:53.839616+00:00,ETH/USDT,REGIME_TRANSITION_CAUTION_TO_NORMAL,CAUTION,NORMAL,REDUCE_SIZE,EXECUTE,3.4e-05,-0.087195,-0.32,0.350003,6cc4de3d5211902ed2105e72681cff310dc1dd6c4bff22a6b5f0d6e1646d21eb
2026-05-29T07:26:53.839616+00:00,LINK/USDT,"SPREAD_EXPANDING_FAST,STRESS_SCORE_JUMP",NORMAL,NORMAL,EXECUTE,EXECUTE,3.325021,0.1551,0.04,0.857602,bfb3663c99b38666e794acc26df4b84288a894590d8ec6a63d7177a91f84c3fd
2026-05-29T07:26:53.839616+00:00,TON/USDT,"IMBALANCE_SPIKE,REGIME_TRANSITION_NORMAL_TO_CAUTION",NORMAL,CAUTION,EXECUTE,REDUCE_SIZE,1.122819,0.142452,0.38,0.794734,98bd91754d7aea39857ff374329d08ac5e0362fc4cd6792d6a45486d033213c6
2026-05-29T07:27:39.538458+00:00,BNB/USDT,"STRESS_SCORE_JUMP,REGIME_TRANSITION_NORMAL_TO_CAUTION",NORMAL,CAUTION,EXECUTE,REDUCE_SIZE,-0.000246,0.181134,0.0,0.531134,563a1ea0dd8ac0cb166b9aff8b6479ec58413210e08427e8067109f487ec217c
2026-05-29T07:28:22.827311+00:00,BTC/USDT,IMBALANCE_SPIKE,CAUTION,CAUTION,REDUCE_SIZE,REDUCE_SIZE,0.0,0.125,0.5,0.725,11733559c42db7e20f74cd0cdfa67844d3f4d10428b28ee93ae7653f648a5d93
2026-05-29T07:28:22.827311+00:00,BNB/USDT,REGIME_TRANSITION_CAUTION_TO_NORMAL,CAUTION,NORMAL,REDUCE_SIZE,EXECUTE,0.000246,-0.194384,-0.08,0.350025,b52c1998295559545369b6ce7edc82f8884ad78b9922bf34a700d8d8b7e9736a
2026-05-29T07:29:02.403813+00:00,ETH/USDT,"STRESS_SCORE_JUMP,IMBALANCE_SPIKE",NORMAL,NORMAL,EXECUTE,EXECUTE,9e-06,0.169053,0.66,0.849054,349bcc56b51c21696375ca24200da8a159ff7fc98f04f810ce85166facaa8372
2026-05-29T07:31:04.997942+00:00,ETH/USDT,IMBALANCE_SPIKE,NORMAL,NORMAL,EXECUTE,EXECUTE,0.000122,0.122535,0.54,0.742547,21ee09de2dd53a8ea47c25760644614f5931fb526b8e76c4f292326e9326b7b0
2026-05-29T07:31:04.997942+00:00,SOL/USDT,IMBALANCE_SPIKE,NORMAL,NORMAL,EXECUTE,EXECUTE,0.00281,0.115401,0.46,0.695682,5631db6d632cab04226477dd67b05577bb20d87a66c0ccf0e01c89dc2017c075
2026-05-29T07:31:04.997942+00:00,XRP/USDT,IMBALANCE_SPIKE,CAUTION,CAUTION,REDUCE_SIZE,REDUCE_SIZE,0.023079,0.126037,0.5,0.728345,a7c3ff19fce9d41433fa99e7d80531a646fff3f3da35e015e9018ba92f13d93e
2026-05-29T07:31:04.997942+00:00,LINK/USDT,"SPREAD_EXPANDING_FAST,STRESS_SCORE_JUMP,REGIME_TRANSITION_NORMAL_TO_CAUTION",NORMAL,CAUTION,EXECUTE,REDUCE_SIZE,4.445429,0.214599,0.08,1.0,7fe44388957518042d3993cf7c3ab1501e8725cee297ff2e3d08c1e767e992eb
2026-05-29T07:31:47.772273+00:00,LINK/USDT,REGIME_TRANSITION_CAUTION_TO_NORMAL,CAUTION,NORMAL,REDUCE_SIZE,EXECUTE,-2.223702,-0.111821,-0.06,0.35,b235cbbab8f592289a8a7d6754a49a02749f8b81b0dda88a4237ff66e9d8d646
2026-05-29T07:33:17.126572+00:00,BTC/USDT,"STRESS_SCORE_JUMP,IMBALANCE_SPIKE",CAUTION,CAUTION,REDUCE_SIZE,REDUCE_SIZE,8e-06,0.160001,0.64,0.830002,cb5939edb8e5c811fca4248c0d6bcde0e48c94f7d6b5cc09a8ffca93195fb178
2026-05-29T07:33:17.126572+00:00,ETH/USDT,IMBALANCE_SPIKE,NORMAL,NORMAL,EXECUTE,EXECUTE,2.3e-05,0.131463,0.54,0.751465,c56933b72092e082fd94895919fa3a78b37babb0b960a73637aa075ea874cb08
2026-05-29T07:33:17.126572+00:00,AVAX/USDT,SPREAD_EXPANDING_FAST,NORMAL,NORMAL,EXECUTE,EXECUTE,2.241272,0.093805,0.02,0.677932,aa30f0f62c25cd3618f266e95ea8af013bdc55b63accf04e7fd0826f096564cd
2026-05-29T07:34:39.272611+00:00,BTC/USDT,IMBALANCE_SPIKE,CAUTION,CAUTION,REDUCE_SIZE,REDUCE_SIZE,2e-06,0.06,0.24,0.53,a06f25fb56c9b6b4bf02a54ba0c12591c8d540a4229e2e609bbf243bac08b0e0
2026-05-29T07:35:24.968383+00:00,BNB/USDT,REGIME_TRANSITION_NORMAL_TO_CAUTION,NORMAL,CAUTION,EXECUTE,REDUCE_SIZE,0.00074,0.043066,0.06,0.42314,678d057160db5b50fd6327e61deb7530a3767c3bb328a0cfe7d4fd78e1e35b26
2026-05-29T07:35:24.968383+00:00,TON/USDT,REGIME_TRANSITION_CAUTION_TO_NORMAL,CAUTION,NORMAL,REDUCE_SIZE,EXECUTE,0.00139,-0.024455,-0.1,0.350139,842e173eeb9cd98f6cc0f27d4d1d894b6eaf1a5330ff9d240dda5edeff5b48f9
2026-05-29T07:36:09.988036+00:00,BNB/USDT,REGIME_TRANSITION_CAUTION_TO_NORMAL,CAUTION,NORMAL,REDUCE_SIZE,EXECUTE,0.000247,-0.107926,0.04,0.370025,51a940a0e1dc5bf8ad9908bcb4d034569029ce4e486b79dcf574038d2c7f57a6
2026-05-29T07:36:09.988036+00:00,ADA/USDT,REGIME_TRANSITION_CAUTION_TO_NORMAL,CAUTION,NORMAL,REDUCE_SIZE,EXECUTE,0.0,-0.020003,-0.08,0.35,ee09a9812ae79afbdc342ff8b4bba089382a3fc7b9f9e786014d7633ca843528
2026-05-29T07:36:51.599008+00:00,ETH/USDT,IMBALANCE_SPIKE,NORMAL,NORMAL,EXECUTE,EXECUTE,1e-05,0.053833,0.22,0.513834,bc63aaebc3d3384cc00ee40e45902e0dbab5ecdbb9bc9ab78cb16fe01b357e44
2026-05-29T07:36:51.599008+00:00,XRP/USDT,IMBALANCE_SPIKE,CAUTION,CAUTION,REDUCE_SIZE,REDUCE_SIZE,0.005792,0.08526,0.34,0.605839,910a3e4610ec9768974f5cf2192280d26bad649b614d597e40755757c22db35f
2026-05-29T07:36:51.599008+00:00,LINK/USDT,SPREAD_EXPANDING_FAST,NORMAL,NORMAL,EXECUTE,EXECUTE,2.227045,0.070043,-0.1,0.642748,a0d330e90aa905e7c5acb607114d153d661d32da13cb1a91d187f1ff181ae359
2026-05-29T07:37:34.377046+00:00,DOGE/USDT,IMBALANCE_SPIKE,NORMAL,NORMAL,EXECUTE,EXECUTE,0.000305,0.055011,0.22,0.515041,53c78f7e71bf661f8da493d9bc5c4f0edf8ebef6a051d1d678e41e1255764122
2026-05-29T07:37:34.377046+00:00,ADA/USDT,REGIME_TRANSITION_NORMAL_TO_CAUTION,NORMAL,CAUTION,EXECUTE,REDUCE_SIZE,0.001818,0.040068,0.16,0.47025,d7af53a7b0fd4f4e2603161858ae62302397a39189efd5c7daa4591cee2f2efd
2026-05-29T07:37:34.377046+00:00,TON/USDT,"SPREAD_EXPANDING_FAST,REGIME_TRANSITION_NORMAL_TO_CAUTION",NORMAL,CAUTION,EXECUTE,REDUCE_SIZE,2.810299,0.127699,0.0,0.758729,3e36af0df95e7cc8a8a352dd9fec9d024c5103e410e7eeeccadd76449c446ff7
2026-05-29T07:38:14.984890+00:00,BTC/USDT,"STRESS_SCORE_JUMP,IMBALANCE_SPIKE",CAUTION,CAUTION,REDUCE_SIZE,REDUCE_SIZE,-0.0,0.155,0.62,0.815,f160232d729a654c206c25a86fed313d6a9f9a2c074b4a68a1349ae68acea7d3
2026-05-29T07:38:14.984890+00:00,ETH/USDT,IMBALANCE_SPIKE,NORMAL,NORMAL,EXECUTE,EXECUTE,4e-06,0.122528,0.36,0.652528,39c39a73c44325872fb85c69db5c5a7b4f738452d9e793908e93836d027553ad
2026-05-29T07:38:52.457400+00:00,BNB/USDT,REGIME_TRANSITION_NORMAL_TO_CAUTION,NORMAL,CAUTION,EXECUTE,REDUCE_SIZE,0.000494,0.107106,0.0,0.457155,63357882431be6f733af07ddc3ce89232f49b4f8a54c4439d87be55445475469
2026-05-29T07:38:52.457400+00:00,ADA/USDT,"SPREAD_EXPANDING_FAST,STRESS_SCORE_JUMP",CAUTION,CAUTION,REDUCE_SIZE,REDUCE_SIZE,4.270763,0.202137,0.04,0.999213,a913fd23cbcc85ec5ece04b8495668964b3d99d83bf6132f28900a757193b8be
2026-05-29T07:38:52.457400+00:00,LINK/USDT,SPREAD_EXPANDING_FAST,NORMAL,NORMAL,EXECUTE,EXECUTE,2.225932,0.110923,0.06,0.713516,ca89fe0c2d1d94a77276077da8cfd02dd44ff17dad7d32c3d59d5d86267cd4ac
2026-05-29T07:39:36.333838+00:00,BTC/USDT,IMBALANCE_SPIKE,CAUTION,CAUTION,REDUCE_SIZE,REDUCE_SIZE,-6e-06,0.149999,0.6,0.799999,629b553040156c051ea1974f204fceac6f71a87a4b912d1b7c7e003c58afb202
2026-05-29T07:39:36.333838+00:00,ETH/USDT,IMBALANCE_SPIKE,NORMAL,NORMAL,EXECUTE,EXECUTE,-5.8e-05,0.12318,0.42,0.68318,18964176b3fe201c35f473c22ae0ee0749e445617c62390afec5334457ed7bdc
2026-05-29T07:40:16.794941+00:00,BNB/USDT,REGIME_TRANSITION_CAUTION_TO_NORMAL,CAUTION,NORMAL,REDUCE_SIZE,EXECUTE,0.000247,-0.118201,0.0,0.350025,0ab00dfadf06b2ac11bdc5e826c78196d71f73f32a0448b239c1576cd64c4543
2026-05-29T07:40:57.988071+00:00,BTC/USDT,IMBALANCE_SPIKE,CAUTION,CAUTION,REDUCE_SIZE,REDUCE_SIZE,5e-06,0.065001,0.26,0.545001,38f44982e6d71c3fd376ec3f7e5eab2d14df7b9f6303127d0ff654b0a9ab3ee0
2026-05-29T07:40:57.988071+00:00,ETH/USDT,IMBALANCE_SPIKE,NORMAL,NORMAL,EXECUTE,EXECUTE,2.8e-05,0.067644,0.26,0.547647,b5cc746a4dcd34150eecaca6ad1a31d5e23ea5af0a354aa2711ccd67e4e92b09
2026-05-29T07:40:57.988071+00:00,SOL/USDT,IMBALANCE_SPIKE,NORMAL,NORMAL,EXECUTE,EXECUTE,0.000446,0.072627,0.3,0.572672,d25a362b29633748c42afb94fac03e979f3fd6c0064517173e8cb4ee0af4fa4b
2026-05-29T07:40:57.988071+00:00,BNB/USDT,REGIME_TRANSITION_NORMAL_TO_CAUTION,NORMAL,CAUTION,EXECUTE,REDUCE_SIZE,0.0,0.114617,0.0,0.464617,2aba02351b4ca0cf92cf0712668c95f15dd1425855101abcc3a49eaf582e0391
2026-05-29T07:41:37.342927+00:00,BNB/USDT,REGIME_TRANSITION_CAUTION_TO_NORMAL,CAUTION,NORMAL,REDUCE_SIZE,EXECUTE,0.000247,-0.141587,-0.08,0.350025,7aa88b7c79e74256dd460cda6ff76fc39c843dce04edf24748c93ab108240a36
2026-05-29T07:41:37.342927+00:00,TON/USDT,REGIME_TRANSITION_CAUTION_TO_NORMAL,CAUTION,NORMAL,REDUCE_SIZE,EXECUTE,-0.000379,-0.045106,-0.18,0.35,90a2752a83cd02e1a7e02ae2552c1f7bc2ce0612593aafda5687cb19f5005608
2026-05-29T07:42:17.449389+00:00,BTC/USDT,"STRESS_SCORE_JUMP,IMBALANCE_SPIKE",CAUTION,CAUTION,REDUCE_SIZE,REDUCE_SIZE,6e-06,0.155,0.62,0.815001,2ef78bb700ed601c9ef34a15c29f26cef3d28ee3bc193cd29d9b3fbea9b3e36b
2026-05-29T07:42:17.449389+00:00,AVAX/USDT,SPREAD_EXPANDING_FAST,NORMAL,NORMAL,EXECUTE,EXECUTE,3.372365,0.125053,-0.04,0.81229,ab72aa67d06b864e7ed151a481f69f576739086cad8401c0c99a523177e6afc1
2026-05-29T07:42:57.904685+00:00,BNB/USDT,REGIME_TRANSITION_NORMAL_TO_CAUTION,NORMAL,CAUTION,EXECUTE,REDUCE_SIZE,0.0,0.10558,-0.02,0.45558,db85086c09f593122cbc00f3537c2fdcbe0367a7a625325402d9a38d769cb842
2026-05-29T07:42:57.904685+00:00,LINK/USDT,SPREAD_EXPANDING_FAST,NORMAL,NORMAL,EXECUTE,EXECUTE,2.228785,0.086263,-0.04,0.659141,b30de1ada2554c16f488bfadce96a9e929d73e33c47e4c3a80504f4e3680fac8
2026-05-29T07:42:57.904685+00:00,TON/USDT,"SPREAD_EXPANDING_FAST,REGIME_TRANSITION_NORMAL_TO_CAUTION",NORMAL,CAUTION,EXECUTE,REDUCE_SIZE,2.247253,0.082116,-0.04,0.656841,f9c0bb31e807886002e840d5eb3610d95ff3211e89bf6c304d64127a14e898e3
2026-05-29T07:44:20.152840+00:00,BNB/USDT,REGIME_TRANSITION_CAUTION_TO_NORMAL,CAUTION,NORMAL,REDUCE_SIZE,EXECUTE,0.000494,-0.148003,0.0,0.350049,318b91a1041fdcde0792cb0b76af04516d90e9a092a8670525fb71d161617348
2026-05-29T07:44:20.152840+00:00,TON/USDT,REGIME_TRANSITION_CAUTION_TO_NORMAL,CAUTION,NORMAL,REDUCE_SIZE,EXECUTE,-0.561212,-0.020286,0.02,0.36,c146682d67526df1ba3a787a8f84e31c62d9e400a9743d69fd4d1ee99af6cb8a
2026-05-29T07:45:40.855553+00:00,ETH/USDT,IMBALANCE_SPIKE,NORMAL,NORMAL,EXECUTE,EXECUTE,2.1e-05,0.053343,0.32,0.563345,9e16b01f4fcf32a3997ca9d9bb3d359de1cbfa8091f037bc54a22c8ac3d9bdb9
2026-05-29T07:45:40.855553+00:00,SOL/USDT,IMBALANCE_SPIKE,NORMAL,NORMAL,EXECUTE,EXECUTE,0.000596,0.057535,0.22,0.517595,31ff68efeb31f1e888a73d5ac34c374d31d6a99dcce8a539c84cca3e613421e0
2026-05-29T07:45:40.855553+00:00,XRP/USDT,IMBALANCE_SPIKE,CAUTION,CAUTION,REDUCE_SIZE,REDUCE_SIZE,0.005818,0.090255,0.36,0.620837,be8976ed3361f2d512a8de254b3f83a074d39e0a04ab5640fe377081e5889bbd
2026-05-29T07:46:23.507405+00:00,BTC/USDT,IMBALANCE_SPIKE,CAUTION,CAUTION,REDUCE_SIZE,REDUCE_SIZE,-2e-06,0.095,0.38,0.635,207c898fc91b38aaaef1832b5e329f4441fce162ace7b7a7f40426ef406b3fa7
2026-05-29T07:47:47.418652+00:00,BTC/USDT,IMBALANCE_SPIKE,CAUTION,CAUTION,REDUCE_SIZE,REDUCE_SIZE,4e-06,0.07,0.28,0.56,de7b9a0be20785610db5db7d3fa12ae8eb606ca9d70e512c8c238511d438c25d
2026-05-29T07:47:47.418652+00:00,ADA/USDT,"SPREAD_EXPANDING_FAST,STRESS_SCORE_JUMP",CAUTION,CAUTION,REDUCE_SIZE,REDUCE_SIZE,4.26894,0.16209,-0.12,0.938984,d26beb6eb30efc00dbe2d29bf71d7cb7430d9e8efe46ded3389c1d7438e83a7f
2026-05-29T07:48:31.416261+00:00,ETH/USDT,"IMBALANCE_SPIKE,REGIME_TRANSITION_NORMAL_TO_CAUTION",NORMAL,CAUTION,EXECUTE,REDUCE_SIZE,-1.5e-05,0.144349,0.68,0.834349,4b046bea3b5790a040e8483489a8c2d588889ac89e152edbcc6dbeb97f6db42b
2026-05-29T07:48:31.416261+00:00,ADA/USDT,REGIME_TRANSITION_CAUTION_TO_NORMAL,CAUTION,NORMAL,REDUCE_SIZE,EXECUTE,-4.274414,-0.192328,0.0,0.35,0e8fd5ab1cf76a61475d4fc6f279987047259632dacba78886b4cf4048c568fd
2026-05-29T07:48:31.416261+00:00,AVAX/USDT,SPREAD_EXPANDING_FAST,NORMAL,NORMAL,EXECUTE,EXECUTE,2.241141,0.087572,-0.08,0.661686,b16e8020a399f3da4d087510c36a794af96d07c30eda781ce5aa6d254137cf27
2026-05-29T07:49:15.588669+00:00,ETH/USDT,REGIME_TRANSITION_CAUTION_TO_NORMAL,CAUTION,NORMAL,REDUCE_SIZE,EXECUTE,1e-06,-0.089164,-0.34,0.35,ed5352e831911ecee585eb78a9adfe61569b8907439e18d0d02d085593fa1663
2026-05-29T07:49:15.588669+00:00,LINK/USDT,SPREAD_EXPANDING_FAST,NORMAL,NORMAL,EXECUTE,EXECUTE,2.225932,0.099465,0.0,0.672058,1abe0b9c665d25c3b6db5f74e5f017da65d1076c94cae08cb9668588d6961d3b
2026-05-29T07:49:58.511233+00:00,XRP/USDT,IMBALANCE_SPIKE,CAUTION,CAUTION,REDUCE_SIZE,REDUCE_SIZE,-0.005801,0.109732,0.44,0.679732,b6a54792c906d2bfe8f84f820fed471fbcc233150584681f065c40707c58f1b0
2026-05-29T07:50:43.615154+00:00,BTC/USDT,IMBALANCE_SPIKE,CAUTION,CAUTION,REDUCE_SIZE,REDUCE_SIZE,2e-06,0.065,0.26,0.545,425528cb275c36d3c52ebf64bb058d5554a5db201ad22657f451e678a056239b
2026-05-29T07:50:43.615154+00:00,SOL/USDT,IMBALANCE_SPIKE,NORMAL,NORMAL,EXECUTE,EXECUTE,-0.000149,0.073316,0.3,0.573316,24084f8d5d775175ce8a3807021dbcf2dcda4574fd9a4adbcdf36fe92bd4ed96
2026-05-29T07:50:43.615154+00:00,AVAX/USDT,REGIME_TRANSITION_NORMAL_TO_CAUTION,NORMAL,CAUTION,EXECUTE,REDUCE_SIZE,1.120132,0.080317,0.12,0.60233,b8825c6b77535325d2eff8e03ee6d6b35eddec605fc0a4b6d4b0850318c7f74e
2026-05-29T07:51:27.036998+00:00,AVAX/USDT,REGIME_TRANSITION_CAUTION_TO_NORMAL,CAUTION,NORMAL,REDUCE_SIZE,EXECUTE,-2.243158,-0.095868,0.0,0.35,968a6afd98b80610b40e19b30f80340e374884a137590b05ed3f6600bb071f1c
2026-05-29T07:52:51.139600+00:00,TON/USDT,"SPREAD_EXPANDING_FAST,REGIME_TRANSITION_NORMAL_TO_CAUTION",NORMAL,CAUTION,EXECUTE,REDUCE_SIZE,2.23551,0.124808,0.1,0.748359,f49a0f5e36f86aecb018839a35170364c9927de7056237d8a861ae304cf9c1ee
2026-05-29T07:53:35.882919+00:00,BTC/USDT,IMBALANCE_SPIKE,CAUTION,CAUTION,REDUCE_SIZE,REDUCE_SIZE,-0.0,0.025054,0.22,0.485054,23164f430fe4d19ca55a59ecd4348219bede15bc81c77c8d2aeeb6afc165ec29
2026-05-29T07:53:35.882919+00:00,ETH/USDT,IMBALANCE_SPIKE,NORMAL,NORMAL,EXECUTE,EXECUTE,4e-06,0.112736,0.5,0.712736,ac0ba5e2d2e20b7d99c6c2148ba104609385fd30d76ad83c4c27a9501894e63a
2026-05-29T07:53:35.882919+00:00,AVAX/USDT,SPREAD_EXPANDING_FAST,NORMAL,NORMAL,EXECUTE,EXECUTE,2.24341,0.09241,-0.04,0.666751,32cd2b60b482401c0570a7809a07db6260d88b1341aa1cb3c0bc80c10274f4eb
2026-05-29T07:54:20.714696+00:00,LINK/USDT,"SPREAD_EXPANDING_FAST,REGIME_TRANSITION_NORMAL_TO_CAUTION",NORMAL,CAUTION,EXECUTE,REDUCE_SIZE,2.224074,0.110122,0.04,0.702529,f0ce528c5d8b1f23121fba466f1870f178ef5fd56a205577ebc8c895b43b0f6e
2026-05-29T07:54:20.714696+00:00,TON/USDT,REGIME_TRANSITION_CAUTION_TO_NORMAL,CAUTION,NORMAL,REDUCE_SIZE,EXECUTE,-1.112217,-0.094283,-0.18,0.35,dac1b5a3c1e983340a43bf91c8c96fdf0d7fc6685c3cc0d98ae950cdab24a86c
2026-05-29T07:55:10.702164+00:00,BNB/USDT,"STRESS_SCORE_JUMP,REGIME_TRANSITION_NORMAL_TO_CAUTION",NORMAL,CAUTION,EXECUTE,REDUCE_SIZE,-1.571462,0.218978,0.1,0.618978,70c22a4ea7c64f99dee07263bfde4bbba54389d949608a79a9478d4560f739b8
2026-05-29T07:55:10.702164+00:00,ADA/USDT,"SPREAD_EXPANDING_FAST,STRESS_SCORE_JUMP,REGIME_TRANSITION_NORMAL_TO_CAUTION",NORMAL,CAUTION,EXECUTE,REDUCE_SIZE,4.265301,0.196915,0.02,0.983445,7f854df92a7212173c969a1c126e9d68c8619750e696a913980d93a6a3116615
2026-05-29T07:55:10.702164+00:00,LINK/USDT,REGIME_TRANSITION_CAUTION_TO_NORMAL,CAUTION,NORMAL,REDUCE_SIZE,EXECUTE,-1.113028,-0.055693,-0.02,0.35,06bfaeccaeb20695306f5c8ae7267c6b904ee5979fae4e44d0460de8d91a65d4
2026-05-29T07:55:52.323710+00:00,BTC/USDT,IMBALANCE_SPIKE,CAUTION,CAUTION,REDUCE_SIZE,REDUCE_SIZE,-3e-06,0.08,0.32,0.59,1ba4e038200e45b6ef2f31fe667cf4cd5b8325ecc7d6762d2253235a73d2b987
2026-05-29T07:55:52.323710+00:00,BNB/USDT,REGIME_TRANSITION_CAUTION_TO_NORMAL,CAUTION,NORMAL,REDUCE_SIZE,EXECUTE,-0.000494,-0.272016,-0.02,0.35,ce7481ed21fe28cb29653b75e6186d9047035378997be05d81f268d705b8748e
2026-05-29T07:55:52.323710+00:00,ADA/USDT,REGIME_TRANSITION_CAUTION_TO_NORMAL,CAUTION,NORMAL,REDUCE_SIZE,EXECUTE,-4.26894,-0.212065,-0.08,0.35,74d2efd4f9233d21d2c8490ee530c0f9757b2584992e2c9f9516693f1d2703de
2026-05-29T07:56:35.762640+00:00,BTC/USDT,IMBALANCE_SPIKE,CAUTION,CAUTION,REDUCE_SIZE,REDUCE_SIZE,1e-06,0.085,0.34,0.605,b01744e75d50e65db1b492e866b55d25bc1a72a230795a3a671bcc3cfb0e3fb1
2026-05-29T07:57:23.799246+00:00,SOL/USDT,IMBALANCE_SPIKE,NORMAL,NORMAL,EXECUTE,EXECUTE,-0.001186,0.110406,0.44,0.680406,07ada2d7de1af6dabc41b67b6ab12a260c77c71daeae197373f2c7fa94e57988
2026-05-29T07:57:23.799246+00:00,DOGE/USDT,IMBALANCE_SPIKE,NORMAL,NORMAL,EXECUTE,EXECUTE,-0.000606,0.054982,0.22,0.514982,9f5ff97b8fd2843d3dd417023b79790100635c940821faceeff62ca8dc5b1fb8
2026-05-29T07:57:23.799246+00:00,ADA/USDT,"SPREAD_EXPANDING_FAST,STRESS_SCORE_JUMP,REGIME_TRANSITION_NORMAL_TO_CAUTION",NORMAL,CAUTION,EXECUTE,REDUCE_SIZE,4.261666,0.201731,0.04,0.997898,a49840b6fb63741f4169102e1a08576d87060126ae8f153b40e6a2a9862bfea7
2026-05-29T07:58:08.603421+00:00,DOGE/USDT,IMBALANCE_SPIKE,NORMAL,NORMAL,EXECUTE,EXECUTE,-0.000303,0.060022,0.24,0.530022,77c6307eac58efed0df9f933ad627e4ba0186bb2187e34b951698073eedb41e3
2026-05-29T07:58:08.603421+00:00,TON/USDT,"IMBALANCE_SPIKE,REGIME_TRANSITION_NORMAL_TO_CAUTION",NORMAL,CAUTION,EXECUTE,REDUCE_SIZE,1.111804,0.124414,0.3,0.735594,4d3334841dae015819b96d30fb3e7d76536eb7bb82a4bfb93405d48abc832bf4
2026-05-29T07:58:52.888956+00:00,BTC/USDT,IMBALANCE_SPIKE,CAUTION,CAUTION,REDUCE_SIZE,REDUCE_SIZE,-7e-06,0.109999,0.44,0.679999,96381ca971954062941ae8b1071aa92caf75163857c0f6848523b90ae819e375
2026-05-29T07:58:52.888956+00:00,ETH/USDT,IMBALANCE_SPIKE,NORMAL,NORMAL,EXECUTE,EXECUTE,-6e-06,0.078398,0.28,0.568398,7d2babef99125648a8f67d866f94c28d299b49110160d7d7114392860db44d9c
2026-05-29T07:58:52.888956+00:00,XRP/USDT,"IMBALANCE_SPIKE,REGIME_TRANSITION_CAUTION_TO_HIGH_STRESS",CAUTION,HIGH_STRESS,REDUCE_SIZE,PAUSE,-0.005774,0.059747,0.24,0.529747,ec3d1bb04c4f5ad5fbac401d5cb7c0fcef3cf1e6d6cc047048d84d0d45154fde
2026-05-29T07:58:52.888956+00:00,ADA/USDT,REGIME_TRANSITION_CAUTION_TO_NORMAL,CAUTION,NORMAL,REDUCE_SIZE,EXECUTE,-4.263483,-0.181834,0.04,0.37,627032da2bd038c9b8efcb468633d2caefdb585219da07bf5af714dc05ae8c7f
2026-05-29T07:58:52.888956+00:00,TON/USDT,IMBALANCE_SPIKE,CAUTION,CAUTION,REDUCE_SIZE,REDUCE_SIZE,-0.005871,0.060852,0.24,0.530852,352b9d2021b4616c531050b74ee0b2c1aed3967b9c7f95cfea621dcec88ac4ed
2026-05-29T07:59:41.105777+00:00,AVAX/USDT,"SPREAD_EXPANDING_FAST,REGIME_TRANSITION_NORMAL_TO_CAUTION",NORMAL,CAUTION,EXECUTE,REDUCE_SIZE,3.358522,0.145297,0.0,0.831149,6bfb69683665f626f4de207e4c7e42a0f28ff5601ebebda7914e5e34218c2fe9
2026-05-29T08:00:24.410543+00:00,XRP/USDT,REGIME_TRANSITION_HIGH_STRESS_TO_CAUTION,HIGH_STRESS,CAUTION,PAUSE,REDUCE_SIZE,0.0,-0.090001,-0.36,0.35,eb98d590a548a0acdca5dd09cb2c08cae8ccff104fe43ce0fc9edbf587216299
2026-05-29T08:00:24.410543+00:00,AVAX/USDT,SPREAD_EXPANDING_FAST,CAUTION,CAUTION,REDUCE_SIZE,REDUCE_SIZE,3.363038,0.142504,-0.04,0.828808,55666315d5eabf730e65f1c8597a2134d3f9e87df75a3d0e054e74b592e49e5d
2026-05-29T08:00:24.410543+00:00,LINK/USDT,SPREAD_EXPANDING_FAST,NORMAL,NORMAL,EXECUTE,EXECUTE,2.219755,0.087374,-0.04,0.659349,1ed3c3515bfdd789343b7d470502729957312a0574486cd2695641bda1a015c7
2026-05-29T08:00:24.410543+00:00,TON/USDT,REGIME_TRANSITION_CAUTION_TO_NORMAL,CAUTION,NORMAL,REDUCE_SIZE,EXECUTE,-0.55802,-0.100475,-0.32,0.35,5ad561b666d5833ba77b1abd655d9f66bcd7f565b0797f8c11936223803badea
2026-05-29T08:01:08.088514+00:00,BTC/USDT,"STRESS_SCORE_JUMP,IMBALANCE_SPIKE,REGIME_TRANSITION_CAUTION_TO_HIGH_STRESS",CAUTION,HIGH_STRESS,REDUCE_SIZE,PAUSE,-1.6e-05,0.224999,0.9,1.0,e68a43b4c520ba0798471ddcf3ee4068681a6ae09e01e8c0a3d8b50cfbd99178
2026-05-29T08:01:08.088514+00:00,ETH/USDT,"IMBALANCE_SPIKE,REGIME_TRANSITION_NORMAL_TO_CAUTION",NORMAL,CAUTION,EXECUTE,REDUCE_SIZE,-6.3e-05,0.086673,0.28,0.576673,9947ac15ed5524095da03ca39bc5da7dcedaf9c09ac3918577e117c70fdd9694
2026-05-29T08:01:08.088514+00:00,SOL/USDT,IMBALANCE_SPIKE,NORMAL,NORMAL,EXECUTE,EXECUTE,-0.002214,0.12975,0.52,0.73975,36968764078b32fc65f47f227f0c9dbb38aea3eab65e06b8b538574910a6253f
2026-05-29T08:01:08.088514+00:00,BNB/USDT,REGIME_TRANSITION_NORMAL_TO_CAUTION,NORMAL,CAUTION,EXECUTE,REDUCE_SIZE,-0.001723,0.065678,-0.02,0.415678,2d83f2484eaa8b367b04b2a35fe1c4ec80a7bff88ca7e6a62e5ec68d74065fc0
2026-05-29T08:01:08.088514+00:00,XRP/USDT,"IMBALANCE_SPIKE,REGIME_TRANSITION_CAUTION_TO_HIGH_STRESS",CAUTION,HIGH_STRESS,REDUCE_SIZE,PAUSE,-0.01727,0.089219,0.36,0.619219,8b94e882fac11ec69a34ab8fba103230fe7990113678ad06bf4172e0079ce14d
2026-05-29T08:01:08.088514+00:00,ADA/USDT,REGIME_TRANSITION_NORMAL_TO_CAUTION,NORMAL,CAUTION,EXECUTE,REDUCE_SIZE,-0.003623,0.039828,0.16,0.469828,b36d9affca397b94c387224bdee31de8036039742c1d743ac12428f0dec640ba
2026-05-29T08:01:08.088514+00:00,AVAX/USDT,REGIME_TRANSITION_CAUTION_TO_NORMAL,CAUTION,NORMAL,REDUCE_SIZE,EXECUTE,-4.485176,-0.164532,0.16,0.43,cfc70001c41db383084fec1c76f8688cbd5adffb846b23d351e98da6aa4fd1e2
2026-05-29T08:01:50.671486+00:00,BTC/USDT,REGIME_TRANSITION_HIGH_STRESS_TO_CAUTION,HIGH_STRESS,CAUTION,PAUSE,REDUCE_SIZE,-7e-06,-0.125,-0.5,0.35,a5013abc4e3a89989cab38a264573151c2d56f88209d55ebdcc5a5c872856cb7
2026-05-29T08:01:50.671486+00:00,ETH/USDT,REGIME_TRANSITION_CAUTION_TO_NORMAL,CAUTION,NORMAL,REDUCE_SIZE,EXECUTE,-1.5e-05,-0.071632,-0.28,0.35,a8d12bb881b88e7faef5da5697e301079b14478b5920b67c57c37f11d67dc615
2026-05-29T08:01:50.671486+00:00,BNB/USDT,REGIME_TRANSITION_CAUTION_TO_NORMAL,CAUTION,NORMAL,REDUCE_SIZE,EXECUTE,-0.000737,-0.125132,-0.02,0.35,4ace0bad4a83e1467d00b6968f0a8634629e8ef9a81faed6dec1bacdd33b4d61
2026-05-29T08:01:50.671486+00:00,DOGE/USDT,IMBALANCE_SPIKE,NORMAL,NORMAL,EXECUTE,EXECUTE,-0.001004,0.089948,0.36,0.619948,7fab3d1a8481540d18d14118b7275a498d2712fc81a3947e4c9e5f25b4385e9b
2026-05-29T08:01:50.671486+00:00,LINK/USDT,REGIME_TRANSITION_NORMAL_TO_CAUTION,NORMAL,CAUTION,EXECUTE,REDUCE_SIZE,-0.002951,0.013418,0.06,0.393418,15b5c0e2073910360c49ef3c99a576695b5293f2f95c60a1405004973123352b
2026-05-29T08:02:36.483973+00:00,XRP/USDT,REGIME_TRANSITION_HIGH_STRESS_TO_CAUTION,HIGH_STRESS,CAUTION,PAUSE,REDUCE_SIZE,0.0,-0.08,-0.32,0.35,d3198f6d2549c51afd4272ad523b68eeec10194b82b1be79aef32d30f5391360
2026-05-29T08:02:36.483973+00:00,AVAX/USDT,"SPREAD_EXPANDING_FAST,REGIME_TRANSITION_NORMAL_TO_CAUTION",NORMAL,CAUTION,EXECUTE,REDUCE_SIZE,2.236886,0.100079,0.0,0.673768,d268d635953ca4ba1aab703fc706e5bb4779cdc67dc6b25ca8b0597ed9e82821
2026-05-29T08:03:25.368408+00:00,BTC/USDT,"IMBALANCE_SPIKE,REGIME_TRANSITION_CAUTION_TO_NORMAL",CAUTION,NORMAL,REDUCE_SIZE,EXECUTE,3e-06,-0.117677,0.54,0.62,7604be2358a82ab2b5bcff48bc600d2f8ef27693434937e1cb3b8ca338a8d225
2026-05-29T08:03:25.368408+00:00,ETH/USDT,"STRESS_SCORE_JUMP,IMBALANCE_SPIKE",NORMAL,NORMAL,EXECUTE,EXECUTE,3.2e-05,0.155139,0.42,0.715142,d3c3fa6317a8542ed09897959c9e00aa3cc122f0bfb82fcfb7d112867632e9b4
2026-05-29T08:03:25.368408+00:00,SOL/USDT,IMBALANCE_SPIKE,NORMAL,NORMAL,EXECUTE,EXECUTE,0.001326,0.065185,0.26,0.545318,6224f309d88f24ceaf6f6e659d931146bc6460aa9dbcdb7d6597ba57057fae92
2026-05-29T08:03:25.368408+00:00,LINK/USDT,REGIME_TRANSITION_CAUTION_TO_NORMAL,CAUTION,NORMAL,REDUCE_SIZE,EXECUTE,-1.107355,-0.065243,-0.06,0.35,5b270827abacb4b45d39eb6be8f73d2218d7da492ae871de6c076bc74982cad3
2026-05-29T08:04:13.319831+00:00,BTC/USDT,REGIME_TRANSITION_NORMAL_TO_CAUTION,NORMAL,CAUTION,EXECUTE,REDUCE_SIZE,2e-06,0.142678,-0.44,0.492678,75b981cc1a87ee731d7f7550e138f7df40d2e7d0baa2371b09292b8bc362f287
2026-05-29T08:05:10.718526+00:00,BTC/USDT,IMBALANCE_SPIKE,CAUTION,CAUTION,REDUCE_SIZE,REDUCE_SIZE,-2e-06,0.09,0.36,0.62,cb42c24671d336daff18b99c37a196650c1a4f53ff844052cd74f39034512f8d
2026-05-29T08:05:10.718526+00:00,ETH/USDT,IMBALANCE_SPIKE,NORMAL,NORMAL,EXECUTE,EXECUTE,-1.8e-05,0.092689,0.26,0.572689,3d02793ff87a33769697cb00f67e4ab914e87b1ba509b49c8a7b80a5b8f60bba
2026-05-29T08:05:10.718526+00:00,ADA/USDT,REGIME_TRANSITION_CAUTION_TO_NORMAL,CAUTION,NORMAL,REDUCE_SIZE,EXECUTE,0.0,-0.020011,-0.08,0.35,275fa530aa4cd63aad8fcba6e473d7e79fed1cade0c96f29874f847523b2f9f6
2026-05-29T08:05:10.718526+00:00,LINK/USDT,REGIME_TRANSITION_NORMAL_TO_CAUTION,NORMAL,CAUTION,EXECUTE,REDUCE_SIZE,1.109939,0.04581,-0.02,0.506804,35ccc9bdd399a7f202661565fefe2b611b7b714484f8481cbe9f8a38b04c129f
2026-05-29T08:06:11.017886+00:00,ETH/USDT,IMBALANCE_SPIKE,NORMAL,NORMAL,EXECUTE,EXECUTE,3.7e-05,0.029162,0.24,0.499166,4236edc7b7b180dbcae00f97438b110a44c3b67391fce0a7b5b459c0ad794960
2026-05-29T08:06:11.017886+00:00,AVAX/USDT,REGIME_TRANSITION_CAUTION_TO_NORMAL,CAUTION,NORMAL,REDUCE_SIZE,EXECUTE,-2.238639,-0.091975,0.0,0.35,1add25936f5ced631c2dd5a188320f0398da2cee85d0655b4f6a9feed322eeaa
2026-05-29T08:06:11.017886+00:00,LINK/USDT,REGIME_TRANSITION_CAUTION_TO_NORMAL,CAUTION,NORMAL,REDUCE_SIZE,EXECUTE,-2.218771,-0.089692,0.04,0.37,765315240201ede5b2fcad5bbd666aeefc4fb0d8154fad4cee8e3f655625d134
2026-05-29T08:06:11.017886+00:00,TON/USDT,"IMBALANCE_SPIKE,REGIME_TRANSITION_NORMAL_TO_CAUTION",NORMAL,CAUTION,EXECUTE,REDUCE_SIZE,1.121479,0.110979,0.26,0.703127,471d392c97c3314ceb1bff34a144de6b674bdc570f63b4610ad3f0d5a7b0c748
2026-05-29T08:07:07.751601+00:00,XRP/USDT,IMBALANCE_SPIKE,CAUTION,CAUTION,REDUCE_SIZE,REDUCE_SIZE,0.005748,0.11026,0.44,0.680835,8b9e69f7f80864eb72d2c72ed149c64035e48d046464dace09ff78b9d5d10e4a
2026-05-29T08:07:07.751601+00:00,DOGE/USDT,IMBALANCE_SPIKE,NORMAL,NORMAL,EXECUTE,EXECUTE,0.000907,0.065037,0.26,0.545128,5e54dc57af1369e7733daa9090323d77f40ce2997725a1d16ffc5d175543f17f
2026-05-29T08:07:07.751601+00:00,AVAX/USDT,"SPREAD_EXPANDING_FAST,REGIME_TRANSITION_NORMAL_TO_CAUTION",NORMAL,CAUTION,EXECUTE,REDUCE_SIZE,3.361783,0.139408,0.0,0.825586,0c8c76f9388b789e55316c1a88079e823540b7c839121c9da47ea62a8e57b230
2026-05-29T08:07:07.751601+00:00,TON/USDT,REGIME_TRANSITION_CAUTION_TO_NORMAL,CAUTION,NORMAL,REDUCE_SIZE,EXECUTE,-0.559607,-0.020317,0.02,0.36,c2e644f71968637ba446ec9b9d155902658ff1ca6e5bc5e877bbca7b55d138ec
2026-05-29T08:08:01.918137+00:00,ADA/USDT,"SPREAD_EXPANDING_FAST,STRESS_SCORE_JUMP,REGIME_TRANSITION_NORMAL_TO_CAUTION",NORMAL,CAUTION,EXECUTE,REDUCE_SIZE,4.25441,0.196429,0.02,0.98187,b826c152288f1aa147469e060c47f74af7d32b1fefca12b719fffb0c940d408f
2026-05-29T08:08:01.918137+00:00,AVAX/USDT,REGIME_TRANSITION_CAUTION_TO_NORMAL,CAUTION,NORMAL,REDUCE_SIZE,EXECUTE,-2.242401,-0.086038,0.0,0.35,909842a5a67828465ae462e800f630a125fac9d1b7262feeb6f022281445d395
2026-05-29T08:09:01.609343+00:00,BTC/USDT,IMBALANCE_SPIKE,CAUTION,CAUTION,REDUCE_SIZE,REDUCE_SIZE,-7e-06,0.055,0.22,0.515,a8add90764b33f3e68483ac1fa457c6311874cc00ac6030148db1974ce26212e
2026-05-29T08:09:01.609343+00:00,ETH/USDT,IMBALANCE_SPIKE,NORMAL,NORMAL,EXECUTE,EXECUTE,-1.5e-05,0.077416,0.32,0.587416,b005e92ee4875610128cd9a3bb2173c0b29005d253a41d1cba7555c772a8747c
2026-05-29T08:09:01.609343+00:00,SOL/USDT,IMBALANCE_SPIKE,NORMAL,NORMAL,EXECUTE,EXECUTE,-0.000737,0.079402,0.32,0.589402,e04ada125c472bd75fc314f7eb0572be4e4f4f4d4fe169f7dc4759b2959d3a8e
2026-05-29T08:09:01.609343+00:00,XRP/USDT,IMBALANCE_SPIKE,CAUTION,CAUTION,REDUCE_SIZE,REDUCE_SIZE,-0.005748,0.084738,0.34,0.604738,585637ff55a84efec74f371ea959b1e66cfc23241ccbf1dfafcf8abcacbbbe91
2026-05-29T08:09:01.609343+00:00,ADA/USDT,REGIME_TRANSITION_CAUTION_TO_NORMAL,CAUTION,NORMAL,REDUCE_SIZE,EXECUTE,-4.261657,-0.206731,-0.06,0.35,620a5defea4a8d2fd6787fd3769050df0754e7bb288772a0f546b293543e5149
2026-05-29T08:10:05.989733+00:00,AVAX/USDT,SPREAD_EXPANDING_FAST,NORMAL,NORMAL,EXECUTE,EXECUTE,2.237887,0.08717,-0.02,0.660959,c33d07a1793c4c9e19cf5b05ad6c61a9a0ae10168f6736889f1f7feb3c1a0f83
2026-05-29T08:11:14.767534+00:00,AVAX/USDT,REGIME_TRANSITION_NORMAL_TO_CAUTION,NORMAL,CAUTION,EXECUTE,REDUCE_SIZE,1.11813,0.059827,0.04,0.54164,f692a379ce2ca341a61ebcc4faff442acdb5a00e70502a3e55e60ae65065cbb8
2026-05-29T08:11:14.767534+00:00,LINK/USDT,"SPREAD_EXPANDING_FAST,REGIME_TRANSITION_NORMAL_TO_CAUTION",NORMAL,CAUTION,EXECUTE,REDUCE_SIZE,3.326741,0.142634,-0.02,0.825308,c1fb1cf11c33013af08c139b31d09ade28223dda4c840a1eaa20aa1d9b456588
2026-05-29T08:12:10.591782+00:00,BTC/USDT,IMBALANCE_SPIKE,CAUTION,CAUTION,REDUCE_SIZE,REDUCE_SIZE,1e-06,0.1,0.4,0.65,5c9786f7e87be1b9a98ec5054c709f5aa75dad294c76912ab0a4a2e00d7fcb2e
2026-05-29T08:12:10.591782+00:00,LINK/USDT,REGIME_TRANSITION_CAUTION_TO_NORMAL,CAUTION,NORMAL,REDUCE_SIZE,EXECUTE,-1.107725,-0.064847,-0.06,0.35,10764f9c127c9aaafa1b4e72047c4f1214e2a1ad79eeb02e4dd568f05aadd9e5
2026-05-29T08:13:08.214294+00:00,BNB/USDT,REGIME_TRANSITION_NORMAL_TO_CAUTION,NORMAL,CAUTION,EXECUTE,REDUCE_SIZE,0.0,0.118716,0.0,0.468716,47029994f7a2ab6278d80d307b4e5d14e84652e3b38428e6f2217f78d7a567f2
2026-05-29T08:13:08.214294+00:00,AVAX/USDT,REGIME_TRANSITION_CAUTION_TO_NORMAL,CAUTION,NORMAL,REDUCE_SIZE,EXECUTE,-2.236135,-0.081448,0.04,0.37,cec1d944fc1e5649fe60337f8c302e8ee4416fde9df82a01788aebc7f10bbcf4
2026-05-29T08:14:11.523899+00:00,BTC/USDT,IMBALANCE_SPIKE,CAUTION,CAUTION,REDUCE_SIZE,REDUCE_SIZE,3e-06,0.095,0.38,0.635,1918d088d60115194b0415304f36c2c7a89b02787a74186f1efde4bc687ff746
2026-05-29T08:14:11.523899+00:00,ETH/USDT,IMBALANCE_SPIKE,NORMAL,NORMAL,EXECUTE,EXECUTE,2.7e-05,0.079524,0.4,0.629527,fd80f71a9038fd8abf15788322008a5959b312c34e21d208bb21fd6a4189d55c
2026-05-29T08:14:11.523899+00:00,SOL/USDT,IMBALANCE_SPIKE,NORMAL,NORMAL,EXECUTE,EXECUTE,0.000738,0.059522,0.24,0.529596,0952be7a66c0fb45a4502776a959b59549363589ac43a636f50d7950e6a010a4
2026-05-29T08:14:11.523899+00:00,XRP/USDT,IMBALANCE_SPIKE,CAUTION,CAUTION,REDUCE_SIZE,REDUCE_SIZE,0.005748,0.065256,0.26,0.545831,fc2c4ac886d2ca631d5102c638678329ecc37976eeef13dec4722c82c44ae302
2026-05-29T08:14:11.523899+00:00,AVAX/USDT,REGIME_TRANSITION_NORMAL_TO_CAUTION,NORMAL,CAUTION,EXECUTE,REDUCE_SIZE,1.119883,0.036612,-0.02,0.4986,cdf1762dfc04a6ceb61bbc49cc2c7a2a5c5bb07079fdcba23166ba835e78c741
2026-05-29T08:15:09.976711+00:00,BNB/USDT,REGIME_TRANSITION_CAUTION_TO_NORMAL,CAUTION,NORMAL,REDUCE_SIZE,EXECUTE,-0.000246,-0.12691,0.0,0.35,03b406f83bb8d8c7c638dbeaeed31a405c7cbbe048901827f3b2c04e41ddcc8a
2026-05-29T08:15:09.976711+00:00,AVAX/USDT,REGIME_TRANSITION_CAUTION_TO_NORMAL,CAUTION,NORMAL,REDUCE_SIZE,EXECUTE,-1.120885,-0.038402,0.04,0.37,0a40a5d8db2b1887c39268f4e4d5a8904d9106627404d02db6c2dd4e0852e3fa
2026-05-29T08:15:09.976711+00:00,LINK/USDT,SPREAD_EXPANDING_FAST,NORMAL,NORMAL,EXECUTE,EXECUTE,2.217294,0.104883,0.02,0.686612,ec40439bd773699e1f05eaa08a6c328a5e02c01cb3bed92aa9870b65b4d1284a
2026-05-29T08:15:58.378851+00:00,AVAX/USDT,REGIME_TRANSITION_NORMAL_TO_CAUTION,NORMAL,CAUTION,EXECUTE,REDUCE_SIZE,1.120509,0.049194,0.0,0.511245,c747274a6fee5d595009dc208c4655d72faf17e96ea31e7b0a4e1ba7433ad68f
2026-05-29T08:17:04.201099+00:00,ETH/USDT,"STRESS_SCORE_JUMP,IMBALANCE_SPIKE,REGIME_TRANSITION_NORMAL_TO_CAUTION",NORMAL,CAUTION,EXECUTE,REDUCE_SIZE,-3.1e-05,0.269193,0.88,1.0,c3280f616152993d43269b13f73b6e340f0b700135c47dd9522adffcbf43fe5d
2026-05-29T08:18:05.318087+00:00,ETH/USDT,REGIME_TRANSITION_CAUTION_TO_NORMAL,CAUTION,NORMAL,REDUCE_SIZE,EXECUTE,-1.9e-05,-0.141248,-0.34,0.35,ec5961677c3fc22c910f6a6ea1075e804460b1c6544b95af72d30fbbb368b418
2026-05-29T08:19:05.108941+00:00,LINK/USDT,SPREAD_EXPANDING_FAST,NORMAL,NORMAL,EXECUTE,EXECUTE,2.216802,0.0879,-0.04,0.65958,d88d24a8a80f921fe1a1632612c0b3c35db8cb1d4a92edd7c31098f765bddb03
2026-05-29T08:20:04.104326+00:00,BTC/USDT,IMBALANCE_SPIKE,CAUTION,CAUTION,REDUCE_SIZE,REDUCE_SIZE,0.0,0.095,0.38,0.635,a27924366391d7ad7dd14eb639acf8f741f0c6620205c45b31f3d8aad1081ece
2026-05-29T08:20:58.349768+00:00,ADA/USDT,"SPREAD_EXPANDING_FAST,STRESS_SCORE_JUMP,REGIME_TRANSITION_NORMAL_TO_CAUTION",NORMAL,CAUTION,EXECUTE,REDUCE_SIZE,4.247183,0.201096,0.04,0.995814,06ea94836052f7b4d5f464ed77da1d0903cb574257b6e968e3571884ea98bb73
2026-05-29T08:20:58.349768+00:00,AVAX/USDT,REGIME_TRANSITION_CAUTION_TO_NORMAL,CAUTION,NORMAL,REDUCE_SIZE,EXECUTE,-1.120382,-0.052111,0.0,0.35,6d591cf86d07936c98b24dc78a9d58d1b9f22523345314e797e649b9204c541b
2026-05-29T08:20:58.349768+00:00,TON/USDT,SPREAD_EXPANDING_FAST,NORMAL,NORMAL,EXECUTE,EXECUTE,2.230118,0.088591,-0.04,0.661603,bb3bbfade2d537f01403cfb0f77841a6810f52009b7e5a4cdb88b46bb62b382b
2026-05-29T08:21:54.533832+00:00,BTC/USDT,"IMBALANCE_SPIKE,REGIME_TRANSITION_CAUTION_TO_HIGH_STRESS",CAUTION,HIGH_STRESS,REDUCE_SIZE,PAUSE,-9e-06,0.12,0.48,0.71,46263b2a34c798e5abc67e6f6888b1db7c0082d89125e9044cfc37ffbbb0b29b
2026-05-29T08:21:54.533832+00:00,ETH/USDT,"STRESS_SCORE_JUMP,IMBALANCE_SPIKE,REGIME_TRANSITION_NORMAL_TO_CAUTION",NORMAL,CAUTION,EXECUTE,REDUCE_SIZE,-3e-05,0.16674,0.76,0.89674,12739d91cac5e1e6338f666b7540a88ba6bec1c784bb9feb7c5728256ce9b23c
2026-05-29T08:21:54.533832+00:00,SOL/USDT,IMBALANCE_SPIKE,NORMAL,NORMAL,EXECUTE,EXECUTE,-0.001178,0.062074,0.24,0.532074,5b98cba1be561720d97fc254b06521debaa4bb4a38524f80c1f4bc375248d94d
2026-05-29T08:21:54.533832+00:00,XRP/USDT,IMBALANCE_SPIKE,CAUTION,CAUTION,REDUCE_SIZE,REDUCE_SIZE,-0.005748,0.094739,0.38,0.634739,1004e0f28283ca34ee1da957a3726766471285e3b14cb2e494ca3aab86c9deff
2026-05-29T08:21:54.533832+00:00,ADA/USDT,REGIME_TRANSITION_CAUTION_TO_NORMAL,CAUTION,NORMAL,REDUCE_SIZE,EXECUTE,-4.252601,-0.206338,-0.06,0.35,20b2271241a5b0d10a2f399e7d6582836ee4828228dd50357207158975b80fb2
2026-05-29T08:21:54.533832+00:00,AVAX/USDT,REGIME_TRANSITION_NORMAL_TO_CAUTION,NORMAL,CAUTION,EXECUTE,REDUCE_SIZE,1.116631,0.07437,0.08,0.576033,1d7fd4f799893d6fae8e3e70c18967292ab3f652eb8426d63821126e5ef8058e
2026-05-29T08:22:56.946334+00:00,BTC/USDT,REGIME_TRANSITION_HIGH_STRESS_TO_CAUTION,HIGH_STRESS,CAUTION,PAUSE,REDUCE_SIZE,-4e-06,-0.065,-0.26,0.35,b32192c0549b23523a8bbd55efc3cecaac7fb2d964b3355e52280309c305e747
2026-05-29T08:22:56.946334+00:00,ETH/USDT,REGIME_TRANSITION_CAUTION_TO_NORMAL,CAUTION,NORMAL,REDUCE_SIZE,EXECUTE,-1.1e-05,-0.117614,-0.56,0.35,6d8a9544c8038a44b88b67dee245f40852329fe9e6c450056e8cdab191adabde
2026-05-29T08:22:56.946334+00:00,XRP/USDT,REGIME_TRANSITION_CAUTION_TO_HIGH_STRESS,CAUTION,HIGH_STRESS,REDUCE_SIZE,PAUSE,-0.005739,0.044736,0.18,0.484736,d8b1a4d7eabf449a8f4d02cda07a78a9ff5480aff43bf626ec8858d411ab0680
2026-05-29T08:22:56.946334+00:00,AVAX/USDT,REGIME_TRANSITION_CAUTION_TO_NORMAL,CAUTION,NORMAL,REDUCE_SIZE,EXECUTE,-2.235136,-0.106042,0.0,0.35,caa0c0266c4e147c173eee0c5b5214c0c9799550acbe115ae7511fd0080a3b3f
2026-05-29T08:24:03.880439+00:00,XRP/USDT,REGIME_TRANSITION_HIGH_STRESS_TO_CAUTION,HIGH_STRESS,CAUTION,PAUSE,REDUCE_SIZE,-0.005731,-0.050259,-0.2,0.35,c196a0fea25b532f5d5fcaa8f164be2545d6f99284840c3ead22804114a54c18
2026-05-29T08:24:03.880439+00:00,ADA/USDT,"SPREAD_EXPANDING_FAST,STRESS_SCORE_JUMP,REGIME_TRANSITION_NORMAL_TO_CAUTION",NORMAL,CAUTION,EXECUTE,REDUCE_SIZE,4.243581,0.21594,0.1,1.0,5a22bdca325c779ec1809bad4d1216083fb3d78f15724789f0c346bb49e67ef6
2026-05-29T08:24:03.880439+00:00,AVAX/USDT,"SPREAD_EXPANDING_FAST,STRESS_SCORE_JUMP,REGIME_TRANSITION_NORMAL_TO_CAUTION",NORMAL,CAUTION,EXECUTE,REDUCE_SIZE,3.347403,0.176238,0.08,0.900978,a31ba61dc3ded34f536adcba69cd9dfb4db6ffd4c7c9dc5d039358c2d01490d5
2026-05-29T08:24:03.880439+00:00,LINK/USDT,IMBALANCE_SPIKE,NORMAL,NORMAL,EXECUTE,EXECUTE,-0.000613,0.053155,0.24,0.523155,6126c251c015aa64a317c7acd205b96303fd607a7795353f24743fb2fe302df0
2026-05-29T08:25:03.649468+00:00,ETH/USDT,IMBALANCE_SPIKE,NORMAL,NORMAL,EXECUTE,EXECUTE,3e-06,0.086905,0.22,0.546905,cb7bb422545c3a5a848f402f224add175140b8a8a3a69b1ec3f6dac375494fad
2026-05-29T08:25:03.649468+00:00,ADA/USDT,REGIME_TRANSITION_CAUTION_TO_NORMAL,CAUTION,NORMAL,REDUCE_SIZE,EXECUTE,-4.243581,-0.190925,0.0,0.35,f3a07e8badba64037b31e1aa084e48463e968681f26f97cd6a839765e28ac000
2026-05-29T08:25:03.649468+00:00,LINK/USDT,SPREAD_EXPANDING_FAST,NORMAL,NORMAL,EXECUTE,EXECUTE,2.215697,0.099691,0.0,0.671261,81dcc94279954e8a42e503028925ad679b1cacbbdfb1057b792e4a847251bf0b
2026-05-29T08:26:07.090123+00:00,BTC/USDT,IMBALANCE_SPIKE,CAUTION,CAUTION,REDUCE_SIZE,REDUCE_SIZE,-5e-06,0.075,0.3,0.575,6bdada235413983f2eb4d6d048a36fb545366fe44b912604d74fd385c7beb058
2026-05-29T08:26:07.090123+00:00,LINK/USDT,REGIME_TRANSITION_NORMAL_TO_CAUTION,NORMAL,CAUTION,EXECUTE,REDUCE_SIZE,1.103805,0.032169,-0.08,0.492549,3e0645c675f0c2f162352970b0ab8473236b48f03e20188bd23db34deb22aa57
2026-05-29T08:27:05.900676+00:00,ETH/USDT,IMBALANCE_SPIKE,NORMAL,NORMAL,EXECUTE,EXECUTE,0.0,0.087164,0.3,0.587164,ea6b3721c897608b4d52e612cdff2e4db3437021c1ad0f2a8e863b7f1cbff5d4
2026-05-29T08:27:05.900676+00:00,XRP/USDT,IMBALANCE_SPIKE,CAUTION,CAUTION,REDUCE_SIZE,REDUCE_SIZE,0.0,0.055001,0.22,0.515001,a0d7dcfede43792d214eca1fc068287d2f0cd47ae6f6841de6b3e5fc3c04b7df
2026-05-29T08:27:05.900676+00:00,AVAX/USDT,REGIME_TRANSITION_CAUTION_TO_NORMAL,CAUTION,NORMAL,REDUCE_SIZE,EXECUTE,-2.23289,-0.10353,-0.02,0.35,be16e4cbcc9004f712ccb3a993a694f8809c684786c03cfc344bea5d97697b6f
2026-05-29T08:27:05.900676+00:00,LINK/USDT,REGIME_TRANSITION_CAUTION_TO_NORMAL,CAUTION,NORMAL,REDUCE_SIZE,EXECUTE,-2.212144,-0.104547,-0.02,0.35,1b9e185e7d5e321537f23ed0e53442e23ed38bc3cff40e629c567d7b1596e086
2026-05-29T08:28:02.291021+00:00,ADA/USDT,"SPREAD_EXPANDING_FAST,STRESS_SCORE_JUMP,REGIME_TRANSITION_NORMAL_TO_CAUTION",NORMAL,CAUTION,EXECUTE,REDUCE_SIZE,4.243581,0.190938,0.0,0.965296,24d7d663222aea38e050a1d0942aca988fe867490d84592b9a59e364c16db241
2026-05-29T08:28:02.291021+00:00,AVAX/USDT,"SPREAD_EXPANDING_FAST,REGIME_TRANSITION_NORMAL_TO_CAUTION",NORMAL,CAUTION,EXECUTE,REDUCE_SIZE,3.347529,0.146354,-0.02,0.831107,57841d69cfa7f0d94bfbdb0a6f3b11070b754fe5ef10b11aa93401a4b9649447
2026-05-29T08:28:02.291021+00:00,LINK/USDT,"SPREAD_EXPANDING_FAST,REGIME_TRANSITION_NORMAL_TO_CAUTION",NORMAL,CAUTION,EXECUTE,REDUCE_SIZE,2.211654,0.119343,0.08,0.730508,12deebe58d0d69cdf8b91cc10d7035b5e791bfac165a454cde3df6b4b874bc7f
2026-05-29T08:29:00.720891+00:00,ETH/USDT,IMBALANCE_SPIKE,NORMAL,NORMAL,EXECUTE,EXECUTE,2.5e-05,0.115918,0.52,0.725921,5412260126c89303b37f15da2f5b7c81e2da708d44f869c565716afe273570ef
2026-05-29T08:29:00.720891+00:00,SOL/USDT,IMBALANCE_SPIKE,NORMAL,NORMAL,EXECUTE,EXECUTE,0.000294,0.081366,0.34,0.601395,7585cba220e78e5e68f365f3aa6b8d6328264535c8cef4d2cc6612f9f62362ca
2026-05-29T08:29:00.720891+00:00,LINK/USDT,REGIME_TRANSITION_CAUTION_TO_NORMAL,CAUTION,NORMAL,REDUCE_SIZE,EXECUTE,-3.318522,-0.118659,0.04,0.37,d9cf012140d06916b8b3e36feadfdd2ca29815c95750758cc93a815dc51dcb2d
2026-05-29T08:29:00.720891+00:00,TON/USDT,"IMBALANCE_SPIKE,REGIME_TRANSITION_NORMAL_TO_CAUTION",NORMAL,CAUTION,EXECUTE,REDUCE_SIZE,0.561299,0.080222,0.22,0.596352,f5f03c56e973731ebf3432b483adb7e90f4b85cbc4e917e17423e7445b6680a5
2026-05-29T08:29:51.367461+00:00,SOL/USDT,IMBALANCE_SPIKE,NORMAL,NORMAL,EXECUTE,EXECUTE,0.000147,0.057631,0.22,0.517646,0fd90a2456a83aadc556515fbada643c1019df186d416cc741770a3b9d671a06
2026-05-29T08:29:51.367461+00:00,BNB/USDT,"STRESS_SCORE_JUMP,IMBALANCE_SPIKE,REGIME_TRANSITION_NORMAL_TO_CAUTION",NORMAL,CAUTION,EXECUTE,REDUCE_SIZE,0.0,0.160043,0.64,0.830043,29de5d8e2474aeaf7a80edc89a95e99c6e010c57742533f53327ccb986204b32
2026-05-29T08:29:51.367461+00:00,XRP/USDT,IMBALANCE_SPIKE,CAUTION,CAUTION,REDUCE_SIZE,REDUCE_SIZE,0.005731,0.120277,0.48,0.71085,fc2ccff0a58c723fb31531404eb1b338524bfd0d98b4cc43013f72c87f6cdcc2
2026-05-29T08:29:51.367461+00:00,ADA/USDT,REGIME_TRANSITION_CAUTION_TO_NORMAL,CAUTION,NORMAL,REDUCE_SIZE,EXECUTE,0.001805,-0.01492,-0.06,0.35018,56e8592390c5f1e3444ddadea4ed9511f025dc3fc5bd581d054d40077914d8ab
2026-05-29T08:29:51.367461+00:00,AVAX/USDT,REGIME_TRANSITION_CAUTION_TO_NORMAL,CAUTION,NORMAL,REDUCE_SIZE,EXECUTE,-1.115384,-0.059665,-0.04,0.35,4c2eddf99c60cf5a8df7c8d40dca101e4b23a51ac530c43f0621cc3da2229c5b
2026-05-29T08:29:51.367461+00:00,LINK/USDT,"SPREAD_EXPANDING_FAST,REGIME_TRANSITION_NORMAL_TO_CAUTION",NORMAL,CAUTION,EXECUTE,REDUCE_SIZE,3.324406,0.10894,-0.08,0.791381,a0cee1a7714a4874f1898555721de8ab045873c87035965a9344bbe9e909a5dd
2026-05-29T08:30:48.560468+00:00,AVAX/USDT,"SPREAD_EXPANDING_FAST,STRESS_SCORE_JUMP,REGIME_TRANSITION_NORMAL_TO_CAUTION",NORMAL,CAUTION,EXECUTE,REDUCE_SIZE,4.470522,0.201636,0.0,0.998688,74ff6d59c91d0b28784ce9b903b5dcd3279692f3f2fa5fb08d62fc4011e43e4d
2026-05-29T08:30:48.560468+00:00,LINK/USDT,REGIME_TRANSITION_CAUTION_TO_NORMAL,CAUTION,NORMAL,REDUCE_SIZE,EXECUTE,0.001965,-0.039849,-0.16,0.350196,958e57b37a796bb2c132d1d685c96b8405ddcff5f876e86da1f350308da7e6bc
2026-05-29T08:32:39.410192+00:00,ETH/USDT,IMBALANCE_SPIKE,NORMAL,NORMAL,EXECUTE,EXECUTE,1.7e-05,0.127864,0.62,0.787866,c5a711ac642bf8702ef76b235c40a20763ac1b786970edb4fad085abde1312c7
2026-05-29T08:33:35.605589+00:00,XRP/USDT,IMBALANCE_SPIKE,CAUTION,CAUTION,REDUCE_SIZE,REDUCE_SIZE,0.005739,0.05526,0.22,0.515834,22229f6bb39f0f0ff46b85dbe4888ea146844e02e05cb707a214c900a0380305
2026-05-29T08:33:35.605589+00:00,AVAX/USDT,REGIME_TRANSITION_CAUTION_TO_NORMAL,CAUTION,NORMAL,REDUCE_SIZE,EXECUTE,-3.357395,-0.151693,0.0,0.35,f956129b7d44105ed0ceeaeeae2f1b82ed9d364eae781f0a31367266e406bd2a
2026-05-29T08:34:34.989528+00:00,ETH/USDT,"STRESS_SCORE_JUMP,IMBALANCE_SPIKE",NORMAL,NORMAL,EXECUTE,EXECUTE,3e-06,0.170967,0.56,0.800967,eec2cf867bdd8c9b1a467b70b1508d88eb35f85620983f196375c662c70edda9
2026-05-29T08:34:34.989528+00:00,AVAX/USDT,REGIME_TRANSITION_NORMAL_TO_CAUTION,NORMAL,CAUTION,EXECUTE,REDUCE_SIZE,1.120761,0.043231,-0.02,0.505307,edc634c04c21bad784e429ff792f94cd83a7c624dccef81cd768791dc67e6cd6
2026-05-29T08:35:39.803019+00:00,BNB/USDT,REGIME_TRANSITION_CAUTION_TO_NORMAL,CAUTION,NORMAL,REDUCE_SIZE,EXECUTE,0.0,-0.068214,-0.22,0.35,43d4ddfcf673cb7bc9e5dd30daad2784bf726686683f52edc9eccb76208b15d6
2026-05-29T08:36:33.309262+00:00,BTC/USDT,IMBALANCE_SPIKE,CAUTION,CAUTION,REDUCE_SIZE,REDUCE_SIZE,-3e-06,0.055,0.22,0.515,6f6d7fe4b51de531476c0751584384eb92850abb65c220008e133d6144301bcb
2026-05-29T08:36:33.309262+00:00,XRP/USDT,SPREAD_EXPANDING_FAST,CAUTION,CAUTION,REDUCE_SIZE,REDUCE_SIZE,7.567156,0.139212,0.12,1.0,23458635d1a97586f24ece5d8443b88c7f5e4558507d580769da9e1ce266f4c9
2026-05-29T08:36:33.309262+00:00,ADA/USDT,"SPREAD_EXPANDING_FAST,STRESS_SCORE_JUMP,REGIME_TRANSITION_NORMAL_TO_CAUTION",NORMAL,CAUTION,EXECUTE,REDUCE_SIZE,4.252604,0.201317,0.04,0.996577,bdc117497273d340cf2777aa1af1369a269b4b3d30824637f0fc612097be6f28
2026-05-29T08:36:33.309262+00:00,LINK/USDT,SPREAD_EXPANDING_FAST,NORMAL,NORMAL,EXECUTE,EXECUTE,2.218525,0.104702,0.02,0.686554,a12de749cbd9acd333e15041d65c917036f5f6d06daa034948ee66ce2afeb0e5
2026-05-29T08:36:33.309262+00:00,TON/USDT,REGIME_TRANSITION_CAUTION_TO_NORMAL,CAUTION,NORMAL,REDUCE_SIZE,EXECUTE,-3.371544,-0.152557,-0.02,0.35,1993e0ccfe91778dceb7b7ad0577c2be4ee49240b2ab049f391d6a7133c69b5b
2026-05-29T08:37:31.361839+00:00,TON/USDT,"SPREAD_EXPANDING_FAST,REGIME_TRANSITION_NORMAL_TO_CAUTION",NORMAL,CAUTION,EXECUTE,REDUCE_SIZE,3.369997,0.115821,-0.12,0.802821,7806c3ab79866a6b96f3c73d2bd7de95c464d84508f8b80a64d750c8683f51be
2026-05-29T08:38:32.438394+00:00,ADA/USDT,REGIME_TRANSITION_CAUTION_TO_NORMAL,CAUTION,NORMAL,REDUCE_SIZE,EXECUTE,-4.254414,-0.201422,-0.04,0.35,571c52ff68ac052dbf5db3e26a9518f9ad6183a60423b45d9b4c1584313ddc14
2026-05-29T08:38:32.438394+00:00,AVAX/USDT,REGIME_TRANSITION_CAUTION_TO_NORMAL,CAUTION,NORMAL,REDUCE_SIZE,EXECUTE,0.0,-0.019259,-0.08,0.35,b2acbf7dae225d49cb819728f74de4149d3adad50eb75f26153d132cdf2f3b72
2026-05-29T08:38:32.438394+00:00,TON/USDT,REGIME_TRANSITION_CAUTION_TO_NORMAL,CAUTION,NORMAL,REDUCE_SIZE,EXECUTE,-0.558275,-0.050336,-0.1,0.35,2be67fd64840d5577fecd83dfc61446a86fb32118772a4e8ff165d226a430d09
2026-05-29T08:39:29.268386+00:00,ETH/USDT,IMBALANCE_SPIKE,NORMAL,NORMAL,EXECUTE,EXECUTE,-1.4e-05,0.085744,0.36,0.615744,53645b732e58a1433e278a8b60a51273f9cea355e8c0df100a3dd4d41c8b924c
2026-05-29T08:40:26.652439+00:00,BTC/USDT,IMBALANCE_SPIKE,CAUTION,CAUTION,REDUCE_SIZE,REDUCE_SIZE,-1e-06,0.06,0.24,0.53,a42ec70539ba6a5380af99ccf0ffaa45bc667e362be036c77a85bdba398995df
2026-05-29T08:40:26.652439+00:00,ETH/USDT,"STRESS_SCORE_JUMP,IMBALANCE_SPIKE,REGIME_TRANSITION_NORMAL_TO_CAUTION",NORMAL,CAUTION,EXECUTE,REDUCE_SIZE,-1.6e-05,0.190255,0.48,0.780255,d0e39c4352f160b79d775238397a65186e47ba6ef149ff6b6f93972fb5f9e6f9
2026-05-29T08:40:26.652439+00:00,BNB/USDT,REGIME_TRANSITION_NORMAL_TO_CAUTION,NORMAL,CAUTION,EXECUTE,REDUCE_SIZE,-0.000246,0.108994,-0.08,0.458994,5d49b080eada65235462b1181661a27cdac9a79ce441dc592612915939df356d
2026-05-29T08:41:25.064898+00:00,ETH/USDT,REGIME_TRANSITION_CAUTION_TO_NORMAL,CAUTION,NORMAL,REDUCE_SIZE,EXECUTE,-1e-06,-0.09851,-0.22,0.35,5f89bd95af0a9dfeb40103b0e3a3c3564c86aecc8f762b34b666f19a8d35cff4
2026-05-29T08:41:25.064898+00:00,BNB/USDT,REGIME_TRANSITION_CAUTION_TO_NORMAL,CAUTION,NORMAL,REDUCE_SIZE,EXECUTE,-0.000246,-0.17488,-0.04,0.35,543c50d17e34f0ed3465bac43c0630d32b0c366f69857488d7be8795ad81324d
2026-05-29T08:41:25.064898+00:00,LINK/USDT,SPREAD_EXPANDING_FAST,NORMAL,NORMAL,EXECUTE,EXECUTE,2.216066,0.102924,0.02,0.684531,3181bb1c19a4b672be5f9b342b9852d6a7099c1fc4c8d3d3d3e9205108578179
2026-05-29T08:43:15.006612+00:00,ETH/USDT,IMBALANCE_SPIKE,NORMAL,NORMAL,EXECUTE,EXECUTE,1.6e-05,0.1016,0.52,0.711602,fab2e6bc809e54ea1d53fddad9710f1996ee334d98078a1a7d1dbbeb12e3fd52
2026-05-29T08:44:12.053054+00:00,ADA/USDT,"SPREAD_EXPANDING_FAST,STRESS_SCORE_JUMP,REGIME_TRANSITION_NORMAL_TO_CAUTION",NORMAL,CAUTION,EXECUTE,REDUCE_SIZE,4.247186,0.211122,0.08,1.0,d2c8d117deb1c443b226dfd27ca2d895f28705e508bfdcd62061fa87cdc3f03b
2026-05-29T08:45:05.872505+00:00,AVAX/USDT,"SPREAD_EXPANDING_FAST,REGIME_TRANSITION_NORMAL_TO_CAUTION",NORMAL,CAUTION,EXECUTE,REDUCE_SIZE,3.354642,0.142736,-0.02,0.8282,998dd9834efd97eb767ccfdf301d3016e8f49a521d4648e51e60f08571c4bd53
2026-05-29T08:47:02.267320+00:00,BTC/USDT,IMBALANCE_SPIKE,CAUTION,CAUTION,REDUCE_SIZE,REDUCE_SIZE,3e-06,0.06,0.24,0.53,4016cb00a1786056406e4549c7453d006000a2d3fcb6d27da6ef188e7a60a0d3
2026-05-29T08:47:02.267320+00:00,XRP/USDT,IMBALANCE_SPIKE,CAUTION,CAUTION,REDUCE_SIZE,REDUCE_SIZE,0.005722,0.055248,0.22,0.51582,484b13b8c6ff972dab4415d15e734c5f3e80c778943989e6b137442d3b4f2ce0
2026-05-29T08:47:02.267320+00:00,LINK/USDT,SPREAD_EXPANDING_FAST,NORMAL,NORMAL,EXECUTE,EXECUTE,2.218279,0.097074,0.0,0.668902,235323163ca82c8db70cc50acfa2c0e5c07f87ade30567b061d3250ae3b4149c
2026-05-29T08:48:59.477302+00:00,ETH/USDT,IMBALANCE_SPIKE,NORMAL,NORMAL,EXECUTE,EXECUTE,2e-05,0.111419,0.5,0.711421,d0621c159ae74a3c0855334d5a3cd8ed99c30356b164cbd92b27b10060ec0e4f
2026-05-29T08:48:59.477302+00:00,AVAX/USDT,REGIME_TRANSITION_CAUTION_TO_NORMAL,CAUTION,NORMAL,REDUCE_SIZE,EXECUTE,-2.237136,-0.097087,0.0,0.35,ae514666489b3316ab6092d74eeed67bc304419636e1c6b9ca757fa136f61314
2026-05-29T08:48:59.477302+00:00,TON/USDT,SPREAD_EXPANDING_FAST,NORMAL,NORMAL,EXECUTE,EXECUTE,2.250383,0.115738,0.06,0.720776,b5b98b8b803300dd24f5e0a5d784d3727357729e46db032d69a61f52f0c2b6ee
2026-05-29T08:49:58.415284+00:00,LINK/USDT,"SPREAD_EXPANDING_FAST,REGIME_TRANSITION_NORMAL_TO_CAUTION",NORMAL,CAUTION,EXECUTE,REDUCE_SIZE,3.330804,0.149756,0.0,0.832836,4f437a469b4359159e35a9e6048703ba87d3c9518a43947b9e84864b5733071f
2026-05-29T08:49:58.415284+00:00,TON/USDT,"STRESS_SCORE_JUMP,IMBALANCE_SPIKE,REGIME_TRANSITION_NORMAL_TO_CAUTION",NORMAL,CAUTION,EXECUTE,REDUCE_SIZE,1.132118,0.150314,0.4,0.813526,4591d1d4343ada47f48ef486318e119f65267bedd868b07d622063e31bc3feb1
2026-05-29T08:50:55.339349+00:00,LINK/USDT,REGIME_TRANSITION_CAUTION_TO_NORMAL,CAUTION,NORMAL,REDUCE_SIZE,EXECUTE,-1.11228,-0.064922,-0.06,0.35,c414f075dd6e38d759c095b0ed14535229b4a64f8327f1d275987f948281ef2b
2026-05-29T08:51:51.474878+00:00,XRP/USDT,IMBALANCE_SPIKE,CAUTION,CAUTION,REDUCE_SIZE,REDUCE_SIZE,0.005722,0.060255,0.24,0.530827,ab490a9d2a6b1c5afd8d05e0499ffc3d99238a0946d1f0d035fd182a645aef54
2026-05-29T08:52:46.010304+00:00,BTC/USDT,IMBALANCE_SPIKE,CAUTION,CAUTION,REDUCE_SIZE,REDUCE_SIZE,-4e-06,0.079999,0.32,0.589999,5997ec6f32b326e683e08c254e57bb61f21f6c42a95b48c5ca1057001cd05775
2026-05-29T08:52:46.010304+00:00,ADA/USDT,"SPREAD_EXPANDING_FAST,STRESS_SCORE_JUMP",CAUTION,CAUTION,REDUCE_SIZE,REDUCE_SIZE,4.24899,0.206166,0.06,1.0,ed799856e9d640e4dfddcb909c569afbb9d724f6e3d8853408842c3a8590955e
2026-05-29T08:54:37.080172+00:00,LINK/USDT,SPREAD_EXPANDING_FAST,NORMAL,NORMAL,EXECUTE,EXECUTE,2.219263,0.10737,0.02,0.689296,7199ad9f209f0e92dd8fb98a5aa373fedfa09330ef0cc7ca4753856bd3a33a73
2026-05-29T08:54:37.080172+00:00,TON/USDT,REGIME_TRANSITION_CAUTION_TO_NORMAL,CAUTION,NORMAL,REDUCE_SIZE,EXECUTE,-0.001109,-0.046118,-0.18,0.35,b74213f6a709e202bae749687b843dd5aebfd226a6c9ae3a8f29e442dfe2734a
2026-05-29T08:55:36.394512+00:00,ADA/USDT,REGIME_TRANSITION_CAUTION_TO_NORMAL,CAUTION,NORMAL,REDUCE_SIZE,EXECUTE,0.0,-0.02,-0.08,0.35,603087fedd2648fff35602a248e2c3f9a34ab7fb73baade69033a01000953a5c
2026-05-29T08:55:36.394512+00:00,AVAX/USDT,REGIME_TRANSITION_NORMAL_TO_CAUTION,NORMAL,CAUTION,EXECUTE,REDUCE_SIZE,1.121261,0.055698,0.02,0.527824,a25ab9622d91c816c5041f2762d4a43a9a4024fd95ae3d132b57c81978ed8066
2026-05-29T08:56:29.776048+00:00,ETH/USDT,IMBALANCE_SPIKE,NORMAL,NORMAL,EXECUTE,EXECUTE,4.3e-05,0.100232,0.44,0.670236,f2ccb990e3e23c5f58732dc2a3cc2e4af0ecbb617a0524cd2a7d3db3b8992f8a
2026-05-29T08:56:29.776048+00:00,BNB/USDT,REGIME_TRANSITION_NORMAL_TO_CAUTION,NORMAL,CAUTION,EXECUTE,REDUCE_SIZE,0.00074,0.127615,-0.02,0.477689,314f6d9fea15dd48f8b6ddd43c11caceaadd3f037e0942f8bafe7b6950ff0e4e
2026-05-29T08:56:29.776048+00:00,DOGE/USDT,IMBALANCE_SPIKE,NORMAL,NORMAL,EXECUTE,EXECUTE,0.000505,0.060065,0.24,0.530116,fd9599e24fb73a0befa42d986cfd2d7c6ef3f63afe0ac362fadfc59a5dbc16bc
2026-05-29T08:56:29.776048+00:00,AVAX/USDT,REGIME_TRANSITION_CAUTION_TO_NORMAL,CAUTION,NORMAL,REDUCE_SIZE,EXECUTE,-1.119382,-0.052145,0.0,0.35,dd820a3d902441205478ec5a2422173699b8f8b30d859a5b8adb99f57999c643
2026-05-29T08:56:29.776048+00:00,LINK/USDT,SPREAD_EXPANDING_FAST,NORMAL,NORMAL,EXECUTE,EXECUTE,3.331174,0.14473,0.0,0.827847,ce5ddbd6d11b9e5c9150ad83cc8bff64f5b144edc3ec99fe9de16f8cace48592
2026-05-29T08:57:28.609467+00:00,BNB/USDT,REGIME_TRANSITION_CAUTION_TO_NORMAL,CAUTION,NORMAL,REDUCE_SIZE,EXECUTE,-0.000247,-0.102729,0.04,0.37,5e1345170dae95b557b9f115b69ff56796dca7844ae8d8f49c1a6202c87f74e5
2026-05-29T08:58:38.110507+00:00,BTC/USDT,IMBALANCE_SPIKE,CAUTION,CAUTION,REDUCE_SIZE,REDUCE_SIZE,-2e-06,0.11,0.44,0.68,d0a610c6cfb37e501c2ad92fb62b7d6718e9f3e758060eef8ebde19c634f18d4
2026-05-29T08:58:38.110507+00:00,ETH/USDT,IMBALANCE_SPIKE,NORMAL,NORMAL,EXECUTE,EXECUTE,1e-06,0.043334,0.22,0.503334,67c917215dbfc516c27f1d660f7a3b325a11a78e15ad0fd7cc5b1a96e007b769
2026-05-29T09:00:22.326970+00:00,BTC/USDT,IMBALANCE_SPIKE,CAUTION,CAUTION,REDUCE_SIZE,REDUCE_SIZE,-2e-06,0.099897,0.7,0.799897,af795bbd67054634252e2de6d0b4979632dc924f027957676432cfeabb17347b
2026-05-29T09:01:18.434956+00:00,ETH/USDT,IMBALANCE_SPIKE,NORMAL,NORMAL,EXECUTE,EXECUTE,6e-06,0.130466,0.3,0.630467,42cccbeec65d8c56809b4ef436288c4bf176de264041e66149b3d8c1954d5bca
2026-05-29T09:01:18.434956+00:00,LINK/USDT,SPREAD_EXPANDING_FAST,NORMAL,NORMAL,EXECUTE,EXECUTE,2.221234,0.104501,0.04,0.696624,2151673196aec4962894e16ada658d46850228626930d03f1cf0288defbb1162
2026-05-29T09:02:15.215019+00:00,ADA/USDT,"SPREAD_EXPANDING_FAST,STRESS_SCORE_JUMP,REGIME_TRANSITION_NORMAL_TO_CAUTION",NORMAL,CAUTION,EXECUTE,REDUCE_SIZE,4.254414,0.186431,-0.02,0.961872,02332ddd0d79a4c4b53ec782da72c81e47fa6ca1f12d9f4447ddb26a7bfda5eb
2026-05-29T09:03:16.452194+00:00,BTC/USDT,"STRESS_SCORE_JUMP,IMBALANCE_SPIKE",CAUTION,CAUTION,REDUCE_SIZE,REDUCE_SIZE,-4e-06,0.176328,0.4,0.726328,98dfb998743b501f86c97101c80e4d09b7bb53050f12282f98f66959711b2735
2026-05-29T09:03:16.452194+00:00,ADA/USDT,REGIME_TRANSITION_CAUTION_TO_NORMAL,CAUTION,NORMAL,REDUCE_SIZE,EXECUTE,-4.254414,-0.196422,-0.02,0.35,bfa0c7b591774001a02fd390e0abd167911cc975a16dfc56c63590defd0ac183
2026-05-29T09:03:16.452194+00:00,AVAX/USDT,REGIME_TRANSITION_NORMAL_TO_CAUTION,NORMAL,CAUTION,EXECUTE,REDUCE_SIZE,1.11525,0.059523,0.04,0.541048,2948f5548df3035243f340c8aa0f3c454f0051120a97d2830ff9384452eda3b9
2026-05-29T09:04:15.817665+00:00,ETH/USDT,"STRESS_SCORE_JUMP,IMBALANCE_SPIKE,REGIME_TRANSITION_NORMAL_TO_CAUTION",NORMAL,CAUTION,EXECUTE,REDUCE_SIZE,-4e-05,0.252924,0.82,1.0,7a4d0e4995fb404c243f132d119ef46625ed94828e7ce2375714758685aa2f22
2026-05-29T09:04:15.817665+00:00,AVAX/USDT,REGIME_TRANSITION_CAUTION_TO_NORMAL,CAUTION,NORMAL,REDUCE_SIZE,EXECUTE,-3.355892,-0.147977,0.0,0.35,9a117a8ba9e4e4c9de16133f77494295599f06d7c400a4d0c00bdc595da2293c
2026-05-29T09:05:18.269381+00:00,ETH/USDT,REGIME_TRANSITION_CAUTION_TO_NORMAL,CAUTION,NORMAL,REDUCE_SIZE,EXECUTE,1.5e-05,-0.201696,-0.72,0.350001,45c5377e2915ed19c99b5b6b282fabbf2f99a4eeaf075a1bed206b835f7142ba
2026-05-29T09:05:18.269381+00:00,AVAX/USDT,"SPREAD_EXPANDING_FAST,REGIME_TRANSITION_NORMAL_TO_CAUTION",NORMAL,CAUTION,EXECUTE,REDUCE_SIZE,3.353891,0.149535,0.0,0.834924,0f7e70d0aa47d7fff991d18ddb04aaf17f668bfaa5d62ee4b45e5e230b0c1d37
2026-05-29T09:06:16.871591+00:00,BTC/USDT,IMBALANCE_SPIKE,CAUTION,CAUTION,REDUCE_SIZE,REDUCE_SIZE,-3e-06,0.145,0.58,0.785,51f96bfffd6227fea77b78ec6181492e3749862dffe9fb33b5b7610b13d1267b
2026-05-29T09:06:16.871591+00:00,TON/USDT,"SPREAD_EXPANDING_FAST,REGIME_TRANSITION_NORMAL_TO_CAUTION",NORMAL,CAUTION,EXECUTE,REDUCE_SIZE,2.818632,0.118456,-0.02,0.750319,21646a6e580ed079c2f5bdea500b6848b3d3d3b666dfea5fa8d0d15a8e84c1a6
2026-05-29T09:08:08.914758+00:00,AVAX/USDT,REGIME_TRANSITION_CAUTION_TO_NORMAL,CAUTION,NORMAL,REDUCE_SIZE,EXECUTE,-2.234636,-0.095652,0.0,0.35,0ebd7824fdf76ff1e9c06dcc32287bcee6cf1a1dc403ceee7cac7ac52cda6e40
2026-05-29T09:08:08.914758+00:00,TON/USDT,REGIME_TRANSITION_CAUTION_TO_NORMAL,CAUTION,NORMAL,REDUCE_SIZE,EXECUTE,-1.127458,-0.038238,0.06,0.38,3f94df4601a8e64bb3569690da8f1b0e9c25ee488c1f69ea13810bf2d8e409a5
2026-05-29T09:09:03.624601+00:00,BTC/USDT,"STRESS_SCORE_JUMP,IMBALANCE_SPIKE",CAUTION,CAUTION,REDUCE_SIZE,REDUCE_SIZE,-3e-06,0.159999,0.64,0.829999,18276e69fcccb42681045ea256fc7c1661b04e603837b5518cddda87b1b03958
2026-05-29T09:09:03.624601+00:00,ETH/USDT,IMBALANCE_SPIKE,NORMAL,NORMAL,EXECUTE,EXECUTE,-1.5e-05,0.091144,0.44,0.661144,f09162de48158fb13050e10d36ad94d3dae7abf1bdc0f415b5a7e92cd7d30ecb
2026-05-29T09:09:03.624601+00:00,SOL/USDT,IMBALANCE_SPIKE,NORMAL,NORMAL,EXECUTE,EXECUTE,-0.000738,0.064738,0.26,0.544738,1174c32622d382a74588287d0192500c3d8d3c44f492c0891e6f3c493e81c1a5
2026-05-29T09:09:03.624601+00:00,AVAX/USDT,REGIME_TRANSITION_NORMAL_TO_CAUTION,NORMAL,CAUTION,EXECUTE,REDUCE_SIZE,1.116756,0.043169,-0.02,0.504845,c042db7e999ed8a30aa04b4d5175271529a75fe599990233026c68d2f5d4bf7a
2026-05-29T09:09:59.823029+00:00,ETH/USDT,REGIME_TRANSITION_NORMAL_TO_CAUTION,NORMAL,CAUTION,EXECUTE,REDUCE_SIZE,-2.9e-05,0.097527,0.18,0.537527,6d74f10b555c23c5afa20ada27ec127320ebfd633b7b44b4d9df47626fa6a72c
2026-05-29T09:09:59.823029+00:00,DOGE/USDT,IMBALANCE_SPIKE,NORMAL,NORMAL,EXECUTE,EXECUTE,-0.000604,0.059957,0.24,0.529957,f59fe2b803495b0977ac897f4b0db4d38f798a9b8a4cab0413b5217a964a01ca
2026-05-29T09:09:59.823029+00:00,ADA/USDT,"SPREAD_EXPANDING_FAST,STRESS_SCORE_JUMP,REGIME_TRANSITION_NORMAL_TO_CAUTION",NORMAL,CAUTION,EXECUTE,REDUCE_SIZE,4.24899,0.186164,-0.02,0.961063,41a63f0fd4aedee8839e0cf051a4fcfd24007ff44f5cb56ea65e7b9d7630062c
2026-05-29T09:09:59.823029+00:00,AVAX/USDT,REGIME_TRANSITION_CAUTION_TO_NORMAL,CAUTION,NORMAL,REDUCE_SIZE,EXECUTE,-1.119503,-0.039164,0.04,0.37,c1522301c46de964696b29322eb3697447a4a73fdd5bf643fb88d21ffca0ef2a
2026-05-29T09:10:53.421445+00:00,BTC/USDT,"IMBALANCE_SPIKE,REGIME_TRANSITION_CAUTION_TO_HIGH_STRESS",CAUTION,HIGH_STRESS,REDUCE_SIZE,PAUSE,-1.2e-05,0.05,0.2,0.5,874f708f3368d891553cf8c3b1b3402b8afa6f9c1d398b08c261a1a01fe6c18c
2026-05-29T09:10:53.421445+00:00,ETH/USDT,REGIME_TRANSITION_CAUTION_TO_NORMAL,CAUTION,NORMAL,REDUCE_SIZE,EXECUTE,-5e-05,-0.066135,-0.2,0.35,79472fc4275b1438b013edd3ddcb37dc67c84c3ec8564ef0a6c345bc207decb7
2026-05-29T09:10:53.421445+00:00,SOL/USDT,IMBALANCE_SPIKE,NORMAL,NORMAL,EXECUTE,EXECUTE,-0.000883,0.067937,0.28,0.557937,a610c7a381ebf5c6f7eb8215655c20951abf4796d104eeeb2a27093afd145d53
2026-05-29T09:10:53.421445+00:00,BNB/USDT,REGIME_TRANSITION_NORMAL_TO_CAUTION,NORMAL,CAUTION,EXECUTE,REDUCE_SIZE,-0.000737,0.121834,0.08,0.511834,5f17625cff9e3d9dfb7fb1720c62e737cd3ae295232c70ed14b470011dce79fd
2026-05-29T09:10:53.421445+00:00,ADA/USDT,REGIME_TRANSITION_CAUTION_TO_NORMAL,CAUTION,NORMAL,REDUCE_SIZE,EXECUTE,-4.250797,-0.211264,-0.08,0.35,189d8daf127de342f0b22bb26dd7aae20d2a67312e5009a3bdad82fa29be6c21
2026-05-29T09:11:47.692539+00:00,BNB/USDT,REGIME_TRANSITION_CAUTION_TO_NORMAL,CAUTION,NORMAL,REDUCE_SIZE,EXECUTE,-0.000491,-0.117628,-0.02,0.35,ebad6161e8dc3f80af48873633dc364f959dfdc4acc055677119278860a0f695
2026-05-29T09:12:38.314400+00:00,BTC/USDT,REGIME_TRANSITION_HIGH_STRESS_TO_CAUTION,HIGH_STRESS,CAUTION,PAUSE,REDUCE_SIZE,-7e-06,-0.080001,-0.32,0.35,b3634ca3626c09fd8ba631583bd6ec18aa73b9135bc91a55fd1f8c6aae397f22
2026-05-29T09:13:42.306527+00:00,AVAX/USDT,REGIME_TRANSITION_NORMAL_TO_CAUTION,NORMAL,CAUTION,EXECUTE,REDUCE_SIZE,1.116881,0.036635,-0.02,0.498323,61d09aa3206debfa5525c193dcf2d9d70b3c5b261f808df92e5014ed980dcf5c
2026-05-29T09:14:40.809325+00:00,ETH/USDT,IMBALANCE_SPIKE,NORMAL,NORMAL,EXECUTE,EXECUTE,5e-06,0.097841,0.48,0.687841,5c8bfd58a061eed2e3d66b178f4669f0893c08863727ca8be872c652fc317f15
2026-05-29T09:14:40.809325+00:00,AVAX/USDT,REGIME_TRANSITION_CAUTION_TO_NORMAL,CAUTION,NORMAL,REDUCE_SIZE,EXECUTE,-1.116134,-0.053309,-0.02,0.35,355ee3bfc5b8ea431d9fcbacfc02ac45354b1c69cbe423c44e14dd573e84838d
2026-05-29T09:15:33.776130+00:00,AVAX/USDT,REGIME_TRANSITION_NORMAL_TO_CAUTION,NORMAL,CAUTION,EXECUTE,REDUCE_SIZE,1.115386,0.046785,0.0,0.508324,62821498be6b162310ecb3d3451e01746017e8e697a54a0ea2a01f128fc5a3d9
2026-05-29T09:16:24.289099+00:00,BTC/USDT,IMBALANCE_SPIKE,CAUTION,CAUTION,REDUCE_SIZE,REDUCE_SIZE,-3e-06,0.055,0.22,0.515,64b68717eafd1020af61f470ed8dad95df835b1a2d0b60ac5db0ffb6b81c47b4
2026-05-29T09:16:24.289099+00:00,ETH/USDT,IMBALANCE_SPIKE,NORMAL,NORMAL,EXECUTE,EXECUTE,-1.6e-05,0.070616,0.54,0.690616,b95c394724ffc443c9bfbbe406a27071b957a9fd80ba0951a66ec00dc105716a
2026-05-29T09:16:24.289099+00:00,AVAX/USDT,REGIME_TRANSITION_CAUTION_TO_NORMAL,CAUTION,NORMAL,REDUCE_SIZE,EXECUTE,-2.232392,-0.096048,0.0,0.35,c9ca299aae7a03302e186ec6c74597cc0a2f6e4e5bd2835a6ac91723765579b9
2026-05-29T09:17:25.945268+00:00,SOL/USDT,IMBALANCE_SPIKE,NORMAL,NORMAL,EXECUTE,EXECUTE,-0.000735,0.11447,0.46,0.69447,e7b84b69dffb8b93e8ab2f548a190821c8cfc08e0ecdedcb09a8fc27102074a0
2026-05-29T09:17:25.945268+00:00,XRP/USDT,IMBALANCE_SPIKE,CAUTION,CAUTION,REDUCE_SIZE,REDUCE_SIZE,-0.005722,0.099742,0.4,0.649742,ca68c8726270f42f75373f50d8f6cd24043bb02d654ae1b3d093c3c3c4bc0d93
2026-05-29T09:17:25.945268+00:00,AVAX/USDT,SPREAD_EXPANDING_FAST,NORMAL,NORMAL,EXECUTE,EXECUTE,2.231271,0.09159,-0.02,0.664717,945d3b5f21ec4ef1820d7e35cfa45e7850e408438c5425e671d24a1037a1a035
2026-05-29T09:18:18.013718+00:00,ADA/USDT,"SPREAD_EXPANDING_FAST,STRESS_SCORE_JUMP,REGIME_TRANSITION_NORMAL_TO_CAUTION",NORMAL,CAUTION,EXECUTE,REDUCE_SIZE,4.241778,0.180853,-0.04,0.955031,e4a0dc534ffba3fc72228ecec6ed5c0bd2ecd26947f6e4655d8582bfbbbc2a1e
2026-05-29T09:18:18.013718+00:00,LINK/USDT,SPREAD_EXPANDING_FAST,NORMAL,NORMAL,EXECUTE,EXECUTE,2.210187,0.104496,0.02,0.685515,0d18c07584079e892634112a561a9fa471f4846d569d06e44f20bab1ccbcc77b
2026-05-29T09:19:12.770468+00:00,ADA/USDT,REGIME_TRANSITION_CAUTION_TO_NORMAL,CAUTION,NORMAL,REDUCE_SIZE,EXECUTE,-4.245383,-0.205992,-0.06,0.35,39f3ba3018d36b2697472c80518c817893c8f9ac02517ee247421f3abeecfd62
2026-05-29T09:20:14.680645+00:00,BTC/USDT,IMBALANCE_SPIKE,CAUTION,CAUTION,REDUCE_SIZE,REDUCE_SIZE,-4e-06,0.125,0.5,0.725,e53e413ae17a9ea8c445df7450b53ed1cdba99dee44eaa641f352964146a6603
2026-05-29T09:20:14.680645+00:00,ETH/USDT,"STRESS_SCORE_JUMP,IMBALANCE_SPIKE,REGIME_TRANSITION_NORMAL_TO_CAUTION",NORMAL,CAUTION,EXECUTE,REDUCE_SIZE,-1.2e-05,0.166286,0.42,0.726286,07a640459364bdbd728490c3a505df01f8e470c916324e6a8cbc52a473963a83
2026-05-29T09:20:14.680645+00:00,SOL/USDT,IMBALANCE_SPIKE,NORMAL,NORMAL,EXECUTE,EXECUTE,-0.000733,0.067075,0.26,0.547075,8e9d20e117e9bbcc5a77ca35e1c6a1042be3b13867ae0119e8b5a7705f9f0acb
2026-05-29T09:20:14.680645+00:00,XRP/USDT,IMBALANCE_SPIKE,CAUTION,CAUTION,REDUCE_SIZE,REDUCE_SIZE,-0.005705,0.069742,0.28,0.559742,03d653f093fa6cde2519d7e5e79b7b181e97ea5a9e421b16c9e84c85d34fb8fb
2026-05-29T09:20:14.680645+00:00,LINK/USDT,REGIME_TRANSITION_NORMAL_TO_CAUTION,NORMAL,CAUTION,EXECUTE,REDUCE_SIZE,-0.001954,0.042286,0.16,0.472286,fc72ada51e39815d01cd6e75e4f3ec76bea60268531ba8b4d17e1ad0b7b8ae42
2026-05-29T09:21:16.102476+00:00,ETH/USDT,REGIME_TRANSITION_CAUTION_TO_NORMAL,CAUTION,NORMAL,REDUCE_SIZE,EXECUTE,5e-06,-0.116013,-0.34,0.35,9da6260bc2b0e53e7f94286757e8100aea7e0fe1ba6bb5736c6cb39a9f2ae142
2026-05-29T09:21:16.102476+00:00,AVAX/USDT,"SPREAD_EXPANDING_FAST,REGIME_TRANSITION_NORMAL_TO_CAUTION",NORMAL,CAUTION,EXECUTE,REDUCE_SIZE,2.230151,0.096831,0.0,0.669846,cfdf93e277b990df0be5313f0924782c4fa5a7847938f3899c4e2d0642988188
2026-05-29T09:22:13.318467+00:00,SOL/USDT,IMBALANCE_SPIKE,NORMAL,NORMAL,EXECUTE,EXECUTE,0.000734,0.057469,0.22,0.517542,ef762ed956389d1c5941bddac5c45464424e53d78ca6c6bf864aa4515019bc24
2026-05-29T09:22:13.318467+00:00,LINK/USDT,REGIME_TRANSITION_CAUTION_TO_NORMAL,CAUTION,NORMAL,REDUCE_SIZE,EXECUTE,-2.206156,-0.099217,0.0,0.35,94cceeca3c54d1b1be854b4f06b8e02014602913290a8525e981a082a7d95dc8
2026-05-29T09:23:09.917956+00:00,AVAX/USDT,REGIME_TRANSITION_CAUTION_TO_NORMAL,CAUTION,NORMAL,REDUCE_SIZE,EXECUTE,-1.11464,-0.048975,0.0,0.35,6024a75befd3774d81f16c2520e60b2b2fe654f854b1bdbdd06cffed430ea6ff
2026-05-29T09:23:09.917956+00:00,LINK/USDT,"SPREAD_EXPANDING_FAST,REGIME_TRANSITION_NORMAL_TO_CAUTION",NORMAL,CAUTION,EXECUTE,REDUCE_SIZE,2.212879,0.075486,-0.1,0.646774,19bf8d96bab21a980fd3abba809ee7b55e61fdd9d118d053bba4723fc6d3b371
2026-05-29T09:24:18.183208+00:00,AVAX/USDT,"SPREAD_EXPANDING_FAST,REGIME_TRANSITION_NORMAL_TO_CAUTION",NORMAL,CAUTION,EXECUTE,REDUCE_SIZE,2.232641,0.095624,0.0,0.668888,02c806481160edb9a0932e90c62e11099a3e4b649559790d1f0b4b23ac415d56
2026-05-29T09:24:18.183208+00:00,LINK/USDT,REGIME_TRANSITION_CAUTION_TO_NORMAL,CAUTION,NORMAL,REDUCE_SIZE,EXECUTE,-3.318645,-0.185878,-0.14,0.35,88a07b04842757abe0bc519674406c3e199a95e4367204b5fd1a781f3596df26
2026-05-29T09:25:15.212791+00:00,BTC/USDT,IMBALANCE_SPIKE,CAUTION,CAUTION,REDUCE_SIZE,REDUCE_SIZE,-4e-06,0.08,0.32,0.59,900cf9e91fa212304c7636abb3001474a20df32536cd19fd2c796bdac6eff702
2026-05-29T09:25:15.212791+00:00,AVAX/USDT,REGIME_TRANSITION_CAUTION_TO_NORMAL,CAUTION,NORMAL,REDUCE_SIZE,EXECUTE,-1.117254,-0.048228,0.0,0.35,9db2884f5de2a4ee87dc8b924faeb794a0abf34fe7df9a5ba930dce0aa057639
2026-05-29T09:26:13.467314+00:00,XRP/USDT,IMBALANCE_SPIKE,CAUTION,CAUTION,REDUCE_SIZE,REDUCE_SIZE,-0.005696,0.069743,0.28,0.559743,39dd6b9256e7ee77a99a0b97e04862f05b62643ab0f59f716bcc9b65955d6350
2026-05-29T09:26:13.467314+00:00,ADA/USDT,"SPREAD_EXPANDING_FAST,STRESS_SCORE_JUMP,REGIME_TRANSITION_NORMAL_TO_CAUTION",NORMAL,CAUTION,EXECUTE,REDUCE_SIZE,4.239983,0.185784,-0.02,0.959782,679dcdad636be6320a32933f3082bfdf142b1ab59f250bdf81928df8ecba946b
2026-05-29T09:26:13.467314+00:00,AVAX/USDT,REGIME_TRANSITION_NORMAL_TO_CAUTION,NORMAL,CAUTION,EXECUTE,REDUCE_SIZE,1.114267,0.049291,0.0,0.510718,dc5f86231d1518108c1c7a87717a4f1525a73eb4b863df1fb1b6338484907663
2026-05-29T09:27:12.022300+00:00,ADA/USDT,REGIME_TRANSITION_CAUTION_TO_NORMAL,CAUTION,NORMAL,REDUCE_SIZE,EXECUTE,-4.236381,-0.200602,-0.04,0.35,dcd4f60e8f637e6b835e0287969b5ad9fe352f3d53cdbc5c0fbb20d4e5b1eac1
2026-05-29T09:27:12.022300+00:00,AVAX/USDT,REGIME_TRANSITION_CAUTION_TO_NORMAL,CAUTION,NORMAL,REDUCE_SIZE,EXECUTE,-2.229156,-0.096064,0.0,0.35,7fbccd28c101d319c20ce6d94b748a1b99d9b71661222db43bdd01a92c4e92a9
2026-05-29T09:29:05.858873+00:00,BTC/USDT,IMBALANCE_SPIKE,CAUTION,CAUTION,REDUCE_SIZE,REDUCE_SIZE,-2e-06,0.145,0.58,0.785,f7d41e47d570c5e1ee0c358b1234a558cfffcb16069ba49804f6289baeafb0ef
2026-05-29T09:29:05.858873+00:00,ETH/USDT,"STRESS_SCORE_JUMP,IMBALANCE_SPIKE,REGIME_TRANSITION_NORMAL_TO_CAUTION",NORMAL,CAUTION,EXECUTE,REDUCE_SIZE,-1.3e-05,0.171911,0.8,0.921911,73b255b9f02174a6f929872198a51e9733d0b38a425e8f0b7f3c1e64dccb16d6
2026-05-29T09:30:01.198791+00:00,BTC/USDT,"IMBALANCE_SPIKE,REGIME_TRANSITION_CAUTION_TO_HIGH_STRESS",CAUTION,HIGH_STRESS,REDUCE_SIZE,PAUSE,-5e-06,0.055,0.22,0.515,1cb8491cf46f9f954001ae6c7f99ea28f20a1029c85f38a57e582626d4bf65bf
2026-05-29T09:30:01.198791+00:00,BNB/USDT,REGIME_TRANSITION_NORMAL_TO_CAUTION,NORMAL,CAUTION,EXECUTE,REDUCE_SIZE,1.562621,0.085221,0.1,0.641483,2ef61689d0b0b7048d37e03d673a347bca0b57bae1716c9ffa8810b27f9df955
2026-05-29T09:30:01.198791+00:00,AVAX/USDT,"SPREAD_EXPANDING_FAST,REGIME_TRANSITION_NORMAL_TO_CAUTION",NORMAL,CAUTION,EXECUTE,REDUCE_SIZE,2.228412,0.104721,0.02,0.687562,c97ffb1cce4a897fb9e9e34de44313ba27743811f53bd1d8962104b838f1f91d
2026-05-29T09:30:58.941977+00:00,BTC/USDT,REGIME_TRANSITION_HIGH_STRESS_TO_CAUTION,HIGH_STRESS,CAUTION,PAUSE,REDUCE_SIZE,2e-06,-0.215,-0.86,0.35,d28c48024c55b388d8f75f0d2e84b5a265f71818cdc1649cfb7978bc586584ef
2026-05-29T09:30:58.941977+00:00,ETH/USDT,REGIME_TRANSITION_CAUTION_TO_NORMAL,CAUTION,NORMAL,REDUCE_SIZE,EXECUTE,9e-06,-0.190866,-0.72,0.350001,7915c351d368e8895854621d8dafd14cb61ae0748bae226d16734cd8a468370a
2026-05-29T09:30:58.941977+00:00,BNB/USDT,REGIME_TRANSITION_CAUTION_TO_NORMAL,CAUTION,NORMAL,REDUCE_SIZE,EXECUTE,-1.562866,-0.071642,-0.02,0.35,ee232db149b84f53555bc2cd43eae9a40f9165631ed0c8bcffe82d764caadbe1
2026-05-29T09:30:58.941977+00:00,AVAX/USDT,REGIME_TRANSITION_CAUTION_TO_NORMAL,CAUTION,NORMAL,REDUCE_SIZE,EXECUTE,-1.113399,-0.049896,0.0,0.35,5caf9fcd522029e70c6a43f46a3eb8dcd4d64415f1badb4e8efc0cbdc68e02a8
2026-05-29T09:31:56.581354+00:00,ETH/USDT,IMBALANCE_SPIKE,NORMAL,NORMAL,EXECUTE,EXECUTE,2.5e-05,0.11299,0.48,0.702993,7a2c32f80e833ea3b4e63f62ed1a22ac449ae0abb034d3b0f6cb5cebdd022535
2026-05-29T09:31:56.581354+00:00,AVAX/USDT,"SPREAD_EXPANDING_FAST,REGIME_TRANSITION_NORMAL_TO_CAUTION",NORMAL,CAUTION,EXECUTE,REDUCE_SIZE,2.229406,0.103388,0.02,0.686329,4551674209100c2e985d58ec92193d5f22c3b0f556d5dc563678f3f41a6e63e2
2026-05-29T09:32:56.066115+00:00,BNB/USDT,REGIME_TRANSITION_NORMAL_TO_CAUTION,NORMAL,CAUTION,EXECUTE,REDUCE_SIZE,0.000489,0.065529,0.02,0.425578,b1a3a322fc343f2e46300de12a4cfa23678182782a1d3fa16ceebb9d9b15f15b
2026-05-29T09:34:04.034107+00:00,AVAX/USDT,REGIME_TRANSITION_CAUTION_TO_NORMAL,CAUTION,NORMAL,REDUCE_SIZE,EXECUTE,-2.229281,-0.084739,0.0,0.35,23e73fd3edeb75b2a2bcab4e0a2af51a008c8906f7290c1e822529f935ea3379
2026-05-29T09:34:04.034107+00:00,LINK/USDT,"SPREAD_EXPANDING_FAST,STRESS_SCORE_JUMP,REGIME_TRANSITION_NORMAL_TO_CAUTION",NORMAL,CAUTION,EXECUTE,REDUCE_SIZE,3.320114,0.168889,0.08,0.8909,b6ec3e5da4f8ae4ff100822342d8e4fc3df8b5a746f688844fe52bd0d1b1a992
2026-05-29T09:35:04.258282+00:00,ETH/USDT,IMBALANCE_SPIKE,NORMAL,NORMAL,EXECUTE,EXECUTE,5e-06,0.098726,0.38,0.638727,03bc0fac772af2b8c6624f6ae1c859516b2cff068f8857f30cd0d5d159e36ac2
2026-05-29T09:35:04.258282+00:00,ADA/USDT,"SPREAD_EXPANDING_FAST,STRESS_SCORE_JUMP,REGIME_TRANSITION_NORMAL_TO_CAUTION",NORMAL,CAUTION,EXECUTE,REDUCE_SIZE,4.236387,0.210605,0.08,1.0,20f7d1578541a9b4dc455e2116c840664f9fcc37abde7994cb6bbd9092f669d9
2026-05-29T09:35:04.258282+00:00,LINK/USDT,REGIME_TRANSITION_CAUTION_TO_NORMAL,CAUTION,NORMAL,REDUCE_SIZE,EXECUTE,-1.107235,-0.034825,0.06,0.38,0647f7bc478fd0f24d02aa5fc4a46154c502271aec86d44c90e5ffb99e28a232
2026-05-29T09:36:52.870724+00:00,BTC/USDT,"STRESS_SCORE_JUMP,IMBALANCE_SPIKE,REGIME_TRANSITION_CAUTION_TO_HIGH_STRESS",CAUTION,HIGH_STRESS,REDUCE_SIZE,PAUSE,-4e-06,0.199999,0.8,0.949999,4544b425668190b8b70ff10b95e22c3674ae89fc2e5569ea8634fda1d3f7d851
2026-05-29T09:36:52.870724+00:00,ETH/USDT,IMBALANCE_SPIKE,NORMAL,NORMAL,EXECUTE,EXECUTE,-2.9e-05,0.064464,0.32,0.574464,f474a6fda645a82b2f330036bf14b3b5a21a1dc0993b13b5052c4935b93c1018
2026-05-29T09:36:52.870724+00:00,BNB/USDT,REGIME_TRANSITION_CAUTION_TO_NORMAL,CAUTION,NORMAL,REDUCE_SIZE,EXECUTE,-0.000734,-0.144103,-0.02,0.35,1081ec2211ad7ee825fe701ca9fabd0ac173bbcb7b63a5d96e393d76033cba64
2026-05-29T09:37:52.466485+00:00,BTC/USDT,REGIME_TRANSITION_HIGH_STRESS_TO_CAUTION,HIGH_STRESS,CAUTION,PAUSE,REDUCE_SIZE,-0.0,-0.03,-0.12,0.35,e48625e8698dd7a36be1be68d27754a1fb97daf362bf4314775183abf743ecf5
2026-05-29T09:37:52.466485+00:00,ADA/USDT,REGIME_TRANSITION_CAUTION_TO_NORMAL,CAUTION,NORMAL,REDUCE_SIZE,EXECUTE,-4.239983,-0.215783,-0.1,0.35,d6e487593f5c51665c7b7441bd74c222247bc355a913530be6d2f9950bc22633
2026-05-29T09:38:51.536639+00:00,ADA/USDT,"SPREAD_EXPANDING_FAST,STRESS_SCORE_JUMP,REGIME_TRANSITION_NORMAL_TO_CAUTION",NORMAL,CAUTION,EXECUTE,REDUCE_SIZE,4.243578,0.185949,-0.02,0.960307,f29a788acbee1843e7f6ec85cab4d6096dc926559ba0f71228b0b1e5b3c1828a
2026-05-29T09:39:49.700679+00:00,ADA/USDT,REGIME_TRANSITION_CAUTION_TO_NORMAL,CAUTION,NORMAL,REDUCE_SIZE,EXECUTE,-4.239983,-0.200759,-0.04,0.35,c56bfe4b195901b0cdb6e5bae790a915bc70da0be8421f13f3e064f52e6e28c4
2026-05-29T09:39:49.700679+00:00,LINK/USDT,SPREAD_EXPANDING_FAST,NORMAL,NORMAL,EXECUTE,EXECUTE,2.213124,0.08513,-0.04,0.656442,2788887e5817c85a95457e6edf69b724d405772661e6266fe97fc808d0dc7e8b
2026-05-29T09:40:40.160712+00:00,BTC/USDT,IMBALANCE_SPIKE,CAUTION,CAUTION,REDUCE_SIZE,REDUCE_SIZE,-1e-06,0.065,0.26,0.545,61b4b2d7fae37b40a060c1a620fe36253e9019b4130098015048878f98f7be41
2026-05-29T09:40:40.160712+00:00,ETH/USDT,"STRESS_SCORE_JUMP,IMBALANCE_SPIKE,REGIME_TRANSITION_NORMAL_TO_CAUTION",NORMAL,CAUTION,EXECUTE,REDUCE_SIZE,-1.1e-05,0.185227,0.72,0.895227,62014773ef0c3f77c06efa8318492aae93621802c418dcd8da56465aa71c2b38
2026-05-29T09:40:40.160712+00:00,ADA/USDT,"SPREAD_EXPANDING_FAST,STRESS_SCORE_JUMP,REGIME_TRANSITION_NORMAL_TO_CAUTION",NORMAL,CAUTION,EXECUTE,REDUCE_SIZE,4.232795,0.190432,0.0,0.963711,55956391de9f81761f834c2919143fac79f540ac2d6e50a94a3c0a4e379ced8c
2026-05-29T09:40:40.160712+00:00,TON/USDT,"IMBALANCE_SPIKE,REGIME_TRANSITION_NORMAL_TO_CAUTION",NORMAL,CAUTION,EXECUTE,REDUCE_SIZE,1.11271,0.124604,0.3,0.735875,8fee00a28a60664d537d7314dc78351136df72f6d2b53a9e31b49d3a19e85b6f
2026-05-29T09:41:40.122464+00:00,ETH/USDT,REGIME_TRANSITION_CAUTION_TO_NORMAL,CAUTION,NORMAL,REDUCE_SIZE,EXECUTE,-8e-06,-0.021003,-0.08,0.35,09693076b28744ff2572fb00968f1e4b21396011ea2657c5d4d7ae5ed99bcb93
2026-05-29T09:41:40.122464+00:00,AVAX/USDT,SPREAD_EXPANDING_FAST,NORMAL,NORMAL,EXECUTE,EXECUTE,2.230027,0.10137,0.0,0.674373,dae053ea21054d6a4f4a5a51d87a8239b5be8c2f87ce9e1055d2d608e708bd0e
2026-05-29T09:41:40.122464+00:00,TON/USDT,REGIME_TRANSITION_CAUTION_TO_NORMAL,CAUTION,NORMAL,REDUCE_SIZE,EXECUTE,-1.116315,-0.075487,-0.1,0.35,3f42daba2cd426a6fde36c1c0ec896006d41c573dabf3ad9637ee7624e1cc37a
2026-05-29T09:42:35.984187+00:00,ADA/USDT,REGIME_TRANSITION_CAUTION_TO_NORMAL,CAUTION,NORMAL,REDUCE_SIZE,EXECUTE,-4.232795,-0.200442,-0.04,0.35,4085de9620e83b15c00b945feaf16a9fd1a8d6a83bbce04a75ff2582daf2fe93
2026-05-29T09:43:34.706685+00:00,ADA/USDT,"SPREAD_EXPANDING_FAST,STRESS_SCORE_JUMP,REGIME_TRANSITION_NORMAL_TO_CAUTION",NORMAL,CAUTION,EXECUTE,REDUCE_SIZE,4.239983,0.185764,-0.02,0.959762,3796af4d5c3bd4903153c7aa37d9181f610e8ea3def22fde3b58e0c1096f2ab4
2026-05-29T09:44:36.071258+00:00,BTC/USDT,IMBALANCE_SPIKE,CAUTION,CAUTION,REDUCE_SIZE,REDUCE_SIZE,-1e-06,0.1,0.4,0.65,1ca45fce6d64419ab238dfc32c3dc1280432f743de0ef8eae8b24fee309cf8a8
2026-05-29T09:46:38.648357+00:00,XRP/USDT,IMBALANCE_SPIKE,CAUTION,CAUTION,REDUCE_SIZE,REDUCE_SIZE,0.005687,0.075259,0.3,0.575828,67d145e8f5fcadf810be18635e6d6cb4077cea84d7fadf62375b568cab9dc2e4
2026-05-29T09:47:37.623827+00:00,BTC/USDT,IMBALANCE_SPIKE,CAUTION,CAUTION,REDUCE_SIZE,REDUCE_SIZE,0.0,0.14,0.56,0.77,bee30b6d50bdc89d6d56838494caefe5b5cec1eab136b260a88ea10292b2fbbe
2026-05-29T13:50:02.079925+00:00,SOL/USDT,IMBALANCE_SPIKE,NORMAL,NORMAL,EXECUTE,EXECUTE,0.014738,0.099138,0.4,0.650612,b3f58a15dca1145f4a93afbff5207555c85e9e6ccca547114d192bdaac58637c
2026-05-29T13:50:02.079925+00:00,XRP/USDT,IMBALANCE_SPIKE,CAUTION,CAUTION,REDUCE_SIZE,REDUCE_SIZE,0.133018,0.06099,0.22,0.534292,0a229f58d33890eae4d06907335486567a3236099bdef3d25bf39cdf7ab06f5f
2026-05-29T13:50:02.079925+00:00,ADA/USDT,REGIME_TRANSITION_CAUTION_TO_NORMAL,CAUTION,NORMAL,REDUCE_SIZE,EXECUTE,0.056569,-0.057439,-0.24,0.355657,68cb6ab68349b813832537477f92d5b750f5acb2592dfe4434218cf2ddb985b9
2026-05-29T13:50:02.079925+00:00,LINK/USDT,"IMBALANCE_SPIKE,REGIME_TRANSITION_NORMAL_TO_CAUTION",NORMAL,CAUTION,EXECUTE,REDUCE_SIZE,0.005543,0.056058,0.22,0.516612,0a025657ec2e5769319a4050b188a46f25fddfc687e3798af0ebda8e6b9785ad
2026-05-29T13:50:53.685103+00:00,DOGE/USDT,IMBALANCE_SPIKE,NORMAL,NORMAL,EXECUTE,EXECUTE,-1.016208,0.014265,0.24,0.484265,4b0db4f8cbf0415cef3205cdd9a71685ada848c45d71f485d346bcf76e74218d
2026-05-29T13:51:34.943657+00:00,BNB/USDT,"STRESS_SCORE_JUMP,REGIME_TRANSITION_NORMAL_TO_CAUTION",NORMAL,CAUTION,EXECUTE,REDUCE_SIZE,0.000743,0.212558,0.06,0.592632,c418557e93a618185a97dbee39d9494aba7109cf397448e39d7f14eb12952942
2026-05-29T13:51:34.943657+00:00,LINK/USDT,REGIME_TRANSITION_CAUTION_TO_NORMAL,CAUTION,NORMAL,REDUCE_SIZE,EXECUTE,-1.121383,-0.035413,0.06,0.38,558331f927a1028b745f7ac6c5e5c62f43d27ecc56dc87cc360ac595e76b371d
2026-05-29T13:51:34.943657+00:00,TON/USDT,SPREAD_EXPANDING_FAST,NORMAL,NORMAL,EXECUTE,EXECUTE,2.880068,0.111514,-0.08,0.749521,bf744acb42813199098777c59dfc5541804c1fb17ce2de544daadd401698b8ef
2026-05-29T13:52:21.120897+00:00,BTC/USDT,IMBALANCE_SPIKE,CAUTION,CAUTION,REDUCE_SIZE,REDUCE_SIZE,1.7e-05,0.080001,0.32,0.590003,99a1b9bb45ed368c7522ef32c645d5742963fccde5b6baec86885dccafb903ed
2026-05-29T13:52:21.120897+00:00,BNB/USDT,REGIME_TRANSITION_CAUTION_TO_NORMAL,CAUTION,NORMAL,REDUCE_SIZE,EXECUTE,0.000496,-0.187017,0.0,0.35005,7abee923e219a6395cdf973ff290cff174a80c494ebe9c8a573d59f2928bff0c
2026-05-29T13:52:21.120897+00:00,XRP/USDT,IMBALANCE_SPIKE,CAUTION,CAUTION,REDUCE_SIZE,REDUCE_SIZE,0.0,0.070002,0.28,0.560002,0a4fb9833ac41d7809b46128ed9061850a36592f3b32ec289afe467b0b4f2969
2026-05-29T13:52:21.120897+00:00,AVAX/USDT,SPREAD_EXPANDING_FAST,NORMAL,NORMAL,EXECUTE,EXECUTE,2.264745,0.102043,0.0,0.678518,d020359ccc577b44e826fb587581327676d0dd148043091d09bbb43a09658b36
2026-05-29T13:53:09.930222+00:00,ETH/USDT,IMBALANCE_SPIKE,NORMAL,NORMAL,EXECUTE,EXECUTE,-3.7e-05,0.027209,0.24,0.497209,163b81b7600100a882b1c9cf728927eb2c3d2f8bb210b1aecca1d766bb1c97fb
2026-05-29T13:54:13.048532+00:00,ADA/USDT,"SPREAD_EXPANDING_FAST,STRESS_SCORE_JUMP,REGIME_TRANSITION_NORMAL_TO_CAUTION",NORMAL,CAUTION,EXECUTE,REDUCE_SIZE,4.305701,0.193706,0.0,0.974276,73bbe4045ed194af456015dbae4da4c49c554fde3b223b67d96ca68114f3c5e5
2026-05-29T13:54:13.048532+00:00,LINK/USDT,REGIME_TRANSITION_NORMAL_TO_CAUTION,NORMAL,CAUTION,EXECUTE,REDUCE_SIZE,0.001517,0.025093,0.1,0.425245,d6aea6b34e7477746849a6bccce76799af52d0ff8b47217b1479cd6cc07f7d7c
2026-05-29T13:54:54.480489+00:00,BTC/USDT,IMBALANCE_SPIKE,CAUTION,CAUTION,REDUCE_SIZE,REDUCE_SIZE,8e-06,0.055001,0.22,0.515002,f9a7f209caf2e09f272e5b85be2a91fae4cd64677518310a6631ee99a05dd31a
2026-05-29T13:54:54.480489+00:00,ADA/USDT,REGIME_TRANSITION_CAUTION_TO_NORMAL,CAUTION,NORMAL,REDUCE_SIZE,EXECUTE,-4.303852,-0.183636,0.04,0.37,c57be530ff6dfad1f2aa4f64832fb12a069e2bf42c6f97efdc3c3aa3010a2cb5
2026-05-29T13:54:54.480489+00:00,LINK/USDT,REGIME_TRANSITION_CAUTION_TO_NORMAL,CAUTION,NORMAL,REDUCE_SIZE,EXECUTE,-2.248707,-0.094266,0.02,0.36,0ae2d51efa0429bf556f6af065e4d24fa7eb299cca4dde49a649644cef1edcc4
2026-05-29T13:55:42.079671+00:00,BTC/USDT,IMBALANCE_SPIKE,CAUTION,CAUTION,REDUCE_SIZE,REDUCE_SIZE,-8e-06,0.054999,0.22,0.514999,d5a302b0df20e5c5e3e10c12d0e7da149b3d2dc0b5b824df25f85995abf55c32
2026-05-29T13:55:42.079671+00:00,ETH/USDT,"STRESS_SCORE_JUMP,IMBALANCE_SPIKE",NORMAL,NORMAL,EXECUTE,EXECUTE,-3.5e-05,0.15539,0.64,0.82539,5cedcf27a4781eb312c823ba1441e2cce8ab0dabf61a15503d0ce021d986c640
2026-05-29T13:55:42.079671+00:00,SOL/USDT,IMBALANCE_SPIKE,NORMAL,NORMAL,EXECUTE,EXECUTE,-0.001207,0.086126,0.34,0.606126,99f03b0a1d72141b0d2bcf6b33bee6f76709a00dbc5bf7589b7e7d017d6d424d
2026-05-29T13:55:42.079671+00:00,XRP/USDT,IMBALANCE_SPIKE,CAUTION,CAUTION,REDUCE_SIZE,REDUCE_SIZE,-0.00589,0.054735,0.22,0.514735,8b486a0b3b893b08e76e6debbff7d1d17b6ebac2a35b4f0d4142716ce18636f5
2026-05-29T13:58:37.756564+00:00,BTC/USDT,REGIME_TRANSITION_CAUTION_TO_NORMAL,CAUTION,NORMAL,REDUCE_SIZE,EXECUTE,-4e-06,-0.20724,-0.5,0.35,ed8d64873a4b682ff04269926d93b93b470da846bb2844a6c3bb6069dde16f02
2026-05-29T13:58:37.756564+00:00,LINK/USDT,SPREAD_EXPANDING_FAST,NORMAL,NORMAL,EXECUTE,EXECUTE,2.246307,0.085142,0.02,0.669773,53f567065e66b79d8753a4f0e119bdda8d23d6d309cf5c6b51129066f620b9b3
2026-05-29T13:59:18.998338+00:00,BTC/USDT,REGIME_TRANSITION_NORMAL_TO_CAUTION,NORMAL,CAUTION,EXECUTE,REDUCE_SIZE,4e-06,0.09724,0.06,0.47724,60c45fb582b4a9121f12c7278eb206c0b344d563fe0a7684abeb5d3478c0bfd1
2026-05-29T13:59:18.998338+00:00,ETH/USDT,IMBALANCE_SPIKE,NORMAL,NORMAL,EXECUTE,EXECUTE,8e-06,0.08573,0.3,0.585731,0c2c116206f5b59470c60ca1e80f85a0afce2cb12a679051a64fa4d8e4cad1a7
2026-05-29T14:00:01.189412+00:00,BTC/USDT,IMBALANCE_SPIKE,CAUTION,CAUTION,REDUCE_SIZE,REDUCE_SIZE,1e-05,0.11,0.44,0.680001,4987db3ce2a8118f96c6bd38858115d8095640d4b8a15d43645dcf79b71800a4
2026-05-29T14:00:01.189412+00:00,ETH/USDT,"IMBALANCE_SPIKE,REGIME_TRANSITION_NORMAL_TO_CAUTION",NORMAL,CAUTION,EXECUTE,REDUCE_SIZE,3.1e-05,0.133558,0.58,0.773561,01b5bf4dab47ab5f1ba5e07bc54f16991c3b4f450f81e23fc34f3d1adc720aa9
2026-05-29T14:00:01.189412+00:00,SOL/USDT,IMBALANCE_SPIKE,NORMAL,NORMAL,EXECUTE,EXECUTE,0.001356,0.055565,0.22,0.515701,0683b46c006f3dad1882c688ee5dfa220c43745fc0474f8a2828a3a6af6ac861
2026-05-29T14:00:01.189412+00:00,XRP/USDT,"IMBALANCE_SPIKE,REGIME_TRANSITION_CAUTION_TO_HIGH_STRESS",CAUTION,HIGH_STRESS,REDUCE_SIZE,PAUSE,0.011771,0.090524,0.36,0.621701,409ef966cb915ff48814a48b9f305342d20d050476aad2b5961f9e6c78f3a188
2026-05-29T14:00:42.696724+00:00,ETH/USDT,REGIME_TRANSITION_CAUTION_TO_NORMAL,CAUTION,NORMAL,REDUCE_SIZE,EXECUTE,-4.1e-05,-0.085265,-0.36,0.35,9cb3ffd7ec190f6eddfde2761fe324d02f36eac29da5e0bd5b0d55c431e6da4a
2026-05-29T14:00:42.696724+00:00,XRP/USDT,REGIME_TRANSITION_HIGH_STRESS_TO_CAUTION,HIGH_STRESS,CAUTION,PAUSE,REDUCE_SIZE,-0.011771,-0.155528,-0.62,0.35,1cc75e084711d66fa369c2b08b9823106634fe72f85888c4042e28cf7303ff45
2026-05-29T14:01:21.705791+00:00,BTC/USDT,"IMBALANCE_SPIKE,REGIME_TRANSITION_CAUTION_TO_HIGH_STRESS",CAUTION,HIGH_STRESS,REDUCE_SIZE,PAUSE,7e-06,0.065,0.26,0.545001,c735512d4c87c4041aae791861a89c309175e24279c5908ca1dd2174bebfb994
2026-05-29T14:01:21.705791+00:00,ETH/USDT,"IMBALANCE_SPIKE,REGIME_TRANSITION_NORMAL_TO_CAUTION",NORMAL,CAUTION,EXECUTE,REDUCE_SIZE,2.7e-05,0.100998,0.38,0.641001,b015e906603661880b3f2e6c80c3f6b9a9b90f91b67b026037e27a373b05dbad
2026-05-29T14:01:21.705791+00:00,XRP/USDT,IMBALANCE_SPIKE,CAUTION,CAUTION,REDUCE_SIZE,REDUCE_SIZE,0.005881,0.060268,0.24,0.530856,297ce79193378585fbb38f494de5e6fc582e55c598302d182d19404aad103000
2026-05-29T14:02:00.562190+00:00,BTC/USDT,REGIME_TRANSITION_HIGH_STRESS_TO_CAUTION,HIGH_STRESS,CAUTION,PAUSE,REDUCE_SIZE,3e-06,-0.195,-0.78,0.35,13294a4b807fb4baf67acd4f5caafd0f2d3bf94ec1aadbdf7d9ef65d575f8bc3
2026-05-29T14:02:00.562190+00:00,ETH/USDT,REGIME_TRANSITION_CAUTION_TO_NORMAL,CAUTION,NORMAL,REDUCE_SIZE,EXECUTE,2.6e-05,-0.026946,-0.16,0.350003,6864560d619a42ea158a33ab948e80063bb75c267496667f08ef45fffff5836b
2026-05-29T14:03:41.762286+00:00,BTC/USDT,REGIME_TRANSITION_CAUTION_TO_NORMAL,CAUTION,NORMAL,REDUCE_SIZE,EXECUTE,-1.1e-05,-0.117472,-0.06,0.35,4c7b8e9aa97552a0692b9eb4f8b2af9642f37294ba202ea50e084e9a401e6c2a
2026-05-29T14:03:41.762286+00:00,SOL/USDT,IMBALANCE_SPIKE,NORMAL,NORMAL,EXECUTE,EXECUTE,-0.000452,0.063591,0.26,0.543591,961d96a3adfb9946efd4ed68d5086bbdea0bdfb8d5f2a0a7d250ee2dff9fe889
2026-05-29T14:03:41.762286+00:00,XRP/USDT,IMBALANCE_SPIKE,CAUTION,CAUTION,REDUCE_SIZE,REDUCE_SIZE,0.0,0.144995,0.58,0.784995,284c6bd74636beaebdc444757fd71b7854060a7484ab5d95193d1f199a45929f
2026-05-29T14:04:22.788064+00:00,BTC/USDT,"STRESS_SCORE_JUMP,IMBALANCE_SPIKE,REGIME_TRANSITION_NORMAL_TO_CAUTION",NORMAL,CAUTION,EXECUTE,REDUCE_SIZE,5e-06,0.172472,0.28,0.662473,7edcfae7ce078ebd938eb69f979b070a5a16202f75367b7a5027fc65e6154ff8
2026-05-29T14:04:22.788064+00:00,BNB/USDT,"STRESS_SCORE_JUMP,REGIME_TRANSITION_NORMAL_TO_CAUTION",NORMAL,CAUTION,EXECUTE,REDUCE_SIZE,0.000742,0.170901,0.06,0.550975,a171470f491d29addacee8aa12d88106b403b831d58ae3af0ddbd273d8c998d7
2026-05-29T14:05:01.845768+00:00,ETH/USDT,IMBALANCE_SPIKE,NORMAL,NORMAL,EXECUTE,EXECUTE,-1e-05,0.09526,0.42,0.65526,217dcdaf1db3334e0e1b12a01eff58d51be853b6b8749995183cad1423e75fb7
2026-05-29T14:05:01.845768+00:00,BNB/USDT,REGIME_TRANSITION_CAUTION_TO_NORMAL,CAUTION,NORMAL,REDUCE_SIZE,EXECUTE,-0.000247,-0.130312,-0.04,0.35,f82df7c3cc8a040b806aec4b9b9a2296e5aab9bebbe19db9509d0dbe5969914d
2026-05-29T14:05:41.945913+00:00,BTC/USDT,IMBALANCE_SPIKE,CAUTION,CAUTION,REDUCE_SIZE,REDUCE_SIZE,5e-06,0.11,0.44,0.68,f65da4e4b9e83c3255b8d3998a0fa5aa9da08fe6a6a51f166019c587e5a36aae
2026-05-29T14:06:19.577412+00:00,AVAX/USDT,"SPREAD_EXPANDING_FAST,REGIME_TRANSITION_NORMAL_TO_CAUTION",NORMAL,CAUTION,EXECUTE,REDUCE_SIZE,2.268849,0.105917,0.0,0.682802,6c67b5565510e5a92967cb78d6c869e222384708add8b685a08e235333cb2e27
2026-05-29T14:07:08.789263+00:00,ETH/USDT,IMBALANCE_SPIKE,NORMAL,NORMAL,EXECUTE,EXECUTE,6.4e-05,0.063028,0.26,0.543034,6c8ba901cbf468d9936ffcfe40947e135782a06b436f505b2ab4ee95dfebc6b5
2026-05-29T14:07:08.789263+00:00,SOL/USDT,IMBALANCE_SPIKE,NORMAL,NORMAL,EXECUTE,EXECUTE,0.002419,0.112069,0.44,0.682311,f150c85b081578c09dfc710075b70dafba3ad365772fdb99c635eaff1a371581
2026-05-29T14:07:08.789263+00:00,AVAX/USDT,REGIME_TRANSITION_CAUTION_TO_NORMAL,CAUTION,NORMAL,REDUCE_SIZE,EXECUTE,-3.393465,-0.147761,0.02,0.36,f14a3160bdafb11ab076b76fcc64e852d47fa749403bd00767a1441749b3bce7
2026-05-29T14:07:52.372791+00:00,BNB/USDT,REGIME_TRANSITION_NORMAL_TO_CAUTION,NORMAL,CAUTION,EXECUTE,REDUCE_SIZE,0.000744,0.133115,0.06,0.513189,08b947ec591816cd70230d1a57268a322851856be5c88481d29bc3be19576f4f
2026-05-29T14:07:52.372791+00:00,TON/USDT,"STRESS_SCORE_JUMP,IMBALANCE_SPIKE,REGIME_TRANSITION_NORMAL_TO_CAUTION",NORMAL,CAUTION,EXECUTE,REDUCE_SIZE,0.578519,0.1774,0.62,0.895252,b8735f08b892218a96561fc67c3b5489e8a61ff7554fc4315ab4bcfb7afb3887
2026-05-29T14:08:32.680320+00:00,LINK/USDT,"SPREAD_EXPANDING_FAST,REGIME_TRANSITION_NORMAL_TO_CAUTION",NORMAL,CAUTION,EXECUTE,REDUCE_SIZE,2.249845,0.113579,0.06,0.718564,a5b1a7e999c67a32bc6a37ef8ceff8faf94e8fdeede6b1b9412e3b980b61b47e
2026-05-29T14:09:12.521751+00:00,BTC/USDT,"STRESS_SCORE_JUMP,IMBALANCE_SPIKE,REGIME_TRANSITION_CAUTION_TO_HIGH_STRESS",CAUTION,HIGH_STRESS,REDUCE_SIZE,PAUSE,1.6e-05,0.22,0.88,1.0,98eadaec0e8fafc54a8b73936b54e50d907693cb07ea091866f0a73b0a90c32f
2026-05-29T14:09:12.521751+00:00,ETH/USDT,IMBALANCE_SPIKE,NORMAL,NORMAL,EXECUTE,EXECUTE,6.1e-05,0.134635,0.5,0.734641,bea5d0d078620ad7680efed73f86887d597f840fefdc6922130e9feb47639481
2026-05-29T14:09:12.521751+00:00,BNB/USDT,REGIME_TRANSITION_CAUTION_TO_NORMAL,CAUTION,NORMAL,REDUCE_SIZE,EXECUTE,0.000744,-0.14165,0.1,0.400074,dc3a5a1bdc7abdc5274fc8f962e38fd931906f782129a9111e2fade7146f5a3c
2026-05-29T14:09:12.521751+00:00,AVAX/USDT,"SPREAD_EXPANDING_FAST,STRESS_SCORE_JUMP,REGIME_TRANSITION_NORMAL_TO_CAUTION",NORMAL,CAUTION,EXECUTE,REDUCE_SIZE,3.403869,0.156234,0.0,0.846621,71f71d291b7562308451e9e20c06ce5d22f0f1e626efbb422299a539d89a6151
2026-05-29T14:09:12.521751+00:00,LINK/USDT,REGIME_TRANSITION_CAUTION_TO_NORMAL,CAUTION,NORMAL,REDUCE_SIZE,EXECUTE,-1.124036,-0.0327,0.06,0.38,f3aafdd58ae67d595677add5935b8d700db38afd4b22464b28d2e26b00ea943e
2026-05-29T14:09:50.954802+00:00,BTC/USDT,REGIME_TRANSITION_HIGH_STRESS_TO_CAUTION,HIGH_STRESS,CAUTION,PAUSE,REDUCE_SIZE,-1.3e-05,-0.23,-0.92,0.35,47ec3ece9d135a17ca3e8f0747a72bbb504297d20add613aa5c62e2524acd876
2026-05-29T14:09:50.954802+00:00,DOGE/USDT,IMBALANCE_SPIKE,NORMAL,NORMAL,EXECUTE,EXECUTE,-0.001036,0.054962,0.22,0.514962,d6d4b0434861d8fea3158c922bbf5563516c4d4036a3c7751978d34c399bbedd
2026-05-29T14:09:50.954802+00:00,ADA/USDT,REGIME_TRANSITION_NORMAL_TO_CAUTION,NORMAL,CAUTION,EXECUTE,REDUCE_SIZE,-0.003705,0.014833,0.06,0.394833,9a010a2d86589dc3893bb799b23c2c0981ab72a71211bd882561d268085cde7f
2026-05-29T14:09:50.954802+00:00,AVAX/USDT,REGIME_TRANSITION_CAUTION_TO_NORMAL,CAUTION,NORMAL,REDUCE_SIZE,EXECUTE,-3.405414,-0.15121,0.02,0.36,fd7d6bd06c5a857fc760933491bfa2338835a0d72def7c094b289ddcf50936ff
2026-05-29T14:09:50.954802+00:00,LINK/USDT,REGIME_TRANSITION_NORMAL_TO_CAUTION,NORMAL,CAUTION,EXECUTE,REDUCE_SIZE,1.122519,0.038194,-0.04,0.500446,a240c3d7ec3a18ca9767efcff935782260ae9d551d44b981e483c249a6f56864
2026-05-29T14:10:33.175422+00:00,ETH/USDT,"IMBALANCE_SPIKE,REGIME_TRANSITION_NORMAL_TO_CAUTION",NORMAL,CAUTION,EXECUTE,REDUCE_SIZE,-5e-06,0.127645,0.52,0.737645,8a92045bf64491894f94005eb24f1eab2596774ce6d49dd1f453b0fb4699baa3
2026-05-29T14:10:33.175422+00:00,LINK/USDT,REGIME_TRANSITION_CAUTION_TO_NORMAL,CAUTION,NORMAL,REDUCE_SIZE,EXECUTE,-1.125554,-0.050144,0.0,0.35,41e7a11ffa36b064ee2f620e34bb03bc63a1656c35ccfd42bf4c4c6751bec0e6
2026-05-29T14:11:33.996532+00:00,ETH/USDT,REGIME_TRANSITION_CAUTION_TO_NORMAL,CAUTION,NORMAL,REDUCE_SIZE,EXECUTE,8e-06,-0.204349,-0.78,0.350001,5f26be24f41ad7f565507125cf3451a5bcd13623c3918bb475c002499a0700da
2026-05-29T14:11:33.996532+00:00,ADA/USDT,"SPREAD_EXPANDING_FAST,STRESS_SCORE_JUMP",CAUTION,CAUTION,REDUCE_SIZE,REDUCE_SIZE,4.302,0.198551,0.02,0.988751,927e963afa329d6732433690eeb212820b08762ad11ee6a6773b7c1873ee6d84
2026-05-29T14:12:23.845236+00:00,BTC/USDT,IMBALANCE_SPIKE,CAUTION,CAUTION,REDUCE_SIZE,REDUCE_SIZE,-3e-06,0.115627,0.5,0.715627,ca3ac5c7324d79cbef7ebfd8617341f95e489d19848d8e624abd92f16d3d26ef
2026-05-29T14:12:23.845236+00:00,BNB/USDT,"STRESS_SCORE_JUMP,REGIME_TRANSITION_NORMAL_TO_CAUTION",NORMAL,CAUTION,EXECUTE,REDUCE_SIZE,0.0,0.169657,0.06,0.549657,bbe26de24b1aa2c1e151640c0c5aa984cd8a0678fbb5f96ac76213623638a158
2026-05-29T14:12:23.845236+00:00,LINK/USDT,"SPREAD_EXPANDING_FAST,REGIME_TRANSITION_NORMAL_TO_CAUTION",NORMAL,CAUTION,EXECUTE,REDUCE_SIZE,2.250477,0.095597,-0.02,0.670645,bf235a21217bccf3aab1997c095ebfa47d5be6ed616b8fdbbda63db0989a6233
2026-05-29T14:12:23.845236+00:00,TON/USDT,REGIME_TRANSITION_CAUTION_TO_NORMAL,CAUTION,NORMAL,REDUCE_SIZE,EXECUTE,-1.156336,-0.089837,-0.16,0.35,69909b2dc2ac2b7fb42056df6419c53d8078740fe6f09ad5cc60c775cb238d8a
2026-05-29T14:13:08.592538+00:00,ETH/USDT,IMBALANCE_SPIKE,NORMAL,NORMAL,EXECUTE,EXECUTE,-5e-05,0.145881,0.66,0.825881,0de37307b540fbd1b077dff4512c04cd5ecbf0a517e5f2d984c64214c386676e
2026-05-29T14:13:08.592538+00:00,XRP/USDT,IMBALANCE_SPIKE,CAUTION,CAUTION,REDUCE_SIZE,REDUCE_SIZE,-0.005881,0.079733,0.32,0.589733,b36b0a9cffe8046aabd9e4397b0eea513116591fc017695116ec1b3d734a9034
2026-05-29T14:13:08.592538+00:00,LINK/USDT,REGIME_TRANSITION_CAUTION_TO_NORMAL,CAUTION,NORMAL,REDUCE_SIZE,EXECUTE,-1.129848,-0.079196,-0.12,0.35,fb1b0f06145804ff9a6afc5fa08dc1cf30ad1db1c04dbb6aecda3de5fdc7f0e5
2026-05-29T14:13:49.852859+00:00,BNB/USDT,REGIME_TRANSITION_CAUTION_TO_NORMAL,CAUTION,NORMAL,REDUCE_SIZE,EXECUTE,-0.000741,-0.166776,0.02,0.36,7ed43bf0c2781e5317e36e6ea0d0fd05cbc385bc0e0f876a6b11e53dc2047e98
2026-05-29T14:14:32.476195+00:00,XRP/USDT,IMBALANCE_SPIKE,CAUTION,CAUTION,REDUCE_SIZE,REDUCE_SIZE,-0.005863,0.054736,0.22,0.514736,e8bb4686be04b66843d5a52d75cc21547d411ac65823172c5685c964c77df2bb
2026-05-29T14:14:32.476195+00:00,LINK/USDT,SPREAD_EXPANDING_FAST,NORMAL,NORMAL,EXECUTE,EXECUTE,2.246055,0.102963,0.02,0.687569,c5c617b740390c4c93b2458f33d0fbade52c1d38ec44390cdbad45506021097a
2026-05-29T14:14:32.476195+00:00,TON/USDT,SPREAD_EXPANDING_FAST,NORMAL,NORMAL,EXECUTE,EXECUTE,2.312807,0.096369,-0.02,0.67765,1426b9b4c7aa7175891b9fcf9fe23e7ad8dfa2c3577d880386b7c8de69cdc418
2026-05-29T14:15:12.877794+00:00,ETH/USDT,IMBALANCE_SPIKE,NORMAL,NORMAL,EXECUTE,EXECUTE,1.5e-05,0.064987,0.36,0.594988,10bb0452bdc0c951bec4152ba0d3e59ab4fd4cd8483c8969e1e0610d44ad3372
2026-05-29T14:15:54.149283+00:00,ETH/USDT,IMBALANCE_SPIKE,NORMAL,NORMAL,EXECUTE,EXECUTE,7e-06,0.067449,0.36,0.59745,1772b5d7efb4682d7984d4f30d9014bf751643df4ecf5f5422efef7a401538f1
2026-05-29T14:15:54.149283+00:00,ADA/USDT,"SPREAD_EXPANDING_FAST,STRESS_SCORE_JUMP",CAUTION,CAUTION,REDUCE_SIZE,REDUCE_SIZE,4.292766,0.188131,-0.02,0.967408,e76f846b850e71695290f1d2bbefb28db41acfe14815289f4f68e56e3e13d57c
2026-05-29T14:16:34.033195+00:00,BTC/USDT,IMBALANCE_SPIKE,CAUTION,CAUTION,REDUCE_SIZE,REDUCE_SIZE,3e-06,0.060933,0.32,0.570933,54dc00135542301164e2fad00faaac0930bdbe6245e52920a32f9511471ea9e6
2026-05-29T14:16:34.033195+00:00,ADA/USDT,REGIME_TRANSITION_CAUTION_TO_NORMAL,CAUTION,NORMAL,REDUCE_SIZE,EXECUTE,-4.290921,-0.198067,-0.02,0.35,a2af7bbee07d44c2150f9bee56663291972eef83949c6ddaa2847022cf922914
2026-05-29T14:17:13.234986+00:00,BNB/USDT,"STRESS_SCORE_JUMP,REGIME_TRANSITION_NORMAL_TO_CAUTION",NORMAL,CAUTION,EXECUTE,REDUCE_SIZE,0.000741,0.156193,-0.02,0.506267,976bd5bb9bfffde3ccacd2d581c942d5b649ee2be31b9aeddb2b5f153156adfe
2026-05-29T14:17:13.234986+00:00,DOGE/USDT,IMBALANCE_SPIKE,NORMAL,NORMAL,EXECUTE,EXECUTE,1.018791,0.110794,0.26,0.692673,8e4378677123f085afec3e659d4d3bd9293b4170de1748fd54595da252dd301c
2026-05-29T14:17:13.234986+00:00,LINK/USDT,"SPREAD_EXPANDING_FAST,REGIME_TRANSITION_NORMAL_TO_CAUTION",NORMAL,CAUTION,EXECUTE,REDUCE_SIZE,2.252248,0.098123,-0.02,0.673348,c050bb98ca03f65c241434b4e961d9649b21bb81db947bf2e3fc48945adc58ba
2026-05-29T14:17:58.763652+00:00,ETH/USDT,"IMBALANCE_SPIKE,REGIME_TRANSITION_NORMAL_TO_CAUTION",NORMAL,CAUTION,EXECUTE,REDUCE_SIZE,7.2e-05,0.096663,0.3,0.59667,ad3efc4faff58ce5f2538bce5c8eae49484b94a36cc0a4cf38171aaa7ea4dba9
2026-05-29T14:17:58.763652+00:00,BNB/USDT,REGIME_TRANSITION_CAUTION_TO_NORMAL,CAUTION,NORMAL,REDUCE_SIZE,EXECUTE,0.000247,-0.165468,0.0,0.350025,4c88f15f48895534f9b9628f0a62721c7e0be4aed82f6f46ff4361089d4301b2
2026-05-29T14:17:58.763652+00:00,DOGE/USDT,IMBALANCE_SPIKE,NORMAL,NORMAL,EXECUTE,EXECUTE,-1.017139,0.014357,0.24,0.484357,b6f5d50a13766c864c9c89d0ea7b3f86f6a95f04180520caa01fb1eb1a159157
2026-05-29T14:17:58.763652+00:00,ADA/USDT,REGIME_TRANSITION_NORMAL_TO_CAUTION,NORMAL,CAUTION,EXECUTE,REDUCE_SIZE,0.0,0.039991,0.16,0.469991,b421b9b6dbb5aae5096c27787575abc4e17b0552bb3f7517f5ee7b519c748be7
2026-05-29T14:17:58.763652+00:00,LINK/USDT,REGIME_TRANSITION_CAUTION_TO_NORMAL,CAUTION,NORMAL,REDUCE_SIZE,EXECUTE,-3.374261,-0.145246,0.02,0.36,d78f00f9753043ae9618aa74358f4284fcd3e38ffa2cae967133194e13d58fc1
2026-05-29T14:18:41.058771+00:00,BTC/USDT,IMBALANCE_SPIKE,CAUTION,CAUTION,REDUCE_SIZE,REDUCE_SIZE,3e-06,0.07,0.28,0.56,c798a9c5c482e58298923dee9728f292b996ba0794a2e0869f8f18ed0de76a8d
2026-05-29T14:18:41.058771+00:00,ETH/USDT,REGIME_TRANSITION_CAUTION_TO_NORMAL,CAUTION,NORMAL,REDUCE_SIZE,EXECUTE,4e-06,-0.067843,-0.26,0.35,10cb629158638fe0e166bf082ad86be41780a876b34e3e9074be167ef32eab41
2026-05-29T14:19:24.189370+00:00,BTC/USDT,"IMBALANCE_SPIKE,REGIME_TRANSITION_CAUTION_TO_HIGH_STRESS",CAUTION,HIGH_STRESS,REDUCE_SIZE,PAUSE,0.082378,0.113707,0.44,0.691945,c382eec6d0f914a6329c2ff7f8e7fc9947025b36cd4937bb2555a1651014672b
2026-05-29T14:19:24.189370+00:00,BNB/USDT,"STRESS_SCORE_JUMP,REGIME_TRANSITION_NORMAL_TO_CAUTION",NORMAL,CAUTION,EXECUTE,REDUCE_SIZE,0.002725,0.167623,0.12,0.577896,0c565400e6e888ddcafba4c69a4d2017b681bfe9108a1a1105d8088c3e5e1ee2
2026-05-29T14:20:07.239425+00:00,BTC/USDT,REGIME_TRANSITION_HIGH_STRESS_TO_CAUTION,HIGH_STRESS,CAUTION,PAUSE,REDUCE_SIZE,-0.082362,-0.068706,-0.26,0.35,921f205cc1499d5df6dc25edabe489d159682fcfda53c4937a9f0c060c3919d5
2026-05-29T14:20:07.239425+00:00,XRP/USDT,IMBALANCE_SPIKE,CAUTION,CAUTION,REDUCE_SIZE,REDUCE_SIZE,-0.005899,0.069728,0.28,0.559728,6537280cab0fb019cb2d25d397a3c32dc62033b65335a301ebcc29c0861ebe28
2026-05-29T14:20:07.239425+00:00,AVAX/USDT,SPREAD_EXPANDING_FAST,NORMAL,NORMAL,EXECUTE,EXECUTE,2.275572,0.089182,0.0,0.666739,4c86c2fb56a2a3407226d55d43d0a62ce5560eafa5569b7fd672c9fd6101c7c1
2026-05-29T14:20:49.809012+00:00,ETH/USDT,"IMBALANCE_SPIKE,REGIME_TRANSITION_NORMAL_TO_CAUTION",NORMAL,CAUTION,EXECUTE,REDUCE_SIZE,-1.5e-05,0.10048,0.4,0.65048,35b21b3d098b57200a52496d7b8074aee5229414968b4e6a24164bad031caacc
2026-05-29T14:20:49.809012+00:00,BNB/USDT,REGIME_TRANSITION_CAUTION_TO_NORMAL,CAUTION,NORMAL,REDUCE_SIZE,EXECUTE,-0.000495,-0.209241,0.04,0.37,f72d11ff243819eb09dfd83887fa1ede1956143b4b35d9268c812d53d9c82718
2026-05-29T14:20:49.809012+00:00,ADA/USDT,"SPREAD_EXPANDING_FAST,STRESS_SCORE_JUMP",CAUTION,CAUTION,REDUCE_SIZE,REDUCE_SIZE,4.301997,0.21354,0.08,1.0,0eae1de5f36c3ac1388f09361585d555140f12ef050be46beca2af05e4e447db
2026-05-29T14:21:29.877452+00:00,BNB/USDT,"STRESS_SCORE_JUMP,REGIME_TRANSITION_NORMAL_TO_CAUTION",NORMAL,CAUTION,EXECUTE,REDUCE_SIZE,0.000248,0.190711,-0.02,0.540736,417902c1c89d5799c506c9cc7f6e362c4194f358b528fbba2ca2f309280cd165
2026-05-29T14:21:29.877452+00:00,AVAX/USDT,"SPREAD_EXPANDING_FAST,STRESS_SCORE_JUMP,REGIME_TRANSITION_NORMAL_TO_CAUTION",NORMAL,CAUTION,EXECUTE,REDUCE_SIZE,6.826197,0.304209,0.0,1.0,13fb3a4ef0f40a28d11c3cd9fb06cef01b54ad37b85563358e7df143e0329021
2026-05-29T14:22:06.697178+00:00,ETH/USDT,REGIME_TRANSITION_CAUTION_TO_NORMAL,CAUTION,NORMAL,REDUCE_SIZE,EXECUTE,4.2e-05,-0.109049,-0.54,0.350004,5f19e22d903e0f20510114af8e375e84087f79046c33da665a245336119dfbac
2026-05-29T14:22:06.697178+00:00,BNB/USDT,IMBALANCE_SPIKE,CAUTION,CAUTION,REDUCE_SIZE,REDUCE_SIZE,0.002481,-0.137565,0.26,0.480248,c695083806152fadebc8a9b6b80ba3ef2c510bf8634341a3b0e235ce96da4e42
2026-05-29T14:22:06.697178+00:00,XRP/USDT,SPREAD_EXPANDING_FAST,CAUTION,CAUTION,REDUCE_SIZE,REDUCE_SIZE,7.68933,0.124769,0.08,1.0,40a8b02f3efd79b1fc5591e26defd99514fda461c6a117969d8f3af418160f11
2026-05-29T14:22:06.697178+00:00,ADA/USDT,"SPREAD_EXPANDING_FAST,STRESS_SCORE_JUMP",CAUTION,CAUTION,REDUCE_SIZE,REDUCE_SIZE,4.31313,0.194049,0.0,0.975362,2b768e49c0f42fa747ff630db20123ab7646ee238618def06a6016c9ee4edc4a
2026-05-29T14:22:06.697178+00:00,AVAX/USDT,REGIME_TRANSITION_CAUTION_TO_NORMAL,CAUTION,NORMAL,REDUCE_SIZE,EXECUTE,-4.545445,-0.204019,0.0,0.35,72f5bfaa3ff30d916c45dd7d11555d85a3631c07d17daa6844e239e877ab6a44
2026-05-29T14:22:06.697178+00:00,LINK/USDT,REGIME_TRANSITION_NORMAL_TO_CAUTION,NORMAL,CAUTION,EXECUTE,REDUCE_SIZE,1.130131,0.070427,0.08,0.57344,66f8280c44d41896a79cfb05eaf9529fa51e3c0766c08a18611372b683afa344
2026-05-29T14:22:48.268135+00:00,ADA/USDT,REGIME_TRANSITION_CAUTION_TO_HIGH_STRESS,CAUTION,HIGH_STRESS,REDUCE_SIZE,PAUSE,0.007438,0.03034,0.12,0.441084,ee9310abb7bd4e25944856c6738581f4e65ae8bb030c44316357e8d9435d612a
2026-05-29T14:23:33.061127+00:00,ETH/USDT,"STRESS_SCORE_JUMP,IMBALANCE_SPIKE",NORMAL,NORMAL,EXECUTE,EXECUTE,-2.6e-05,0.150649,0.58,0.790649,cc335476dd14c78989696c7588c149871208167609c7c2bfd3721bfdde504a0a
2026-05-29T14:24:15.276882+00:00,XRP/USDT,IMBALANCE_SPIKE,CAUTION,CAUTION,REDUCE_SIZE,REDUCE_SIZE,0.005908,0.085267,0.34,0.605858,93b28b7a7e72b0e4d647b456dbab490b853817a437be3d7df3e96496d6113bd3
2026-05-29T14:24:15.276882+00:00,DOGE/USDT,"SPREAD_EXPANDING_FAST,STRESS_SCORE_JUMP,IMBALANCE_SPIKE,REGIME_TRANSITION_NORMAL_TO_CAUTION",NORMAL,CAUTION,EXECUTE,REDUCE_SIZE,2.042796,0.181926,0.36,0.916206,1e7169d974d9d01c82bb6e0fc6f85ce6bed4894e1d612bb2878b9cf7f7063fc4
2026-05-29T14:24:56.203424+00:00,SOL/USDT,IMBALANCE_SPIKE,NORMAL,NORMAL,EXECUTE,EXECUTE,-0.001222,0.055653,0.22,0.515653,a84885202990b10e7570526b550549220af0a5b8e4c9b08feaeb92c344a27019
2026-05-29T14:24:56.203424+00:00,LINK/USDT,SPREAD_EXPANDING_FAST,CAUTION,CAUTION,REDUCE_SIZE,REDUCE_SIZE,2.260015,0.094522,-0.02,0.670523,ce87b4c8854127e94bdb43542adf2960c76e34922ce316fce0b6424481f39e51
2026-05-29T14:25:39.532196+00:00,BTC/USDT,IMBALANCE_SPIKE,CAUTION,CAUTION,REDUCE_SIZE,REDUCE_SIZE,1.2e-05,0.095,0.38,0.635001,1285ab3cda4c145d8e245d213911abb26aed51a7445f6a62d87c541508aa0218
2026-05-29T14:25:39.532196+00:00,ETH/USDT,IMBALANCE_SPIKE,NORMAL,NORMAL,EXECUTE,EXECUTE,5.9e-05,-0.07874,0.32,0.510006,ae87850fea46d164539fa1521991d8aa4bf33fc7995d67f5c9e3f1118732d5fb
2026-05-29T14:25:39.532196+00:00,DOGE/USDT,REGIME_TRANSITION_CAUTION_TO_NORMAL,CAUTION,NORMAL,REDUCE_SIZE,EXECUTE,-1.019521,-0.115905,-0.28,0.35,fe24ddce7e6a5655b7f483ea13a8197c8478ca6a55375995c90845c1fb2b19b8
2026-05-29T14:25:39.532196+00:00,ADA/USDT,REGIME_TRANSITION_HIGH_STRESS_TO_CAUTION,HIGH_STRESS,CAUTION,PAUSE,REDUCE_SIZE,-4.313114,-0.174041,0.08,0.39,5b6fe4fdf737d9f798c233688df7e42b6e63d4fd8ce553739de2f1288e02ea9e
2026-05-29T14:25:39.532196+00:00,AVAX/USDT,"SPREAD_EXPANDING_FAST,REGIME_TRANSITION_NORMAL_TO_CAUTION",NORMAL,CAUTION,EXECUTE,REDUCE_SIZE,2.295123,0.139562,0.12,0.779074,0ed977c5b792f1f99a6636edaedb8d2435f47021eeb6d5091318c2f8f50aebf9
2026-05-29T14:25:39.532196+00:00,TON/USDT,"STRESS_SCORE_JUMP,IMBALANCE_SPIKE,REGIME_TRANSITION_NORMAL_TO_CAUTION",NORMAL,CAUTION,EXECUTE,REDUCE_SIZE,1.177362,0.191749,0.56,0.939485,4d2c19b85f8877116d52917a72e0e69b3d45dc6980e6a7628c1a70c2063fb074
2026-05-29T14:26:20.042254+00:00,BTC/USDT,"IMBALANCE_SPIKE,REGIME_TRANSITION_CAUTION_TO_HIGH_STRESS",CAUTION,HIGH_STRESS,REDUCE_SIZE,PAUSE,3e-06,0.065001,0.26,0.545001,f6c562f9b6429db270d07d66bc224fe07e6bf44cdc9922492f044b79d7a82ac3
2026-05-29T14:26:20.042254+00:00,DOGE/USDT,"SPREAD_EXPANDING_FAST,REGIME_TRANSITION_NORMAL_TO_CAUTION",NORMAL,CAUTION,EXECUTE,REDUCE_SIZE,2.053059,0.117389,0.1,0.722695,5eaa0451defb621e79a0cc1e1ec5e07eb74afd1df524bd2f1a8ad50024315b14
2026-05-29T14:26:20.042254+00:00,AVAX/USDT,"SPREAD_EXPANDING_FAST,STRESS_SCORE_JUMP,IMBALANCE_SPIKE,REGIME_TRANSITION_CAUTION_TO_HIGH_STRESS",CAUTION,HIGH_STRESS,REDUCE_SIZE,PAUSE,4.626159,0.297312,0.38,1.0,dc6914ea2acd59326b0bde8e29205db6914693faef8b78252cc326959fd12a8a
2026-05-29T14:26:20.042254+00:00,TON/USDT,SPREAD_EXPANDING_FAST,CAUTION,CAUTION,REDUCE_SIZE,REDUCE_SIZE,2.346021,-0.045542,-0.6,0.584602,e3d8774c9ad645823626cd1525dc5dca100a621ae0464d344e9225f341be6482
2026-05-29T14:27:00.106956+00:00,BTC/USDT,REGIME_TRANSITION_HIGH_STRESS_TO_CAUTION,HIGH_STRESS,CAUTION,PAUSE,REDUCE_SIZE,1.6e-05,-0.235,-0.94,0.350002,244408f1f13a12eae253592bf4c3ecfb8585f4529cd6583e3cab4ec7cd725b6d
2026-05-29T14:27:00.106956+00:00,SOL/USDT,IMBALANCE_SPIKE,NORMAL,NORMAL,EXECUTE,EXECUTE,0.001851,0.050989,0.22,0.511174,e4e536eb3b6e2cce944626ea9853e48b0d49f20386ff1ab1ffb4b972290cb913
2026-05-29T14:27:00.106956+00:00,DOGE/USDT,REGIME_TRANSITION_CAUTION_TO_NORMAL,CAUTION,NORMAL,REDUCE_SIZE,EXECUTE,-2.050441,-0.202226,-0.44,0.35,e34d70c2d4ba811fde71299afeae397a15bede74fb3ec3eea75927e58ff877c8
2026-05-29T14:27:00.106956+00:00,AVAX/USDT,REGIME_TRANSITION_HIGH_STRESS_TO_CAUTION,HIGH_STRESS,CAUTION,PAUSE,REDUCE_SIZE,-6.905543,-0.322,-0.06,0.35,892be858e1aeba97da2fc0791fbd4ef55ba8b5d3065f6213bd6b667d8d34497d
2026-05-29T14:27:00.106956+00:00,LINK/USDT,SPREAD_EXPANDING_FAST,CAUTION,CAUTION,REDUCE_SIZE,REDUCE_SIZE,3.406187,0.13837,-0.06,0.828989,3b97726561c412df630dab5848a94aeca066b2029b2f5dcb563e181e64e24c1b
2026-05-29T14:27:00.106956+00:00,TON/USDT,IMBALANCE_SPIKE,CAUTION,CAUTION,REDUCE_SIZE,REDUCE_SIZE,-0.012342,0.098283,0.38,0.638283,f37374dcfb2937a66d3ca512b123cf63cb7860b0ee51310e0f43fd33d61611a0
2026-05-29T14:27:39.071095+00:00,BTC/USDT,IMBALANCE_SPIKE,CAUTION,CAUTION,REDUCE_SIZE,REDUCE_SIZE,-8e-06,0.07,0.28,0.56,61db79c3871486d89d0af1713e4fbf0b8e830e9c2dd9caa56d95e125b2270233
2026-05-29T14:27:39.071095+00:00,ETH/USDT,"STRESS_SCORE_JUMP,IMBALANCE_SPIKE,REGIME_TRANSITION_NORMAL_TO_CAUTION",NORMAL,CAUTION,EXECUTE,REDUCE_SIZE,-4.1e-05,0.294667,0.92,1.0,3e2c059820a28d56319d326ed14f80725cc9f05602ea0e657e7d344b0e49793f
2026-05-29T14:27:39.071095+00:00,AVAX/USDT,"SPREAD_EXPANDING_FAST,STRESS_SCORE_JUMP",CAUTION,CAUTION,REDUCE_SIZE,REDUCE_SIZE,4.592685,0.192598,-0.04,1.0,3d574fb27fcf31306d8439b9ca164ada05b91bfa266e8faa4e7d56d5f1c9c2c0
2026-05-29T14:28:19.929740+00:00,ETH/USDT,REGIME_TRANSITION_CAUTION_TO_NORMAL,CAUTION,NORMAL,REDUCE_SIZE,EXECUTE,-5.4e-05,-0.168142,-0.54,0.35,78573e3b808bab0d11d4005dc7808406d3edd2f5b38cb5b72e63a1d64a721bf1
2026-05-29T14:28:19.929740+00:00,XRP/USDT,"STRESS_SCORE_JUMP,IMBALANCE_SPIKE,REGIME_TRANSITION_CAUTION_TO_HIGH_STRESS",CAUTION,HIGH_STRESS,REDUCE_SIZE,PAUSE,-0.011843,0.164457,0.66,0.844457,24275b9b84ea9f43ff3afe6eceeeacd1d095e8e0f8969f738246b6fd404df1c1
2026-05-29T14:28:19.929740+00:00,LINK/USDT,REGIME_TRANSITION_CAUTION_TO_NORMAL,CAUTION,NORMAL,REDUCE_SIZE,EXECUTE,-2.274776,-0.141529,-0.2,0.35,3e44a3daa3ae3937139f9819f14ea5dc3bdb792167972339bb42c069ae4ea975
2026-05-29T14:28:58.286878+00:00,ETH/USDT,"IMBALANCE_SPIKE,REGIME_TRANSITION_NORMAL_TO_CAUTION",NORMAL,CAUTION,EXECUTE,REDUCE_SIZE,-5.7e-05,0.118508,0.54,0.738508,7e63c500e09440bd96ac52e9935fc16b55c4d9667b9b4baeb734ed92a9dadb41
2026-05-29T14:28:58.286878+00:00,SOL/USDT,IMBALANCE_SPIKE,NORMAL,NORMAL,EXECUTE,EXECUTE,-0.001994,0.051419,0.22,0.511419,bee06556adffa8d8583ab663b494c472ae5010c1b0fb297ec9ddf9e2009f2e8e
2026-05-29T14:28:58.286878+00:00,BNB/USDT,REGIME_TRANSITION_CAUTION_TO_NORMAL,CAUTION,NORMAL,REDUCE_SIZE,EXECUTE,-0.001501,-0.20536,-0.06,0.35,9377fdc5193084d71056de4a1e7086fc2931ac7c5a3cc83ff46fefc1f547ffa5
2026-05-29T14:28:58.286878+00:00,AVAX/USDT,REGIME_TRANSITION_CAUTION_TO_NORMAL,CAUTION,NORMAL,REDUCE_SIZE,EXECUTE,-4.58609,-0.243182,-0.16,0.35,243299b164bdab90915d7f9204d1807c95d278500717a8ab2f0bee5f909191cd
2026-05-29T14:28:58.286878+00:00,TON/USDT,SPREAD_EXPANDING_FAST,CAUTION,CAUTION,REDUCE_SIZE,REDUCE_SIZE,2.306872,0.10345,0.0,0.684137,ea5ca2a9cddc4050175af8191d77dd307dfd703d3a9c50293207f49423bab47b
2026-05-29T14:29:37.477961+00:00,BTC/USDT,IMBALANCE_SPIKE,CAUTION,CAUTION,REDUCE_SIZE,REDUCE_SIZE,-6e-06,-0.056325,0.62,0.66,f137e696dd91e75fed35abeeadbba3cf69d2802cbd8442be6c9fd2f633c51648
2026-05-29T14:29:37.477961+00:00,ETH/USDT,REGIME_TRANSITION_CAUTION_TO_NORMAL,CAUTION,NORMAL,REDUCE_SIZE,EXECUTE,-2.2e-05,-0.113157,-0.4,0.35,982b93a9698af3c1fa2663a323b6fbedff5f5597bdfea0fca99cfdbb5b69acfc
2026-05-29T14:29:37.477961+00:00,BNB/USDT,REGIME_TRANSITION_NORMAL_TO_CAUTION,NORMAL,CAUTION,EXECUTE,REDUCE_SIZE,-0.000749,0.120675,-0.08,0.470675,92e07c97c10ef83a7a7c7ad6a6e8bbf97a43f480759d023b0bd255692f4de801
2026-05-29T14:29:37.477961+00:00,XRP/USDT,REGIME_TRANSITION_HIGH_STRESS_TO_CAUTION,HIGH_STRESS,CAUTION,PAUSE,REDUCE_SIZE,0.0,-0.044999,-0.18,0.35,9dcd1c6c2833bc11271e849a9749ca7dc7b2a29e4af7392afaa3f667e3800312
2026-05-29T14:29:37.477961+00:00,ADA/USDT,REGIME_TRANSITION_CAUTION_TO_NORMAL,CAUTION,NORMAL,REDUCE_SIZE,EXECUTE,0.0,-0.024998,-0.1,0.35,7a8ce1125def74f87f7f2d4d293174d8194077085f302a7d04324ac0b8e87d97
2026-05-29T14:29:37.477961+00:00,AVAX/USDT,REGIME_TRANSITION_NORMAL_TO_CAUTION,NORMAL,CAUTION,EXECUTE,REDUCE_SIZE,1.1424,0.097257,-0.1,0.561497,ffe25d658addab236ae18c3baf11fd2d9ce39860d3396eed6e71d9f48ae7b9cd
2026-05-29T14:29:37.477961+00:00,LINK/USDT,SPREAD_EXPANDING_FAST,NORMAL,NORMAL,EXECUTE,EXECUTE,2.258355,0.096053,-0.04,0.671888,6e26fe3c648315389c05f1c37ed080943512f836b9cda89b656b02874f702c5f
2026-05-29T14:30:20.180572+00:00,BTC/USDT,STRESS_SCORE_JUMP,CAUTION,CAUTION,REDUCE_SIZE,REDUCE_SIZE,-5e-06,0.166325,-0.18,0.516325,ced7ecb63bca49c3411bb0e297b0594f693d1d658f615d8f7bd752158a0695a7
2026-05-29T14:30:20.180572+00:00,AVAX/USDT,REGIME_TRANSITION_CAUTION_TO_NORMAL,CAUTION,NORMAL,REDUCE_SIZE,EXECUTE,-2.284538,-0.172589,0.0,0.35,db876977f65672e4a111942392f47de1bce49cdfa08e3c82806cde9d56871ff5
2026-05-29T14:30:20.180572+00:00,LINK/USDT,REGIME_TRANSITION_NORMAL_TO_CAUTION,NORMAL,CAUTION,EXECUTE,REDUCE_SIZE,1.135502,0.083576,0.14,0.617126,a92e0f2509eae00c06e983cd5d6ec3cac317d267dcab1f64db4d045939e8ba49
2026-05-29T14:31:00.764389+00:00,SOL/USDT,IMBALANCE_SPIKE,NORMAL,NORMAL,EXECUTE,EXECUTE,0.001991,0.056162,0.24,0.526361,78e04b6357b43aedbfefa9ebaacdbe6cc3091f2eaf5a381999ec06a715485fa7
2026-05-29T14:31:00.764389+00:00,BNB/USDT,REGIME_TRANSITION_CAUTION_TO_NORMAL,CAUTION,NORMAL,REDUCE_SIZE,EXECUTE,1.581901,-0.106206,0.02,0.51819,5542c6492792aad2467c7b359a6fffc3f82693e143a84f447abd8a69f129dae5
2026-05-29T14:31:00.764389+00:00,XRP/USDT,SPREAD_EXPANDING_FAST,CAUTION,CAUTION,REDUCE_SIZE,REDUCE_SIZE,7.677541,0.11977,0.06,1.0,b174cbeac98a5fbb3466bb684c0f17d7874fc433ab10cf5b3e9e522c8b765990
2026-05-29T14:31:00.764389+00:00,DOGE/USDT,IMBALANCE_SPIKE,NORMAL,NORMAL,EXECUTE,EXECUTE,0.000208,0.05997,0.24,0.529991,fbc2ed39363c79757e140d99f93fe34169964c5349556ef19d61de56fb642204
2026-05-29T14:31:00.764389+00:00,AVAX/USDT,"SPREAD_EXPANDING_FAST,STRESS_SCORE_JUMP,REGIME_TRANSITION_NORMAL_TO_CAUTION",NORMAL,CAUTION,EXECUTE,REDUCE_SIZE,4.576659,0.195557,-0.02,1.0,0a66cc120b60cc74d46b7aa281c1c5ae490e61f009427e10c0e6c2e83b3dc2a2
2026-05-29T14:31:00.764389+00:00,LINK/USDT,REGIME_TRANSITION_CAUTION_TO_NORMAL,CAUTION,NORMAL,REDUCE_SIZE,EXECUTE,-3.393473,-0.14991,0.0,0.35,ee147f38ef34fb094d746f064051105cc05d9734e70954f242f76110e368a721
2026-05-29T14:31:42.550776+00:00,BTC/USDT,REGIME_TRANSITION_CAUTION_TO_HIGH_STRESS,CAUTION,HIGH_STRESS,REDUCE_SIZE,PAUSE,1.7e-05,0.035,0.14,0.455002,1eae1a07b95fcfb1aa0c1c83a7cc2510517a624da8fa5b2e255fcdd6a9ea077d
2026-05-29T14:31:42.550776+00:00,ETH/USDT,IMBALANCE_SPIKE,NORMAL,NORMAL,EXECUTE,EXECUTE,2e-05,0.081639,0.26,0.561641,a514b9c2062c233e188c76e9ac52f83b7181bd1683434408711fd43c643ce579
2026-05-29T14:31:42.550776+00:00,AVAX/USDT,REGIME_TRANSITION_CAUTION_TO_NORMAL,CAUTION,NORMAL,REDUCE_SIZE,EXECUTE,-4.575742,-0.208617,-0.04,0.35,dfce9d054ca5c0e51fa3046cb9cddd6e46f7e96926d9f2856a0812da315bee3c
2026-05-29T14:31:42.550776+00:00,LINK/USDT,SPREAD_EXPANDING_FAST,NORMAL,NORMAL,EXECUTE,EXECUTE,3.394497,0.127965,-0.08,0.817415,0de2549310d40e8e634a159a14265c0f976a018dab02c18aa3578516709ac0f1
2026-05-29T14:31:42.550776+00:00,TON/USDT,REGIME_TRANSITION_CAUTION_TO_NORMAL,CAUTION,NORMAL,REDUCE_SIZE,EXECUTE,-1.15341,-0.088075,-0.14,0.35,bb6c3aad1e7371a1ec93f9d8166378c2750d68a95a4a6d2471960b7bd4f6902a
2026-05-29T14:32:23.443517+00:00,BTC/USDT,REGIME_TRANSITION_HIGH_STRESS_TO_CAUTION,HIGH_STRESS,CAUTION,PAUSE,REDUCE_SIZE,-7e-06,-0.115,-0.46,0.35,6541b91c15787bb7dde0ee1b0fd2c1ca21c68563be444db2cee6efbd63be7c53
2026-05-29T14:32:23.443517+00:00,SOL/USDT,IMBALANCE_SPIKE,NORMAL,NORMAL,EXECUTE,EXECUTE,-0.001532,0.122373,0.5,0.722373,1da4c1e78c0cca2e7350e9e3d6ec170ede32475e469a99bd3b14c86293eeebc7
2026-05-29T14:32:23.443517+00:00,DOGE/USDT,IMBALANCE_SPIKE,NORMAL,NORMAL,EXECUTE,EXECUTE,-0.000729,0.054933,0.22,0.514933,4a1d8cd8ccec390e9f051b292d41e4fa2f16385afea2d6d96ee5351560bb20ee
2026-05-29T14:32:23.443517+00:00,ADA/USDT,"SPREAD_EXPANDING_FAST,STRESS_SCORE_JUMP,REGIME_TRANSITION_NORMAL_TO_CAUTION",NORMAL,CAUTION,EXECUTE,REDUCE_SIZE,4.316847,0.189219,-0.02,0.970904,93d89728e4e60679464537669bf896dbc4a8e49d4f41258e073d54122c54bc13
2026-05-29T14:32:23.443517+00:00,AVAX/USDT,SPREAD_EXPANDING_FAST,NORMAL,NORMAL,EXECUTE,EXECUTE,3.430334,0.135204,-0.04,0.828237,088b4352a4b0842493aa0a8800ab136169d5c62800e9746bcfd5cf42ee60cb8d
2026-05-29T14:33:06.604398+00:00,BTC/USDT,IMBALANCE_SPIKE,CAUTION,CAUTION,REDUCE_SIZE,REDUCE_SIZE,-5e-06,0.065,0.26,0.545,cd85b8bea6ad2443af76b01143d4d4437144ec3fbc9a7794b5033d38eec21bd5
2026-05-29T14:33:06.604398+00:00,ETH/USDT,"STRESS_SCORE_JUMP,REGIME_TRANSITION_NORMAL_TO_CAUTION",NORMAL,CAUTION,EXECUTE,REDUCE_SIZE,4.6e-05,0.186243,0.12,0.596248,a5ad809dc77c123d3ba69315ee01ce0b7163de725744311e9206da7faaf612dc
2026-05-29T14:33:06.604398+00:00,ADA/USDT,REGIME_TRANSITION_CAUTION_TO_NORMAL,CAUTION,NORMAL,REDUCE_SIZE,EXECUTE,-4.314975,-0.179158,0.06,0.38,10bc1d50db045a6c8147e880f9e6289429c1b3690c631fb52238d7f70635e753
2026-05-29T14:33:46.637839+00:00,ETH/USDT,IMBALANCE_SPIKE,CAUTION,CAUTION,REDUCE_SIZE,REDUCE_SIZE,-3.1e-05,-0.027153,0.42,0.56,c6fbde4447af68f3078dbd32a54b800a067d79ec8fb5621f39975ef2cad8e687
2026-05-29T14:33:46.637839+00:00,LINK/USDT,"SPREAD_EXPANDING_FAST,STRESS_SCORE_JUMP,REGIME_TRANSITION_NORMAL_TO_CAUTION",NORMAL,CAUTION,EXECUTE,REDUCE_SIZE,3.386952,0.187358,0.14,0.946053,27a9affd53bf2e9f8a28a8d54e704e34f60455c8c5cf8abf107187831fd70537
2026-05-29T14:34:49.417213+00:00,ETH/USDT,REGIME_TRANSITION_CAUTION_TO_NORMAL,CAUTION,NORMAL,REDUCE_SIZE,EXECUTE,-9.7e-05,-0.053666,-0.24,0.35,cc48441827e2fa6dab0cddf9d7bada433a4220feaeba44cb241536a1f0115109
2026-05-29T14:34:49.417213+00:00,SOL/USDT,IMBALANCE_SPIKE,NORMAL,NORMAL,EXECUTE,EXECUTE,-0.002597,0.133086,0.54,0.753086,cc74726ea6dcb23464d1cbd3a450942dfd52b776a81ee9ff8f4175820567de04
2026-05-29T14:34:49.417213+00:00,BNB/USDT,"STRESS_SCORE_JUMP,REGIME_TRANSITION_NORMAL_TO_CAUTION",NORMAL,CAUTION,EXECUTE,REDUCE_SIZE,-0.003739,0.191328,0.14,0.611328,824875a6c1fa45243abe9d5b61a8a56cd3683c9bc3c471ddce75865a1721b71f
2026-05-29T14:34:49.417213+00:00,XRP/USDT,IMBALANCE_SPIKE,CAUTION,CAUTION,REDUCE_SIZE,REDUCE_SIZE,-0.00589,0.054732,0.22,0.514732,d291b443d0244f8cc14e79f3dc1e63be9ee5ae687c0dd80a3a0f34881aa52684
2026-05-29T14:34:49.417213+00:00,ADA/USDT,"SPREAD_EXPANDING_FAST,STRESS_SCORE_JUMP,REGIME_TRANSITION_NORMAL_TO_CAUTION",NORMAL,CAUTION,EXECUTE,REDUCE_SIZE,4.309396,0.203895,0.04,1.0,44b9778e75b8b0854b267647b249a86924fc11de4e1e42f12e81c0cb4519b77e
2026-05-29T14:34:49.417213+00:00,LINK/USDT,REGIME_TRANSITION_CAUTION_TO_NORMAL,CAUTION,NORMAL,REDUCE_SIZE,EXECUTE,-5.653098,-0.218886,0.12,0.41,8a69f5c198598f53264e713b8fd13b9a454817c0f8f4bb3e7fcae89573c2522f
2026-05-29T14:35:42.940833+00:00,ETH/USDT,IMBALANCE_SPIKE,NORMAL,NORMAL,EXECUTE,EXECUTE,-2.2e-05,0.031013,0.2,0.481013,37bb158dc8b798bf98b3d3d868f1f8731ea639477d1a7b3ed96de14c6e812180
2026-05-29T14:35:42.940833+00:00,ADA/USDT,REGIME_TRANSITION_CAUTION_TO_NORMAL,CAUTION,NORMAL,REDUCE_SIZE,EXECUTE,-4.31313,-0.209039,-0.06,0.35,c48922418a8eb3edf4aa41863d4c9b80fe2b6637184f6a62b7c03d3b98f5100a
2026-05-29T14:35:42.940833+00:00,AVAX/USDT,SPREAD_EXPANDING_FAST,NORMAL,NORMAL,EXECUTE,EXECUTE,2.283887,0.099665,0.0,0.678054,45ba7851b113cf93e61aeab84b0df713984a27075835da45fa9611f6bcfe1b09
2026-05-29T14:35:42.940833+00:00,LINK/USDT,SPREAD_EXPANDING_FAST,NORMAL,NORMAL,EXECUTE,EXECUTE,2.257718,0.086563,-0.04,0.662335,8a7de3776c59966eab15b007c478baad5fb89e5faa8686a145571aa2c443f07f
2026-05-29T14:35:42.940833+00:00,TON/USDT,SPREAD_EXPANDING_FAST,NORMAL,NORMAL,EXECUTE,EXECUTE,2.901123,0.111588,-0.06,0.7517,233b0536af875993255cbcfd2b31feb7809d384ff83bb32d5baa258d668d337b
2026-05-29T14:36:41.867516+00:00,SOL/USDT,IMBALANCE_SPIKE,NORMAL,NORMAL,EXECUTE,EXECUTE,0.001222,0.068364,0.28,0.558486,00228e2d5920872d99082f5d4eede8287d0bfee6af1cfeccf3bb9d0290959cfe
2026-05-29T14:36:41.867516+00:00,BNB/USDT,REGIME_TRANSITION_CAUTION_TO_NORMAL,CAUTION,NORMAL,REDUCE_SIZE,EXECUTE,0.000747,-0.10975,-0.02,0.350075,1973965a1f8549db2a90a121289c06f0b220f838355176ba8b50b202260202a1
2026-05-29T14:36:41.867516+00:00,XRP/USDT,IMBALANCE_SPIKE,CAUTION,CAUTION,REDUCE_SIZE,REDUCE_SIZE,0.017697,0.100798,0.4,0.652568,46e6b85ea9adbc63024741c133beb69015b167c2fa7d4abd7fc19dcf7678e113
2026-05-29T14:37:39.107466+00:00,ETH/USDT,IMBALANCE_SPIKE,NORMAL,NORMAL,EXECUTE,EXECUTE,-1.4e-05,0.044177,0.36,0.574177,a4004827aaf99bbbc832045e0532b5a277699073b8437f1400f02b5062869f00
2026-05-29T14:37:39.107466+00:00,BNB/USDT,REGIME_TRANSITION_NORMAL_TO_CAUTION,NORMAL,CAUTION,EXECUTE,REDUCE_SIZE,-0.000498,0.071981,-0.02,0.421981,ab2a6f97c696d0a3ff7f728047308eaefbdf1e48f1461b696349a4cfe4ed574f
2026-05-29T14:37:39.107466+00:00,ADA/USDT,"SPREAD_EXPANDING_FAST,STRESS_SCORE_JUMP,REGIME_TRANSITION_NORMAL_TO_CAUTION",NORMAL,CAUTION,EXECUTE,REDUCE_SIZE,4.322455,0.214489,0.08,1.0,b7c884bbb33d34a160867452039cdb559d1fe654e68efb58f326171566087603
2026-05-29T14:38:37.768079+00:00,DOGE/USDT,IMBALANCE_SPIKE,NORMAL,NORMAL,EXECUTE,EXECUTE,0.000727,0.135037,0.54,0.75511,ce435bb6fb3ab3632d4f134a2a520cd407c57c8fb6ec77a39003f1a2a1844c78
2026-05-29T14:38:37.768079+00:00,ADA/USDT,REGIME_TRANSITION_CAUTION_TO_NORMAL,CAUTION,NORMAL,REDUCE_SIZE,EXECUTE,-4.320584,-0.189394,0.02,0.36,eb2806247128600a513be0d035d98a0b1d36a52d6d18b90daf964c57cc9583b8
2026-05-29T14:39:38.552110+00:00,BTC/USDT,IMBALANCE_SPIKE,CAUTION,CAUTION,REDUCE_SIZE,REDUCE_SIZE,4e-06,0.08,0.32,0.59,61d558f37d52cfeb13d2cda78223709a7b3ce2f12c66e25af0ed87b3dc60d818
2026-05-29T14:39:38.552110+00:00,BNB/USDT,REGIME_TRANSITION_CAUTION_TO_NORMAL,CAUTION,NORMAL,REDUCE_SIZE,EXECUTE,0.001248,-0.218157,-0.14,0.350125,3c6c0f3b2bb7db830b331f6de5627413ff847909be83d900c882007512ab50ed
2026-05-29T14:39:38.552110+00:00,ADA/USDT,"SPREAD_EXPANDING_FAST,STRESS_SCORE_JUMP,REGIME_TRANSITION_NORMAL_TO_CAUTION",NORMAL,CAUTION,EXECUTE,REDUCE_SIZE,4.335563,0.210075,0.06,1.0,cb7c94592a47b0f8307cda5e7ce782f6c152c72de30b6b8193ab8609e41520ab
2026-05-29T14:40:43.666646+00:00,ETH/USDT,IMBALANCE_SPIKE,NORMAL,NORMAL,EXECUTE,EXECUTE,-1e-06,0.044976,0.34,0.564976,8f8bc277323b02f1e44dc79025e0a456b448976899b28d276a0144357865305b
2026-05-29T14:40:43.666646+00:00,BNB/USDT,IMBALANCE_SPIKE,NORMAL,NORMAL,EXECUTE,EXECUTE,0.0,0.070286,0.22,0.530286,17ec1e4b978b398dac6841b9375e717e13c68f95932048b17326980cb64ba1e1
2026-05-29T14:40:43.666646+00:00,ADA/USDT,IMBALANCE_SPIKE,CAUTION,CAUTION,REDUCE_SIZE,REDUCE_SIZE,-4.331817,-0.139922,0.22,0.46,e3a4407562018f02322110429d4ece5a0f2b2a10c706b0ecc35f3bc45fee098e
2026-05-29T14:40:43.666646+00:00,AVAX/USDT,"SPREAD_EXPANDING_FAST,STRESS_SCORE_JUMP,REGIME_TRANSITION_NORMAL_TO_CAUTION",NORMAL,CAUTION,EXECUTE,REDUCE_SIZE,3.444119,0.161096,0.04,0.875508,ef41cef9c57678eabbc4ba7b012de01608772d42fafb2d4d4c26f1927e63727b
2026-05-29T14:40:43.666646+00:00,TON/USDT,SPREAD_EXPANDING_FAST,NORMAL,NORMAL,EXECUTE,EXECUTE,2.909362,0.126489,-0.02,0.767425,2d2922ae0e76fa8cdbe6d0e2ffc04ab27cb43508440fbcddafef13253ecfff0a
2026-05-29T14:41:39.292338+00:00,BTC/USDT,IMBALANCE_SPIKE,CAUTION,CAUTION,REDUCE_SIZE,REDUCE_SIZE,4e-06,0.06,0.24,0.53,4e2a78e8dfd27378b8bc9a64be4e9b277332d707f86a64083a132e941723432e
2026-05-29T14:41:39.292338+00:00,AVAX/USDT,REGIME_TRANSITION_CAUTION_TO_NORMAL,CAUTION,NORMAL,REDUCE_SIZE,EXECUTE,-3.442536,-0.154236,0.02,0.36,916ce1cb208c0e630b0783ac516c17ebe80d5562d9916a1845f1dc1cd0bd9054
2026-05-29T14:41:39.292338+00:00,LINK/USDT,"SPREAD_EXPANDING_FAST,REGIME_TRANSITION_NORMAL_TO_CAUTION",NORMAL,CAUTION,EXECUTE,REDUCE_SIZE,2.26783,0.101447,0.0,0.67823,91bead7fd0b9afaaf0c44b029d3ebcba46babf49470f87cf61ccfc01d1d8e592
2026-05-29T14:42:29.415586+00:00,LINK/USDT,REGIME_TRANSITION_CAUTION_TO_NORMAL,CAUTION,NORMAL,REDUCE_SIZE,EXECUTE,-0.000771,-0.014962,-0.06,0.35,08a83f13162785760a49665a02afcd9dd5a81a543b7be0b5f99e8acb03da22bc
2026-05-29T14:43:29.172141+00:00,ETH/USDT,IMBALANCE_SPIKE,NORMAL,NORMAL,EXECUTE,EXECUTE,9.7e-05,0.11776,0.38,0.65777,bb3af64a91a9bac6cbfbf5c43b37a3ce65613fc42fe181a23cfae9f8120433a7
2026-05-29T14:43:29.172141+00:00,SOL/USDT,IMBALANCE_SPIKE,NORMAL,NORMAL,EXECUTE,EXECUTE,0.002457,0.098605,0.38,0.638851,b5cd20260078b758d49dce3d5efeb6f6d54861221ac88969dd61420c6a20c163
2026-05-29T14:43:29.172141+00:00,XRP/USDT,IMBALANCE_SPIKE,CAUTION,CAUTION,REDUCE_SIZE,REDUCE_SIZE,0.005926,0.085273,0.34,0.605866,a4a4bc954ad60ccf71300d4584835eb0c341bc4d4714c729997b778c79378203
2026-05-29T14:43:29.172141+00:00,AVAX/USDT,SPREAD_EXPANDING_FAST,NORMAL,NORMAL,EXECUTE,EXECUTE,2.309322,0.074361,-0.12,0.655293,dd2f41ca0cde935955caffbd3bcf650f9e83ffcc1b8b329da8f32f3117c35beb
2026-05-29T14:43:29.172141+00:00,LINK/USDT,REGIME_TRANSITION_NORMAL_TO_CAUTION,NORMAL,CAUTION,EXECUTE,REDUCE_SIZE,0.005402,0.010297,0.04,0.380837,d83e5f37fac6f5fd7400a3791a1086f1619b61407c6f4ab1cb09a3bcccbd7d98
2026-05-29T14:44:19.876815+00:00,AVAX/USDT,"SPREAD_EXPANDING_FAST,STRESS_SCORE_JUMP,REGIME_TRANSITION_NORMAL_TO_CAUTION",NORMAL,CAUTION,EXECUTE,REDUCE_SIZE,4.616936,0.195234,-0.06,1.0,d2cc240dd77d6780e0a419fb9f13cdc42089818fb7111c5609ae9652045e86ee
2026-05-29T14:44:19.876815+00:00,LINK/USDT,SPREAD_EXPANDING_FAST,CAUTION,CAUTION,REDUCE_SIZE,REDUCE_SIZE,2.274531,0.124926,0.08,0.742379,5337f31daf5abd10ad88dfaef44160c6be5cc9c4934a968f366f85976a4b9ca9
2026-05-29T14:45:11.105040+00:00,AVAX/USDT,REGIME_TRANSITION_CAUTION_TO_NORMAL,CAUTION,NORMAL,REDUCE_SIZE,EXECUTE,-6.921879,-0.332488,-0.1,0.35,1e08867a8c17634218d13784a737dfe80eece551f6528ea5e4d28e15463a41f8
2026-05-29T14:46:08.383454+00:00,BNB/USDT,REGIME_TRANSITION_NORMAL_TO_CAUTION,NORMAL,CAUTION,EXECUTE,REDUCE_SIZE,-0.000751,0.127718,-0.04,0.477718,ea72380df416b4de96ed0c6e0d263c57cbdeac420d77c260ed2fe30b99a04312
2026-05-29T14:46:08.383454+00:00,ADA/USDT,"SPREAD_EXPANDING_FAST,STRESS_SCORE_JUMP",CAUTION,CAUTION,REDUCE_SIZE,REDUCE_SIZE,4.331797,0.184826,-0.04,0.968006,743375264ba8066b34e2caae78450573f7ef280ec4d090a717790a44d4e99f48
2026-05-29T14:46:08.383454+00:00,LINK/USDT,REGIME_TRANSITION_CAUTION_TO_NORMAL,CAUTION,NORMAL,REDUCE_SIZE,EXECUTE,-2.274528,-0.157284,-0.22,0.35,ad339eebd8510cbfdc08ca85ba22a643e76f669e83a60f76c9790e0d077ad784
2026-05-29T14:47:07.802188+00:00,ETH/USDT,IMBALANCE_SPIKE,NORMAL,NORMAL,EXECUTE,EXECUTE,-2.4e-05,0.008445,0.24,0.478445,22c5be1ec20ebd31a8d80b161f1298ff8e897a4b0fdc2c5743972edce4945ca4
2026-05-29T14:47:07.802188+00:00,BNB/USDT,REGIME_TRANSITION_CAUTION_TO_NORMAL,CAUTION,NORMAL,REDUCE_SIZE,EXECUTE,0.00025,-0.056667,-0.02,0.350025,18124cf9f4417caca9a17551f89595c2d2c237440a9e917dc3439db648706930
2026-05-29T14:47:07.802188+00:00,AVAX/USDT,"SPREAD_EXPANDING_FAST,STRESS_SCORE_JUMP,REGIME_TRANSITION_NORMAL_TO_CAUTION",NORMAL,CAUTION,EXECUTE,REDUCE_SIZE,4.609622,0.206246,0.0,1.0,0b545278cc66f2c513bfc2bf6a14629836b2f015647be5b4edb281d13276528e
2026-05-29T14:49:22.908264+00:00,XRP/USDT,IMBALANCE_SPIKE,CAUTION,CAUTION,REDUCE_SIZE,REDUCE_SIZE,-0.023723,0.053932,0.22,0.513932,d2c5f5ce5f53b9d9f403c72b99725b6d9d918686869259689a26fc3227a4d0ad
2026-05-29T14:49:22.908264+00:00,ADA/USDT,IMBALANCE_SPIKE,CAUTION,CAUTION,REDUCE_SIZE,REDUCE_SIZE,-0.013107,0.114396,0.46,0.694396,bdeb14f7fe969cefdae04a554b2f663f86b209de5f4dd4bdcb424f2dbdc225e2
2026-05-29T14:49:22.908264+00:00,AVAX/USDT,REGIME_TRANSITION_CAUTION_TO_NORMAL,CAUTION,NORMAL,REDUCE_SIZE,EXECUTE,-3.465172,-0.161283,-0.02,0.35,06181baacf7b88e2519dba8df068d8b4a6026051f5764c2032d10177989954bf
2026-05-29T14:49:22.908264+00:00,TON/USDT,"IMBALANCE_SPIKE,REGIME_TRANSITION_NORMAL_TO_CAUTION",NORMAL,CAUTION,EXECUTE,REDUCE_SIZE,1.149029,0.126631,0.3,0.741534,9c1c1e0f96f130f60513468afb03570befc851028ee920e14f501043ba6c0885
2026-05-29T14:50:20.209579+00:00,BTC/USDT,"IMBALANCE_SPIKE,REGIME_TRANSITION_CAUTION_TO_HIGH_STRESS",CAUTION,HIGH_STRESS,REDUCE_SIZE,PAUSE,-1.3e-05,0.11,0.44,0.68,a921a3f10d7643837747cd33e27d0c1b7c7d259613d8834e1dc407c201f64b66
2026-05-29T14:50:20.209579+00:00,ETH/USDT,"IMBALANCE_SPIKE,REGIME_TRANSITION_NORMAL_TO_CAUTION",NORMAL,CAUTION,EXECUTE,REDUCE_SIZE,-0.000106,0.123739,0.42,0.683739,6f64446e78832a508492a9a5645f0e602fe0e3182072d2b7c3399fe3d85c326e
2026-05-29T14:50:20.209579+00:00,BNB/USDT,"STRESS_SCORE_JUMP,REGIME_TRANSITION_NORMAL_TO_CAUTION",NORMAL,CAUTION,EXECUTE,REDUCE_SIZE,0.0,0.193148,0.04,0.563148,5ba51813051ce082a071c0d84df7222b65745f4d97527c2b37e5e80434857429
2026-05-29T14:50:20.209579+00:00,DOGE/USDT,IMBALANCE_SPIKE,NORMAL,NORMAL,EXECUTE,EXECUTE,-0.000104,0.060014,0.24,0.530014,1db5977226663fb1275d1c847f264a041fb82a5908ff89ac4511b4f11b44e102
2026-05-29T14:50:20.209579+00:00,ADA/USDT,"SPREAD_EXPANDING_FAST,REGIME_TRANSITION_CAUTION_TO_HIGH_STRESS",CAUTION,HIGH_STRESS,REDUCE_SIZE,PAUSE,4.322455,0.134478,-0.24,0.916723,509c8850064e6af47fe7823cc1ed4f5de4026d236e6f74ae638eb843abe9095e
2026-05-29T14:51:24.576869+00:00,BTC/USDT,REGIME_TRANSITION_HIGH_STRESS_TO_CAUTION,HIGH_STRESS,CAUTION,PAUSE,REDUCE_SIZE,-2.1e-05,-0.140001,-0.56,0.35,60fadf32f40ffbc39082bdcb36e90a936011f12763416ae050d836b127144d0d
2026-05-29T14:51:24.576869+00:00,ETH/USDT,REGIME_TRANSITION_CAUTION_TO_NORMAL,CAUTION,NORMAL,REDUCE_SIZE,EXECUTE,-7.3e-05,-0.232434,-0.84,0.35,c0f87dad561bf96f72a6a4b37c16c81463b64d72e2882dd6b7f4b1fb57e685b3
2026-05-29T14:51:24.576869+00:00,SOL/USDT,IMBALANCE_SPIKE,NORMAL,NORMAL,EXECUTE,EXECUTE,-0.001985,0.086774,0.36,0.616774,8090706030f3b6081b6051a65490336b11a81fa6790c3baa08afaf0cf0a540e4
2026-05-29T14:51:24.576869+00:00,ADA/USDT,REGIME_TRANSITION_HIGH_STRESS_TO_CAUTION,HIGH_STRESS,CAUTION,PAUSE,REDUCE_SIZE,-4.322455,-0.229469,-0.14,0.35,3c1d3c45933dba97e9fe2a9096d03a61e52779bd6bfd1cc2f611a8e146ec6598
2026-05-29T14:51:24.576869+00:00,LINK/USDT,SPREAD_EXPANDING_FAST,NORMAL,NORMAL,EXECUTE,EXECUTE,2.260142,0.111293,0.04,0.707307,7102d0d97496927c5194a591e16a033569d0ed463063b61411a09ed23f23e9c9
2026-05-29T14:52:20.141599+00:00,ETH/USDT,"STRESS_SCORE_JUMP,IMBALANCE_SPIKE,REGIME_TRANSITION_NORMAL_TO_CAUTION",NORMAL,CAUTION,EXECUTE,REDUCE_SIZE,0.199917,0.235766,0.34,0.775758,98ddf06634918fbb3b45534500f1defa1867a96354023c3c30231bf90addb99d
2026-05-29T14:52:20.141599+00:00,BNB/USDT,IMBALANCE_SPIKE,CAUTION,CAUTION,REDUCE_SIZE,REDUCE_SIZE,-0.003233,0.122896,0.22,0.582896,b3906b4bd609722fd4ff60137add660240529fdd52d676a4dae77351cf9e7554
2026-05-29T14:52:20.141599+00:00,AVAX/USDT,"SPREAD_EXPANDING_FAST,STRESS_SCORE_JUMP,IMBALANCE_SPIKE,REGIME_TRANSITION_NORMAL_TO_CAUTION",NORMAL,CAUTION,EXECUTE,REDUCE_SIZE,2.278526,0.224206,0.48,1.0,0f1fedbb52061281cd69027678c27a7008d6657f54e13bcfbb2c08ff2f8539b7
2026-05-29T14:52:20.141599+00:00,LINK/USDT,"IMBALANCE_SPIKE,REGIME_TRANSITION_NORMAL_TO_CAUTION",NORMAL,CAUTION,EXECUTE,REDUCE_SIZE,-0.018672,0.125004,0.46,0.705004,05414e79487943bfbb354a6e1849fd0afabcf5fda0cdd849f69279606c5799dd
2026-05-29T14:53:13.223608+00:00,BTC/USDT,IMBALANCE_SPIKE,CAUTION,CAUTION,REDUCE_SIZE,REDUCE_SIZE,-8e-06,0.085,0.34,0.605,98fc9b8fde9ed355ba0fdacdf9252c4288cc5408f08a4c43b6231095d4fc21fd
2026-05-29T14:53:13.223608+00:00,ETH/USDT,REGIME_TRANSITION_CAUTION_TO_NORMAL,CAUTION,NORMAL,REDUCE_SIZE,EXECUTE,-0.200099,-0.190373,-0.18,0.35,0cc63cd1ba6022926c8dc9c2f1045c180e74563ba08a7b09d76eb57092b89ced
2026-05-29T14:53:13.223608+00:00,DOGE/USDT,IMBALANCE_SPIKE,NORMAL,NORMAL,EXECUTE,EXECUTE,-0.002346,0.079903,0.32,0.589903,91b7f8566e02c36e3e353b79448b8b61c123cb4dbffbe9560bc194965d2fdf80
2026-05-29T14:53:13.223608+00:00,AVAX/USDT,REGIME_TRANSITION_CAUTION_TO_NORMAL,CAUTION,NORMAL,REDUCE_SIZE,EXECUTE,-3.443296,-0.139581,0.04,0.37,d014ab6e569a9e79d2af464484182aa7410ca2385bf387b2584b2cdefcb1e2d6
2026-05-29T14:53:13.223608+00:00,LINK/USDT,REGIME_TRANSITION_CAUTION_TO_NORMAL,CAUTION,NORMAL,REDUCE_SIZE,EXECUTE,-0.004541,-0.111522,-0.42,0.35,9043ffa52ec843f5274dad4d07dec186855ea2405b6988966153d2927fdb7aef
2026-05-29T14:54:10.318856+00:00,ETH/USDT,IMBALANCE_SPIKE,NORMAL,NORMAL,EXECUTE,EXECUTE,3.6e-05,0.087375,0.3,0.587379,b10867427a0bd0aa4fb85cd0de18edd5a4f2be8ee0374ebcb16a625c57a4b0f5
2026-05-29T14:54:10.318856+00:00,AVAX/USDT,"SPREAD_EXPANDING_FAST,REGIME_TRANSITION_NORMAL_TO_CAUTION",NORMAL,CAUTION,EXECUTE,REDUCE_SIZE,2.291199,0.069909,-0.12,0.649029,6ed8ffe85d676242632bcf23b4ebff58284cecd5f9972d96f4f8c6f68a684a10
2026-05-29T14:54:10.318856+00:00,LINK/USDT,"SPREAD_EXPANDING_FAST,REGIME_TRANSITION_NORMAL_TO_CAUTION",NORMAL,CAUTION,EXECUTE,REDUCE_SIZE,2.251101,0.084301,-0.06,0.659411,02f03c688675e3dde6c807cdbf9874fb82deeaa5a2f6439c22d694dd927e8d3b
2026-05-29T14:55:08.044416+00:00,BNB/USDT,REGIME_TRANSITION_CAUTION_TO_NORMAL,CAUTION,NORMAL,REDUCE_SIZE,EXECUTE,0.001737,-0.241976,-0.02,0.350174,b28197e3f9792af84f5e700ab79d3273a6b6f6e378dc74add2e729e0887e394d
2026-05-29T14:55:08.044416+00:00,XRP/USDT,"IMBALANCE_SPIKE,REGIME_TRANSITION_CAUTION_TO_HIGH_STRESS",CAUTION,HIGH_STRESS,REDUCE_SIZE,PAUSE,0.011735,0.140533,0.56,0.771706,0aa20a141cf42decc5853c619117b52b64ccc5ea0ec1193e95bbaaff49a3fb3b
2026-05-29T14:55:08.044416+00:00,DOGE/USDT,IMBALANCE_SPIKE,NORMAL,NORMAL,EXECUTE,EXECUTE,0.00082,0.119993,0.48,0.710075,8dabbb346d33e4568f34e11718392f6c3c06096a7965f22dfd29b1c9d6f33de1
2026-05-29T14:55:08.044416+00:00,LINK/USDT,REGIME_TRANSITION_CAUTION_TO_NORMAL,CAUTION,NORMAL,REDUCE_SIZE,EXECUTE,-1.118349,-0.025326,0.1,0.4,72ea0f495458401427aaf81d6e4b4cfaa7f2fad1f2a2c35f6501ba22d0dbc473
2026-05-29T14:55:08.044416+00:00,TON/USDT,REGIME_TRANSITION_CAUTION_TO_NORMAL,CAUTION,NORMAL,REDUCE_SIZE,EXECUTE,-0.565515,-0.065234,-0.16,0.35,4fb23b84ca94ea56de8d9e160299dbd33add0b72440d0c3b0499375c1666347a
2026-05-29T14:56:01.953967+00:00,XRP/USDT,REGIME_TRANSITION_HIGH_STRESS_TO_CAUTION,HIGH_STRESS,CAUTION,PAUSE,REDUCE_SIZE,-0.005872,-0.095264,-0.38,0.35,5bb96105dde3c988e96a775389f86f73166c07bcabecc605f6a717cb921cb2e6
2026-05-29T14:56:01.953967+00:00,AVAX/USDT,REGIME_TRANSITION_CAUTION_TO_NORMAL,CAUTION,NORMAL,REDUCE_SIZE,EXECUTE,-1.143571,-0.052265,0.0,0.35,8a6cb4839bd75c145fb1e65dd217f32feb53c7628365d63942b4f1553d787880
2026-05-29T14:56:01.953967+00:00,TON/USDT,"IMBALANCE_SPIKE,REGIME_TRANSITION_NORMAL_TO_CAUTION",NORMAL,CAUTION,EXECUTE,REDUCE_SIZE,0.564632,0.086811,0.24,0.613274,8301bddce28a480373ad232558ee31e5753a444de5da451be840c8f8810d5756
2026-05-29T14:56:57.702646+00:00,ADA/USDT,REGIME_TRANSITION_CAUTION_TO_NORMAL,CAUTION,NORMAL,REDUCE_SIZE,EXECUTE,-0.003689,-0.035186,-0.14,0.35,6c4348a02169b25e5d44bae59c5b832749b51e80a0c8853457328e81553165d6
2026-05-29T14:56:57.702646+00:00,TON/USDT,REGIME_TRANSITION_CAUTION_TO_NORMAL,CAUTION,NORMAL,REDUCE_SIZE,EXECUTE,-2.289309,-0.147259,-0.16,0.35,57b3664f45cdb8eff70345554d4db5269e7f8fd544cbdcce8488f6680603b31f
2026-05-29T14:57:51.696948+00:00,TON/USDT,"SPREAD_EXPANDING_FAST,STRESS_SCORE_JUMP,IMBALANCE_SPIKE,REGIME_TRANSITION_NORMAL_TO_CAUTION",NORMAL,CAUTION,EXECUTE,REDUCE_SIZE,2.274928,0.201782,0.38,0.969275,fb7a9897f8d9a6a567cd820708c49fffcc22ff2294b921790d9eea930fdf34e4
2026-05-29T14:58:54.744737+00:00,BNB/USDT,REGIME_TRANSITION_NORMAL_TO_CAUTION,NORMAL,CAUTION,EXECUTE,REDUCE_SIZE,0.0,0.142325,0.06,0.522325,0c9ab6468b33f11ecc65f2194367da55adf89d8f4a0111c44c4e29e0348ace24
2026-05-29T14:58:54.744737+00:00,AVAX/USDT,REGIME_TRANSITION_NORMAL_TO_CAUTION,NORMAL,CAUTION,EXECUTE,REDUCE_SIZE,1.148161,0.071382,0.08,0.576198,9e363b7c77d566eb08168d2c1b78a6d74ecfe4389cb5a0af1ce31c45637bf188
2026-05-29T15:00:10.930543+00:00,BNB/USDT,REGIME_TRANSITION_CAUTION_TO_NORMAL,CAUTION,NORMAL,REDUCE_SIZE,EXECUTE,0.000992,-0.11838,0.02,0.360099,5379f0cb35649f65c14694ef4779f8dae2aaf1272ab7cfffdbe2f08430a3b144
2026-05-29T15:00:10.930543+00:00,XRP/USDT,"STRESS_SCORE_JUMP,IMBALANCE_SPIKE",CAUTION,CAUTION,REDUCE_SIZE,REDUCE_SIZE,-0.017562,0.154224,0.62,0.814224,9e17dc46e60f237058a4782ca63414f5eccb756ded7bd4b90fc8d66cc273672b
2026-05-29T15:00:10.930543+00:00,DOGE/USDT,IMBALANCE_SPIKE,NORMAL,NORMAL,EXECUTE,EXECUTE,-0.000307,0.079893,0.32,0.589893,e40e2423c46e0460a4e463cc87b1dbb476406c2b322a39c565046ef87ac5eba5
2026-05-29T15:00:10.930543+00:00,AVAX/USDT,SPREAD_EXPANDING_FAST,CAUTION,CAUTION,REDUCE_SIZE,REDUCE_SIZE,4.59767,0.121861,-0.34,0.931628,ce735eb6af219cb8166ec6c2030ba59df8ba64a400a2adf30b179d70ea13adc7
2026-05-29T15:00:10.930543+00:00,LINK/USDT,IMBALANCE_SPIKE,NORMAL,NORMAL,EXECUTE,EXECUTE,0.006439,0.051952,0.22,0.512596,144952ac20a49eb73c2caeda88f025b4505d35cbde68d8b1964b14ed1b27a2c8
2026-05-29T15:01:05.162350+00:00,BTC/USDT,IMBALANCE_SPIKE,CAUTION,CAUTION,REDUCE_SIZE,REDUCE_SIZE,1.3e-05,0.145001,0.58,0.785002,c15f9c4fb0c48270249bd4886e0a027f252c912181f40824f84cac6e28dd9b4e
2026-05-29T15:01:05.162350+00:00,ETH/USDT,"STRESS_SCORE_JUMP,IMBALANCE_SPIKE,REGIME_TRANSITION_NORMAL_TO_CAUTION",NORMAL,CAUTION,EXECUTE,REDUCE_SIZE,4.3e-05,0.189717,0.74,0.909721,3f7c355c969b40023897f6300e83f4f6665d4acd03fb26f8d68d850f54bde3ad
2026-05-29T15:01:05.162350+00:00,DOGE/USDT,IMBALANCE_SPIKE,NORMAL,NORMAL,EXECUTE,EXECUTE,0.000818,0.065024,0.26,0.545106,1e253d012fadb62ebc7d6e5c40a950c9a4fc02f397247ebd6eca72e07482788f
2026-05-29T15:01:05.162350+00:00,AVAX/USDT,REGIME_TRANSITION_CAUTION_TO_NORMAL,CAUTION,NORMAL,REDUCE_SIZE,EXECUTE,-4.588735,-0.216799,-0.04,0.35,0960c6076d4cc1f4a278dabb136aa2dde0fa0b710bdc8267fad4c6e9afe31763
2026-05-29T15:01:05.162350+00:00,TON/USDT,REGIME_TRANSITION_CAUTION_TO_NORMAL,CAUTION,NORMAL,REDUCE_SIZE,EXECUTE,-3.431019,-0.125896,0.1,0.4,2e036fab2c1a7bd47d86e122e2d6f07786616d5e181856f8309581625d8c495b
2026-05-29T15:02:10.324553+00:00,ETH/USDT,REGIME_TRANSITION_CAUTION_TO_NORMAL,CAUTION,NORMAL,REDUCE_SIZE,EXECUTE,-4.5e-05,-0.072598,-0.2,0.35,153768c057faee24627a3e2ee3ee3be3ae284d1ea5965d876711cb2205fa3780
2026-05-29T15:02:10.324553+00:00,SOL/USDT,IMBALANCE_SPIKE,NORMAL,NORMAL,EXECUTE,EXECUTE,-0.001814,0.077426,0.32,0.587426,837bf6fb26486e4be6f43391bbfb42a075db6d3284800f61ea4d2cf9251205d1
2026-05-29T15:02:10.324553+00:00,AVAX/USDT,REGIME_TRANSITION_NORMAL_TO_CAUTION,NORMAL,CAUTION,EXECUTE,REDUCE_SIZE,1.132673,0.055941,0.02,0.529208,3aec30334b5c4a466fb28939a000f201a2103e00df32bcfa0dc3e70d7514cc4f
2026-05-29T15:02:10.324553+00:00,TON/USDT,SPREAD_EXPANDING_FAST,NORMAL,NORMAL,EXECUTE,EXECUTE,2.283713,0.057161,-0.18,0.635532,9b4422fdf83a7da0bb3c33e4c40d6d1ec213f8cab4cecd848418e124c79b066a
2026-05-29T15:03:12.780407+00:00,AVAX/USDT,REGIME_TRANSITION_CAUTION_TO_NORMAL,CAUTION,NORMAL,REDUCE_SIZE,EXECUTE,-4.578754,-0.206759,0.0,0.35,b2d60001cbe1664b5f741dda407ac38799f1ee731701e95acba0c320fbc61532
2026-05-29T15:05:21.501082+00:00,ETH/USDT,IMBALANCE_SPIKE,NORMAL,NORMAL,EXECUTE,EXECUTE,-8.2e-05,0.102534,0.56,0.732534,a37973193f54e991f03662c7a1f16a8d556261a44b4470ee929a51521a54d1a0
2026-05-29T15:05:21.501082+00:00,BNB/USDT,"STRESS_SCORE_JUMP,REGIME_TRANSITION_NORMAL_TO_CAUTION",NORMAL,CAUTION,EXECUTE,REDUCE_SIZE,-0.001977,0.227703,0.1,0.627703,2645dcac28cfbdfc4fef95d9c9b202673df223193e8c970631b80f4041e10334
2026-05-29T15:05:21.501082+00:00,TON/USDT,REGIME_TRANSITION_NORMAL_TO_CAUTION,NORMAL,CAUTION,EXECUTE,REDUCE_SIZE,-0.00364,0.038123,0.16,0.468123,d699480d15ec372f935de94d7299699a4e0e465b46a7b85d72420ff556662273
2026-05-29T15:06:22.689047+00:00,XRP/USDT,IMBALANCE_SPIKE,CAUTION,CAUTION,REDUCE_SIZE,REDUCE_SIZE,-0.011628,0.099435,0.4,0.649435,ccdc223080881c566afd8c093ca2a56549c0c393b349b2c871e3fd3337a290c0
2026-05-29T15:06:22.689047+00:00,DOGE/USDT,IMBALANCE_SPIKE,NORMAL,NORMAL,EXECUTE,EXECUTE,1.009132,0.100412,0.22,0.661325,fb342c47549097a5d752b39a089fbde4fc9231d79f531d45827c2dbafcd103aa
2026-05-29T15:07:20.129086+00:00,BTC/USDT,IMBALANCE_SPIKE,CAUTION,CAUTION,REDUCE_SIZE,REDUCE_SIZE,-9e-06,0.134999,0.54,0.754999,6bdbbffbc486327262a772a43e8e40b55c20b28c722c4dedf8cb25c672180365
2026-05-29T15:07:20.129086+00:00,ETH/USDT,"STRESS_SCORE_JUMP,IMBALANCE_SPIKE",NORMAL,NORMAL,EXECUTE,EXECUTE,-2.6e-05,0.164501,0.56,0.794501,a31244054f81aac1cb09243277186b3fcd150b9f6fb30b02b09bfb657aea326a
2026-05-29T15:07:20.129086+00:00,TON/USDT,REGIME_TRANSITION_CAUTION_TO_NORMAL,CAUTION,NORMAL,REDUCE_SIZE,EXECUTE,-1.146668,-0.03907,0.04,0.37,acd6ac15cc06f32c1ad2e6884b46e71e415ddaadbf69c31847467c1b7e26a730
2026-05-29T15:08:20.374263+00:00,BNB/USDT,REGIME_TRANSITION_CAUTION_TO_NORMAL,CAUTION,NORMAL,REDUCE_SIZE,EXECUTE,-0.002217,-0.136672,0.1,0.4,b44689dfeee0081f5acef70f8961b1618c296da6c37f2f2d4ee95a611238372b
2026-05-29T15:08:20.374263+00:00,ADA/USDT,"SPREAD_EXPANDING_FAST,STRESS_SCORE_JUMP,IMBALANCE_SPIKE,REGIME_TRANSITION_NORMAL_TO_CAUTION",NORMAL,CAUTION,EXECUTE,REDUCE_SIZE,4.270747,0.262104,0.28,1.0,6c6f441b748a39d6e99c3d7cc9fd37a5eb6c226fce741879f4fb8165072a0933
2026-05-29T15:08:20.374263+00:00,AVAX/USDT,"SPREAD_EXPANDING_FAST,STRESS_SCORE_JUMP,REGIME_TRANSITION_NORMAL_TO_CAUTION",NORMAL,CAUTION,EXECUTE,REDUCE_SIZE,3.40567,0.199007,0.2,0.989574,699362868511e7716455ed4ced171d466d90d48c4f815864c946c63e8f4b851b
2026-05-29T15:08:20.374263+00:00,LINK/USDT,IMBALANCE_SPIKE,NORMAL,NORMAL,EXECUTE,EXECUTE,1.111512,0.140414,0.36,0.781565,16ac48fdfa328f5eb60ec7d147243b68d226bec586cc36d2d86ed7719f294d4e
2026-05-29T15:08:20.374263+00:00,TON/USDT,"IMBALANCE_SPIKE,REGIME_TRANSITION_NORMAL_TO_CAUTION",NORMAL,CAUTION,EXECUTE,REDUCE_SIZE,1.125917,0.108752,0.24,0.691344,49a21497403f7c327612a370926740e40d3e296557762826373481b82aedf693
2026-05-29T15:09:09.112616+00:00,BNB/USDT,REGIME_TRANSITION_NORMAL_TO_CAUTION,NORMAL,CAUTION,EXECUTE,REDUCE_SIZE,1.567275,0.045613,-0.04,0.55234,61a36e7196f0ccd8a297230c3646f9853dc0cdb084d6b68bf298e22ea34bcf42
2026-05-29T15:09:09.112616+00:00,AVAX/USDT,REGIME_TRANSITION_CAUTION_TO_NORMAL,CAUTION,NORMAL,REDUCE_SIZE,EXECUTE,-1.145942,-0.034659,0.06,0.38,37e1fae2ed30c604e597906a2943e9aaaec0671861aeaf8f3b5b3752ae288bcf
2026-05-29T15:09:09.112616+00:00,LINK/USDT,"IMBALANCE_SPIKE,REGIME_TRANSITION_NORMAL_TO_CAUTION",NORMAL,CAUTION,EXECUTE,REDUCE_SIZE,-0.005972,0.059812,0.24,0.529812,8db7ac7eb554b9dbaf0adc4a44f260d434540b491c66109bb34c135bc6c096d4
2026-05-29T15:10:03.270850+00:00,ETH/USDT,IMBALANCE_SPIKE,NORMAL,NORMAL,EXECUTE,EXECUTE,-4.6e-05,0.145828,0.6,0.795828,f7fc348bf2ecabfc9013b37ebc975186c712d42e67ea3954ca89b32890047d5a
2026-05-29T15:10:03.270850+00:00,SOL/USDT,IMBALANCE_SPIKE,NORMAL,NORMAL,EXECUTE,EXECUTE,-0.001635,0.108853,0.42,0.668853,35bce381027a829105c967fe7c012acf20dff35a2c4620994badaf86e974a9b4
2026-05-29T15:10:03.270850+00:00,BNB/USDT,"STRESS_SCORE_JUMP,IMBALANCE_SPIKE",CAUTION,CAUTION,REDUCE_SIZE,REDUCE_SIZE,-1.569731,0.191491,0.3,0.691491,c2732b62a09aaae3464ad7efb51e14a7399958904e222a4b11fd8ca0b6efe73f
2026-05-29T15:10:03.270850+00:00,AVAX/USDT,REGIME_TRANSITION_NORMAL_TO_CAUTION,NORMAL,CAUTION,EXECUTE,REDUCE_SIZE,1.13308,0.087361,0.1,0.600669,168518219107c0c1db5746a96a035c133f9d40bd1b4c6fa8a48b5cc25d5f829a
2026-05-29T15:11:02.614955+00:00,LINK/USDT,REGIME_TRANSITION_CAUTION_TO_NORMAL,CAUTION,NORMAL,REDUCE_SIZE,EXECUTE,-2.229402,-0.112296,-0.06,0.35,1816d1c825648908f5bd351c6dc51566239c81eb705f0f9c5bebe5797b665609
2026-05-29T15:11:02.614955+00:00,TON/USDT,REGIME_TRANSITION_CAUTION_TO_NORMAL,CAUTION,NORMAL,REDUCE_SIZE,EXECUTE,-4.518939,-0.173375,0.12,0.41,1224f64345ba8ea3201b3a77ebb60f4d19ba586b1578b5f4d63e3b4927c2ea8d
2026-05-29T15:11:50.944211+00:00,ETH/USDT,IMBALANCE_SPIKE,NORMAL,NORMAL,EXECUTE,EXECUTE,-6.5e-05,0.122483,0.44,0.692483,5ce390f979bde0f6bc5aafcedf7bd6279e502155a36129d66857c8b36b14b3a0
2026-05-29T15:11:50.944211+00:00,AVAX/USDT,REGIME_TRANSITION_CAUTION_TO_NORMAL,CAUTION,NORMAL,REDUCE_SIZE,EXECUTE,-2.26539,-0.101897,-0.02,0.35,c501c05d1c4409d0efc37857ad3fea7392612c7ab8f388f23315d8564fd4e006
2026-05-29T15:11:50.944211+00:00,TON/USDT,"SPREAD_EXPANDING_FAST,STRESS_SCORE_JUMP,REGIME_TRANSITION_NORMAL_TO_HIGH_STRESS",NORMAL,HIGH_STRESS,EXECUTE,PAUSE,7.27874,0.3306,0.02,1.0,3c244fa574e517cfa9b445bb8feecbd4d0f0e1db05fc4462da6e559e7e5ba92c
2026-05-29T15:22:33.963417+00:00,ADA/USDT,SPREAD_EXPANDING_FAST,CAUTION,CAUTION,REDUCE_SIZE,REDUCE_SIZE,4.272591,0.137238,-0.22,0.914497,40f5665f898e66bf930af408f96c4167fbe03bbd57db6b0b864b69ff429aabc0
2026-05-29T15:22:33.963417+00:00,AVAX/USDT,"SPREAD_EXPANDING_FAST,REGIME_TRANSITION_NORMAL_TO_CAUTION",NORMAL,CAUTION,EXECUTE,REDUCE_SIZE,4.518495,0.088285,-0.42,0.890134,97a5eb01e815c60a243bf27f75a013292bd8954020bdeb94260704e13652543c
2026-05-29T15:22:33.963417+00:00,LINK/USDT,"SPREAD_EXPANDING_FAST,REGIME_TRANSITION_NORMAL_TO_CAUTION",NORMAL,CAUTION,EXECUTE,REDUCE_SIZE,2.227665,0.043667,-0.22,0.616433,253accbcda0f4b65ab1b40d4c475c792e61049aaf03f94ba850929f4c169a7a3
2026-05-29T15:22:33.963417+00:00,TON/USDT,REGIME_TRANSITION_HIGH_STRESS_TO_NORMAL,HIGH_STRESS,NORMAL,PAUSE,EXECUTE,-3.90315,-0.35946,-0.74,0.35,2d73e00e38131b0a38dc3f1f2fc3ab212cd11e8c72644db9c907d1f9e622bed5
2026-05-29T15:23:18.122795+00:00,ADA/USDT,REGIME_TRANSITION_CAUTION_TO_NORMAL,CAUTION,NORMAL,REDUCE_SIZE,EXECUTE,-4.270766,-0.197155,-0.02,0.35,6b0f7483216ced99e41e964808de530baac83fc10dfbe17e8caf05c9ee9632a0
2026-05-29T15:23:18.122795+00:00,AVAX/USDT,REGIME_TRANSITION_CAUTION_TO_NORMAL,CAUTION,NORMAL,REDUCE_SIZE,EXECUTE,-2.259632,-0.109821,-0.04,0.35,118ad7f6b79638ccae5b630771eb2cd1ea0f639d3829185877aa52e2aaa1ee8c
2026-05-29T15:23:18.122795+00:00,LINK/USDT,REGIME_TRANSITION_CAUTION_TO_NORMAL,CAUTION,NORMAL,REDUCE_SIZE,EXECUTE,-1.113895,-0.059312,-0.04,0.35,4f5c9432aa990b71e6160de94a84c495fc1b465cf880d88851c38b2f5ccdd031
2026-05-31T02:37:09.431965+00:00,BTC/USDT,IMBALANCE_SPIKE,CAUTION,CAUTION,REDUCE_SIZE,REDUCE_SIZE,-6.7e-05,0.149997,0.6,0.799997,c831313ab2a7247915bb320b076f02a11f1e96a9eced0268d75c6a096bf61e21
2026-05-31T02:37:09.431965+00:00,XRP/USDT,IMBALANCE_SPIKE,CAUTION,CAUTION,REDUCE_SIZE,REDUCE_SIZE,-0.119083,0.079648,0.34,0.599648,a1f1c4b0d5c23ffac3825addfdc2c945657e72f80bc1b83b94f7e87c10416a15
2026-05-31T02:37:09.431965+00:00,AVAX/USDT,REGIME_TRANSITION_NORMAL_TO_CAUTION,NORMAL,CAUTION,EXECUTE,REDUCE_SIZE,1.06245,0.097523,0.2,0.653768,e3dfc1a8fe45a59237375ec1816d55043895e65a38ce28ec91513dab810de6e4
2026-05-31T02:37:09.431965+00:00,LINK/USDT,IMBALANCE_SPIKE,NORMAL,NORMAL,EXECUTE,EXECUTE,-1.172061,0.035407,0.34,0.555407,698de2b2968fada568a332f19b008edd9b61779b52f98c7c23f842f2404e5d4d
2026-05-31T02:38:06.320508+00:00,AVAX/USDT,REGIME_TRANSITION_CAUTION_TO_NORMAL,CAUTION,NORMAL,REDUCE_SIZE,EXECUTE,-1.114143,-0.048197,0.0,0.35,aa2e4918a8b35a09667ad5d6f424130bb87b5bd6c240cee920e73c3b9c8b2f22
2026-05-31T02:38:57.406712+00:00,BNB/USDT,IMBALANCE_SPIKE,CAUTION,CAUTION,REDUCE_SIZE,REDUCE_SIZE,1.356941,0.02738,0.34,0.683074,cfdec5b9f8a95a0312babeebab01b4700ca33b62750785c9c3cc82dd7f0187a7
2026-05-31T02:39:47.620916+00:00,ETH/USDT,IMBALANCE_SPIKE,NORMAL,NORMAL,EXECUTE,EXECUTE,-1.7e-05,0.097634,0.24,0.567634,aec0e1e74cc5c762c5351f3cd106d59c5474bf262bac827100105db0b801d6e2
2026-05-31T02:39:47.620916+00:00,BNB/USDT,REGIME_TRANSITION_CAUTION_TO_NORMAL,CAUTION,NORMAL,REDUCE_SIZE,EXECUTE,-1.359525,-0.071895,-0.12,0.35,00364080852a345603a32ccbaec6784c7183edd50e853536b86a1a5371cfd1de
2026-05-31T02:39:47.620916+00:00,AVAX/USDT,"SPREAD_EXPANDING_FAST,REGIME_TRANSITION_NORMAL_TO_CAUTION",NORMAL,CAUTION,EXECUTE,REDUCE_SIZE,2.224941,0.087133,-0.04,0.659627,108f2567a3aba9be71271c1c16f6a19f308defb49f09434b2eab775eb9275ac0
2026-05-31T02:40:34.014559+00:00,BNB/USDT,REGIME_TRANSITION_NORMAL_TO_CAUTION,NORMAL,CAUTION,EXECUTE,REDUCE_SIZE,1.36359,0.058499,-0.04,0.544858,de50e297b819c7c2b7f7ddaae5df2e8edaea638c27593e632a8fc34c4ab8ee33
2026-05-31T02:40:34.014559+00:00,AVAX/USDT,REGIME_TRANSITION_CAUTION_TO_NORMAL,CAUTION,NORMAL,REDUCE_SIZE,EXECUTE,-2.224941,-0.096043,0.0,0.35,33b41d8ef211c857159a61695e4766c21796bb93d33e69f907f41d35a10ae69e
2026-05-31T02:41:30.991488+00:00,BTC/USDT,IMBALANCE_SPIKE,CAUTION,CAUTION,REDUCE_SIZE,REDUCE_SIZE,-5e-06,0.104999,0.42,0.664999,6d97487e66fb72030db19fa50e7af046f37095ead9813e88def865b6aa78f1ea
2026-05-31T02:41:30.991488+00:00,BNB/USDT,REGIME_TRANSITION_CAUTION_TO_NORMAL,CAUTION,NORMAL,REDUCE_SIZE,EXECUTE,-0.005172,-0.103372,-0.08,0.35,5bc477f0e195cd8552686bb29637405fe09356efb716fbc3670780ec4345b349
2026-05-31T02:41:30.991488+00:00,TON/USDT,"SPREAD_EXPANDING_FAST,REGIME_TRANSITION_NORMAL_TO_CAUTION",NORMAL,CAUTION,EXECUTE,REDUCE_SIZE,2.174031,0.12527,0.14,0.762673,317a7acee3f8f3bd8ca507d89aae9dd2db0e3c5c1d3ea107df05401d34f5d46d
2026-05-31T02:43:23.918802+00:00,BNB/USDT,REGIME_TRANSITION_NORMAL_TO_CAUTION,NORMAL,CAUTION,EXECUTE,REDUCE_SIZE,-1.358234,0.113045,0.2,0.563045,3d65ea597a330bef835dcd3c56bc9569400c1d54304f9b0ad19312a64419ecda
2026-05-31T02:43:23.918802+00:00,TON/USDT,REGIME_TRANSITION_CAUTION_TO_NORMAL,CAUTION,NORMAL,REDUCE_SIZE,EXECUTE,-1.090379,-0.043138,0.02,0.36,a26fc20761e968b3d1487a766fc1614822e6efeec078400affdd035ff51c47f5
2026-05-31T02:44:23.572861+00:00,BNB/USDT,REGIME_TRANSITION_CAUTION_TO_NORMAL,CAUTION,NORMAL,REDUCE_SIZE,EXECUTE,1.356024,-0.142171,-0.24,0.485602,4b4ef6835783a0ea055f4af1b5264bad26247dc9fb81cf7c83cff15c306bc8ba
2026-05-31T02:44:23.572861+00:00,TON/USDT,REGIME_TRANSITION_NORMAL_TO_CAUTION,NORMAL,CAUTION,EXECUTE,REDUCE_SIZE,1.086248,0.028575,-0.08,0.4872,ec64f80215b261b7c352e0c6f0e5956c1d33082f62b4f18303e66a2fc708779a
2026-05-31T02:45:36.371884+00:00,BTC/USDT,IMBALANCE_SPIKE,CAUTION,CAUTION,REDUCE_SIZE,REDUCE_SIZE,-3e-06,0.12,0.48,0.71,3fc3dc419144cbe2cacbf2585f96ec700a7ebcaf040425d9c13a7c10baed5e2a
2026-05-31T02:45:36.371884+00:00,TON/USDT,REGIME_TRANSITION_CAUTION_TO_NORMAL,CAUTION,NORMAL,REDUCE_SIZE,EXECUTE,-0.546524,-0.014159,0.04,0.37,a6b0f975a680fa6be8d0a78d6ef6ca6fc867fcd51156fc77d10d2ae9ac6bb4ea
2026-05-31T02:46:30.945024+00:00,ETH/USDT,IMBALANCE_SPIKE,NORMAL,NORMAL,EXECUTE,EXECUTE,1.4e-05,0.106356,0.32,0.616357,82c0c38d9cb3d2296a82a5b97e79b7b237a05da78c2f1a63b5281d61b6c622fa
2026-05-31T02:46:30.945024+00:00,BNB/USDT,REGIME_TRANSITION_NORMAL_TO_CAUTION,NORMAL,CAUTION,EXECUTE,REDUCE_SIZE,-0.001101,0.05129,0.06,0.43129,b7f66ce8b86928348f8ea1cf18f39d4d86d3cddcf76054cb9daf683f34667b11
2026-05-31T02:46:30.945024+00:00,ADA/USDT,"SPREAD_EXPANDING_FAST,STRESS_SCORE_JUMP,REGIME_TRANSITION_NORMAL_TO_CAUTION",NORMAL,CAUTION,EXECUTE,REDUCE_SIZE,4.223864,0.190056,0.0,0.962442,f63be3f001f2c60b5c67a60c8283fcc8719dfb7c53185d47f26476dc8aaeef62
2026-05-31T02:46:30.945024+00:00,TON/USDT,REGIME_TRANSITION_NORMAL_TO_CAUTION,NORMAL,CAUTION,EXECUTE,REDUCE_SIZE,0.54735,0.009344,-0.06,0.414079,d6fdf6a89e9bb91773aa1af6bf0c5eefb74ec60a9eb31b058e0ebdd151cb3b0e
2026-05-31T02:47:26.946135+00:00,BNB/USDT,REGIME_TRANSITION_CAUTION_TO_NORMAL,CAUTION,NORMAL,REDUCE_SIZE,EXECUTE,1.356941,-0.086755,-0.04,0.485694,38fa7423f197ffb5c413aaac310bbe2afb5c2326f2f28aa90a2930fdeb33a51c
2026-05-31T02:47:26.946135+00:00,ADA/USDT,REGIME_TRANSITION_CAUTION_TO_NORMAL,CAUTION,NORMAL,REDUCE_SIZE,EXECUTE,-4.222081,-0.184974,0.02,0.36,d04e1ffdad3c702e6b5d99bb61d71023cdb199dbf5c687d1b0dc91ce62cfe202
2026-05-31T02:47:26.946135+00:00,AVAX/USDT,SPREAD_EXPANDING_FAST,NORMAL,NORMAL,EXECUTE,EXECUTE,2.224447,0.095426,-0.02,0.667871,5f1dc43ff0b09f24ff5dd34317745d712b61bd76799a8074bea87079646bf612
2026-05-31T02:47:26.946135+00:00,TON/USDT,REGIME_TRANSITION_CAUTION_TO_NORMAL,CAUTION,NORMAL,REDUCE_SIZE,EXECUTE,-1.087515,-0.078656,-0.12,0.35,3113833d2e6196b3edd944607118011a6cd0548069bf2604ad793556764e052c
2026-05-31T02:48:20.809812+00:00,BTC/USDT,IMBALANCE_SPIKE,CAUTION,CAUTION,REDUCE_SIZE,REDUCE_SIZE,-1e-06,0.040745,0.46,0.620745,1169a9fd90709c3e2b1cfcf0376e32a14989875fd97090ece6578a387dae1797
2026-05-31T02:48:20.809812+00:00,BNB/USDT,"STRESS_SCORE_JUMP,REGIME_TRANSITION_NORMAL_TO_CAUTION",NORMAL,CAUTION,EXECUTE,REDUCE_SIZE,-1.355473,0.185686,-0.02,0.535686,951e31c4b4811c2d2740d69eeb9613be0a018490c6f3089e791aaf98b707404e
2026-05-31T02:49:15.868846+00:00,ETH/USDT,IMBALANCE_SPIKE,NORMAL,NORMAL,EXECUTE,EXECUTE,1.5e-05,0.094175,0.34,0.614177,54703ad000288f42696d8a772f4fbe35febe366990051d2a53b99795d83abbcf
2026-05-31T02:49:15.868846+00:00,BNB/USDT,REGIME_TRANSITION_CAUTION_TO_NORMAL,CAUTION,NORMAL,REDUCE_SIZE,EXECUTE,-0.003117,-0.124019,-0.06,0.35,3032df7ef6f8f6f0ffac2a3375572cd6f259075b794ac6cdd669eb4b7e6dac54
2026-05-31T02:49:15.868846+00:00,TON/USDT,SPREAD_EXPANDING_FAST,NORMAL,NORMAL,EXECUTE,EXECUTE,2.712865,0.112067,-0.04,0.733353,e28631234136563837b1f9277fea9f9bac5fcdf58885a4bbb9b5cb470dd8289f
2026-05-31T02:51:00.171379+00:00,BTC/USDT,IMBALANCE_SPIKE,CAUTION,CAUTION,REDUCE_SIZE,REDUCE_SIZE,-4e-06,0.09,0.36,0.62,789a616cac0801ee4b5d80c96375cb471f4a6e52f364a6d223a1bd32cae7f4e7
2026-05-31T02:51:00.171379+00:00,BNB/USDT,REGIME_TRANSITION_NORMAL_TO_CAUTION,NORMAL,CAUTION,EXECUTE,REDUCE_SIZE,-1.352173,0.047864,0.06,0.427864,40f79c3999fc9bbecc4a869eeb2f35bcb6091289d1d5012aaad9c7bcf3617c51
2026-05-31T02:52:06.795709+00:00,AVAX/USDT,"SPREAD_EXPANDING_FAST,REGIME_TRANSITION_NORMAL_TO_CAUTION",NORMAL,CAUTION,EXECUTE,REDUCE_SIZE,2.219747,0.089925,-0.04,0.6619,7c4dc23340d93a84aeffc3713e034b5cfd36f84ba1076631a0b9412d208f44fa
2026-05-31T02:52:55.074714+00:00,BTC/USDT,"STRESS_SCORE_JUMP,IMBALANCE_SPIKE",CAUTION,CAUTION,REDUCE_SIZE,REDUCE_SIZE,-8e-06,0.15,0.6,0.8,9ba85a9f8c549253cd74752b0f3747c465c1a16a4e8edc6b72c434e2910eaf4c
2026-05-31T02:52:55.074714+00:00,ETH/USDT,IMBALANCE_SPIKE,NORMAL,NORMAL,EXECUTE,EXECUTE,-2.3e-05,0.063919,0.6,0.713919,30bb4eda18121bf6e68a057d8fc316c62028f3a98b7d9a77b687b34d1c68cb7e
2026-05-31T02:52:55.074714+00:00,BNB/USDT,IMBALANCE_SPIKE,CAUTION,CAUTION,REDUCE_SIZE,REDUCE_SIZE,1.349436,-0.036953,0.22,0.594944,fb768464216fb0f644bf97f3a6f594c2911d5060efd82a07475bf84b3a64e349
2026-05-31T02:52:55.074714+00:00,AVAX/USDT,REGIME_TRANSITION_CAUTION_TO_NORMAL,CAUTION,NORMAL,REDUCE_SIZE,EXECUTE,-3.335248,-0.151757,0.0,0.35,ab5c68ffe2bf185e11427833adb178847b4dee3ed3ff3430d89b739db433644f
2026-05-31T02:53:44.658084+00:00,SOL/USDT,"STRESS_SCORE_JUMP,IMBALANCE_SPIKE",NORMAL,NORMAL,EXECUTE,EXECUTE,-0.000579,0.156356,0.62,0.816356,8b39bdb8cbd152315b25aa334c331a44efd3147a77e03b0664db0fd57203667a
2026-05-31T02:53:44.658084+00:00,BNB/USDT,REGIME_TRANSITION_CAUTION_TO_NORMAL,CAUTION,NORMAL,REDUCE_SIZE,EXECUTE,0.001094,-0.066065,-0.08,0.350109,30d8bd9bf7d1d97551afd445db8818c921b145f7aa92b2b3a18087d9603b51ac
2026-05-31T02:53:44.658084+00:00,XRP/USDT,IMBALANCE_SPIKE,CAUTION,CAUTION,REDUCE_SIZE,REDUCE_SIZE,-0.005561,0.059749,0.24,0.529749,aa5764d50501b6c94439acc1aba8427872d841de977bca765bfdd1278b7c8af7
2026-05-31T02:53:44.658084+00:00,AVAX/USDT,"SPREAD_EXPANDING_FAST,REGIME_TRANSITION_NORMAL_TO_CAUTION",NORMAL,CAUTION,EXECUTE,REDUCE_SIZE,3.332161,0.137753,-0.04,0.820969,484019314e0b63121bc65603622358f944fab37ea75bfbeccf2e386459dbb804
2026-05-31T02:53:44.658084+00:00,TON/USDT,SPREAD_EXPANDING_FAST,NORMAL,NORMAL,EXECUTE,EXECUTE,2.170168,0.10332,0.02,0.680337,365abecdf29b50b738a431296ce8f782a8864d6d9c41224dafbe25dbfad89e76
2026-05-31T02:54:38.598484+00:00,BNB/USDT,REGIME_TRANSITION_NORMAL_TO_CAUTION,NORMAL,CAUTION,EXECUTE,REDUCE_SIZE,-0.004736,0.045043,-0.16,0.395043,71047caf52efb6621cc97f66c230efcf90b3e9a4ff9d92f256495a5772f4408b
2026-05-31T02:54:38.598484+00:00,AVAX/USDT,REGIME_TRANSITION_CAUTION_TO_NORMAL,CAUTION,NORMAL,REDUCE_SIZE,EXECUTE,-2.221852,-0.095857,0.0,0.35,bb0b85751fad30a13662990bccff88c0e711ce16d577a17c6055d98042d510c2
2026-05-31T02:55:37.483756+00:00,ETH/USDT,IMBALANCE_SPIKE,NORMAL,NORMAL,EXECUTE,EXECUTE,2.4e-05,0.091709,0.36,0.621711,46edf641fa960474f87149b1c65984cfb670f4508e908f113cecca41269f22a5
2026-05-31T02:55:37.483756+00:00,SOL/USDT,IMBALANCE_SPIKE,NORMAL,NORMAL,EXECUTE,EXECUTE,0.001159,0.064373,0.26,0.544489,249e63ca04b20887bd788b5d47e28df1c03de7d683baf0d271e4ae50f92d60f6
2026-05-31T02:56:32.277299+00:00,BTC/USDT,"STRESS_SCORE_JUMP,IMBALANCE_SPIKE,REGIME_TRANSITION_CAUTION_TO_HIGH_STRESS",CAUTION,HIGH_STRESS,REDUCE_SIZE,PAUSE,-9e-06,0.16,0.64,0.83,bc45411d887d22a2a08e77fc7dec71eb06448e003db53b157ffabfdc87c30a52
2026-05-31T02:56:32.277299+00:00,ETH/USDT,"STRESS_SCORE_JUMP,IMBALANCE_SPIKE,REGIME_TRANSITION_NORMAL_TO_CAUTION",NORMAL,CAUTION,EXECUTE,REDUCE_SIZE,-4.4e-05,0.2125,0.28,0.7025,6b4568d606618ad2898a47ecace5016f2f444eaacb0bf877e82f8fbd1fce5510
2026-05-31T02:56:32.277299+00:00,BNB/USDT,REGIME_TRANSITION_CAUTION_TO_NORMAL,CAUTION,NORMAL,REDUCE_SIZE,EXECUTE,-0.003273,-0.129456,0.12,0.41,474049f9f02ff16b763ac5aa3a0ff235fb22daa234659ba715cd4f4448239dc5
2026-05-31T02:56:32.277299+00:00,TON/USDT,SPREAD_EXPANDING_FAST,NORMAL,NORMAL,EXECUTE,EXECUTE,2.173675,0.071805,-0.1,0.639173,878e67c7757e74f7b4e7816d31a26f93acad3c97f31604908d32648b02c5f887
2026-05-31T02:57:24.553143+00:00,ETH/USDT,REGIME_TRANSITION_CAUTION_TO_NORMAL,CAUTION,NORMAL,REDUCE_SIZE,EXECUTE,-4.8e-05,-0.275307,-0.7,0.35,a652aad513fb72f7829c649ce50222c2405f76adfe0959a4a0a4b2c0bcc7a713
2026-05-31T02:57:24.553143+00:00,SOL/USDT,IMBALANCE_SPIKE,NORMAL,NORMAL,EXECUTE,EXECUTE,0.000145,0.108057,0.42,0.668071,acdcae6b64c23f40918c8d83cb2f21bf5c7ba4605bf759e98151bfbe717906a2
2026-05-31T02:57:24.553143+00:00,BNB/USDT,"STRESS_SCORE_JUMP,IMBALANCE_SPIKE,REGIME_TRANSITION_NORMAL_TO_CAUTION",NORMAL,CAUTION,EXECUTE,REDUCE_SIZE,0.001817,0.282584,0.36,0.812766,ce1372fad3f9ab8a81155308bd59e6691220983673922a707e337a618872c706
2026-05-31T02:58:17.124783+00:00,BTC/USDT,REGIME_TRANSITION_HIGH_STRESS_TO_CAUTION,HIGH_STRESS,CAUTION,PAUSE,REDUCE_SIZE,-0.0,-0.185,-0.74,0.35,151b98a35500c8d6f034286728582a17549e6637001127f06b5af735a9571e45
2026-05-31T02:59:18.760262+00:00,BNB/USDT,REGIME_TRANSITION_CAUTION_TO_NORMAL,CAUTION,NORMAL,REDUCE_SIZE,EXECUTE,0.001279,-0.107363,-0.1,0.350128,d1f090cc748bed92e13e33224e3b3e61af6d5c2adc4e457250dfe5ad49b6eeb8
2026-05-31T02:59:18.760262+00:00,ADA/USDT,REGIME_TRANSITION_NORMAL_TO_CAUTION,NORMAL,CAUTION,EXECUTE,REDUCE_SIZE,0.0,0.005007,0.02,0.365007,0a61f98df04224808740359505083d28165e65d4c566027d8cd83b779332a982
2026-05-31T02:59:18.760262+00:00,TON/USDT,"SPREAD_EXPANDING_FAST,REGIME_TRANSITION_NORMAL_TO_CAUTION",NORMAL,CAUTION,EXECUTE,REDUCE_SIZE,2.170492,0.078348,-0.08,0.645397,dafb4f90a3206fad097bebc09ec3c9e69a381077659ab26f0a5e909f5eeeca6c
2026-05-31T03:00:09.512206+00:00,ETH/USDT,IMBALANCE_SPIKE,NORMAL,NORMAL,EXECUTE,EXECUTE,1e-05,0.116761,0.38,0.656762,cee73a4129cdc30b687e1eb57d756662ad6cb5bb9f1d9f238f9adaa95b40d8bd
2026-05-31T03:00:09.512206+00:00,BNB/USDT,REGIME_TRANSITION_NORMAL_TO_CAUTION,NORMAL,CAUTION,EXECUTE,REDUCE_SIZE,-0.000914,0.070476,-0.14,0.420476,d9fdb77edf376d96e324d09173111c85ba524e4e7ced62853bc571ab3a25ed3e
2026-05-31T03:00:09.512206+00:00,ADA/USDT,REGIME_TRANSITION_CAUTION_TO_NORMAL,CAUTION,NORMAL,REDUCE_SIZE,EXECUTE,0.0,-0.020003,-0.08,0.35,878d2620e223dcef9645e98504497074d7b8d6ca071ea4028d99b9d824839526
2026-05-31T03:00:09.512206+00:00,AVAX/USDT,SPREAD_EXPANDING_FAST,NORMAL,NORMAL,EXECUTE,EXECUTE,2.218279,0.115464,0.04,0.707292,cc37ce9f8e38b9b727b1bcfb2b5a3fb79ea02e731089009633223806612aabb9
2026-05-31T03:00:09.512206+00:00,LINK/USDT,SPREAD_EXPANDING_FAST,NORMAL,NORMAL,EXECUTE,EXECUTE,2.155986,0.084053,-0.04,0.649652,a9a445ed763179316e08ac02e1f422428f7a10d338828d1ebebd9f1ac116922e
2026-05-31T03:00:09.512206+00:00,TON/USDT,REGIME_TRANSITION_CAUTION_TO_NORMAL,CAUTION,NORMAL,REDUCE_SIZE,EXECUTE,-2.174015,-0.082162,0.06,0.38,c4300f087a7f36ef4a86ab3de13a3c2916026dadede412d90b71acf256354efc
2026-05-31T03:01:06.005274+00:00,BTC/USDT,IMBALANCE_SPIKE,CAUTION,CAUTION,REDUCE_SIZE,REDUCE_SIZE,-8e-06,0.115,0.46,0.695,cfcf80ef9574db89d9918f4858027ec2bf7abb01c10f33e4a38c1fba79ea0d9c
2026-05-31T03:02:01.424502+00:00,ADA/USDT,REGIME_TRANSITION_NORMAL_TO_CAUTION,NORMAL,CAUTION,EXECUTE,REDUCE_SIZE,0.0,0.01003,0.04,0.38003,6b7a49fefc4a50b0c3b14e4c8bb2228a94ee56567549a94f39ee9bb7f931433c
2026-05-31T03:03:08.234850+00:00,DOGE/USDT,IMBALANCE_SPIKE,NORMAL,NORMAL,EXECUTE,EXECUTE,-0.00078,0.069954,0.28,0.559954,0bc3d7df57f24250262aef171a5180b9b65c324a0d615f9e2006220f008af0b3
2026-05-31T03:04:14.373152+00:00,ETH/USDT,IMBALANCE_SPIKE,NORMAL,NORMAL,EXECUTE,EXECUTE,7e-06,0.073187,0.36,0.603188,ec089a7d5a3fdf94d8eb6a07a2a6ec460be0c340b6f64935e022429a7fc158a0
2026-05-31T03:05:01.665992+00:00,BTC/USDT,IMBALANCE_SPIKE,CAUTION,CAUTION,REDUCE_SIZE,REDUCE_SIZE,4e-06,0.08,0.32,0.59,a6cbd44201a3256797b3ae58c60076ef0cca7fdf4230fbf025f52b1c1d8bc0f8
2026-05-31T03:05:01.665992+00:00,BNB/USDT,IMBALANCE_SPIKE,CAUTION,CAUTION,REDUCE_SIZE,REDUCE_SIZE,0.0,0.092026,0.28,0.582026,0cb63b109fca185d4e1f6267597abb1f18760368aab5fae900b6da4417092cad
2026-05-31T03:05:01.665992+00:00,ADA/USDT,REGIME_TRANSITION_CAUTION_TO_NORMAL,CAUTION,NORMAL,REDUCE_SIZE,EXECUTE,0.001771,-0.039949,-0.16,0.350177,b35f240345a4f7a1a083dc6bb4931a92c6eed5605262bb501f9160c40ca9eae7
2026-05-31T03:06:44.484176+00:00,BNB/USDT,REGIME_TRANSITION_CAUTION_TO_NORMAL,CAUTION,NORMAL,REDUCE_SIZE,EXECUTE,-1.354555,-0.274466,-0.12,0.35,4f662e70b139de2e5528975aee695c1bb4ce5777f7403e01c71c6a6e95d2ab11
2026-05-31T03:07:30.087678+00:00,BNB/USDT,"STRESS_SCORE_JUMP,REGIME_TRANSITION_NORMAL_TO_CAUTION",NORMAL,CAUTION,EXECUTE,REDUCE_SIZE,0.001102,0.21405,0.12,0.62416,c7c3c5996e694ff6754e95d0d74e468459801345390bc4215fd047a8b9b1a51c
2026-05-31T03:08:36.954293+00:00,XRP/USDT,IMBALANCE_SPIKE,CAUTION,CAUTION,REDUCE_SIZE,REDUCE_SIZE,-0.005553,0.059753,0.24,0.529753,71c871540da7dbb457c72a69e4b6b3010c4f5c2121891a211dab659b058770fa
2026-05-31T03:08:36.954293+00:00,ADA/USDT,"SPREAD_EXPANDING_FAST,STRESS_SCORE_JUMP,REGIME_TRANSITION_NORMAL_TO_CAUTION",NORMAL,CAUTION,EXECUTE,REDUCE_SIZE,4.206095,0.194249,0.02,0.974859,da4ba3fc3a0aeeeccadebd2dcea7c9c0b8614975d1cb5058ca6fe9ad98a75453
2026-05-31T03:08:36.954293+00:00,AVAX/USDT,SPREAD_EXPANDING_FAST,NORMAL,NORMAL,EXECUTE,EXECUTE,2.218524,0.097152,0.0,0.669004,48aa562bf222bec018f0ab415018de0930f4ac743d17e3e4b5efe0f8548ae1c0
2026-05-31T03:09:26.348724+00:00,BTC/USDT,IMBALANCE_SPIKE,CAUTION,CAUTION,REDUCE_SIZE,REDUCE_SIZE,-1e-06,0.11,0.44,0.68,39a0c0ce214a6cfcadb636083076708ab2df2fea59401f77d9c0ac21b6e1e14a
2026-05-31T03:09:26.348724+00:00,ADA/USDT,REGIME_TRANSITION_CAUTION_TO_NORMAL,CAUTION,NORMAL,REDUCE_SIZE,EXECUTE,-4.207868,-0.204313,-0.06,0.35,676cd8c68a0fa14346f5041348be3e4a2264c4a6de8f40427f684c92268c0988
2026-05-31T03:10:19.755277+00:00,ETH/USDT,IMBALANCE_SPIKE,NORMAL,NORMAL,EXECUTE,EXECUTE,8e-06,0.105988,0.22,0.565989,43bbac2c54a778911fb8df2097ba57195ca450f57fd12aa7cb2353842e9fcd31
2026-05-31T03:10:19.755277+00:00,BNB/USDT,REGIME_TRANSITION_CAUTION_TO_NORMAL,CAUTION,NORMAL,REDUCE_SIZE,EXECUTE,0.000921,-0.014223,-0.18,0.350092,b72742c8aae17acdf5e35b3016c74310ca2a1174dcb0866c81ed9361c30a0642
2026-05-31T03:11:12.455452+00:00,BNB/USDT,REGIME_TRANSITION_NORMAL_TO_CAUTION,NORMAL,CAUTION,EXECUTE,REDUCE_SIZE,-0.000737,0.076357,0.08,0.466357,d4052b49407731f89ad90031b7b40beb40a6b1dfb883ecedd812640923704f9b
2026-05-31T03:11:12.455452+00:00,DOGE/USDT,IMBALANCE_SPIKE,NORMAL,NORMAL,EXECUTE,EXECUTE,9.8e-05,0.055031,0.22,0.515041,ba962fbc9b916545f3864781d7f634797a0cf613312b40f1b2b4ea1bc84369e1
2026-05-31T03:14:19.011490+00:00,BTC/USDT,IMBALANCE_SPIKE,CAUTION,CAUTION,REDUCE_SIZE,REDUCE_SIZE,3e-06,0.055,0.22,0.515,205437849eb2c2eee1650c03d718ef51e40eae7911eae0dde49e8f3017913cdb
2026-05-31T03:14:19.011490+00:00,BNB/USDT,REGIME_TRANSITION_CAUTION_TO_NORMAL,CAUTION,NORMAL,REDUCE_SIZE,EXECUTE,0.000369,-0.216582,0.02,0.360037,43811fffef2725020c7b59484e8b6024ccb9ebd19f0dfdca55fd60b19cfa1def
2026-05-31T03:15:07.526479+00:00,BTC/USDT,"IMBALANCE_SPIKE,REGIME_TRANSITION_CAUTION_TO_HIGH_STRESS",CAUTION,HIGH_STRESS,REDUCE_SIZE,PAUSE,-7e-06,0.14,0.56,0.77,372e2eea9c35ebb0c8f885eebe1e2cc4f4805786e8ff6566a17d8aba366a9245
2026-05-31T03:15:07.526479+00:00,BNB/USDT,"STRESS_SCORE_JUMP,REGIME_TRANSITION_NORMAL_TO_CAUTION",NORMAL,CAUTION,EXECUTE,REDUCE_SIZE,-0.001107,0.206436,-0.14,0.556436,d90523dac2a141fd1ef0778af1460874c0e2b5b3c7206547ce5a13e646311b75
2026-05-31T03:15:07.526479+00:00,XRP/USDT,IMBALANCE_SPIKE,CAUTION,CAUTION,REDUCE_SIZE,REDUCE_SIZE,-0.005544,0.07975,0.32,0.58975,6930b40eb4379861714efd6fe7bbc8dfcf7ac4c3ecc341b931999f23983c136c
2026-05-31T03:16:12.086482+00:00,BTC/USDT,REGIME_TRANSITION_HIGH_STRESS_TO_CAUTION,HIGH_STRESS,CAUTION,PAUSE,REDUCE_SIZE,4e-06,-0.105,-0.42,0.35,20a2148df9c2247f602a28c28dd14426d2ec7bafeedbd34219e5c3988d386542
2026-05-31T03:16:12.086482+00:00,ETH/USDT,"STRESS_SCORE_JUMP,IMBALANCE_SPIKE",NORMAL,NORMAL,EXECUTE,EXECUTE,1.9e-05,0.172742,0.68,0.862744,ba1b5bcfd670fec6be1d9d461c59db65121638a1a29fd7991c2213a72870c798
2026-05-31T03:16:12.086482+00:00,AVAX/USDT,SPREAD_EXPANDING_FAST,NORMAL,NORMAL,EXECUTE,EXECUTE,2.220002,0.104967,0.02,0.686967,e67bf5515a5529ee96669d7fcc2041ee845b6535ba7424cc6dc9e20f055a4324
2026-05-31T03:16:12.086482+00:00,TON/USDT,SPREAD_EXPANDING_FAST,NORMAL,NORMAL,EXECUTE,EXECUTE,2.704559,0.112178,-0.04,0.732634,ec74fc7d478fbaf0f7ef49b359c868721536f689813402ec10be46bffa821847
2026-05-31T03:18:58.275712+00:00,ETH/USDT,IMBALANCE_SPIKE,NORMAL,NORMAL,EXECUTE,EXECUTE,-2.3e-05,0.118623,0.48,0.708623,6c5a233f4d8c7b7967599d3fff2cea9d1e35e7250df08172e0013fdeb0d3dbd2
2026-05-31T03:18:58.275712+00:00,BNB/USDT,IMBALANCE_SPIKE,CAUTION,CAUTION,REDUCE_SIZE,REDUCE_SIZE,-0.002388,0.071999,0.26,0.551999,c4b2f188466d8e81dde25e01b85abafb69a38297be2641b07e28ca377ccd3a8a
2026-05-31T03:20:09.676734+00:00,BTC/USDT,"STRESS_SCORE_JUMP,IMBALANCE_SPIKE",CAUTION,CAUTION,REDUCE_SIZE,REDUCE_SIZE,-5e-06,0.175,0.7,0.875,30db6428f79062198504fcfdfffb46984e36aa5a05c09666fd58387885ffdf47
2026-05-31T03:21:00.745023+00:00,BNB/USDT,REGIME_TRANSITION_CAUTION_TO_NORMAL,CAUTION,NORMAL,REDUCE_SIZE,EXECUTE,0.004411,-0.062654,-0.12,0.350441,1f75ee82d1e19a1c7fb820257961c63dae6eeb4fd358d88c511768cfab28730e
2026-05-31T03:21:56.744679+00:00,BNB/USDT,"STRESS_SCORE_JUMP,IMBALANCE_SPIKE,REGIME_TRANSITION_NORMAL_TO_CAUTION",NORMAL,CAUTION,EXECUTE,REDUCE_SIZE,-1.354916,0.206298,0.32,0.716298,8ba3a82f08f9701a92b2f83c38672a64468dea6019b5cfdda6e2189e9802274d
2026-05-31T03:21:56.744679+00:00,AVAX/USDT,SPREAD_EXPANDING_FAST,NORMAL,NORMAL,EXECUTE,EXECUTE,2.220372,0.099437,0.0,0.671474,ff3f1dcc89b358325edb0ee10f1d0a83f5cae7ba23ebd30283e97dce6458340e
2026-05-31T03:22:47.323031+00:00,BTC/USDT,IMBALANCE_SPIKE,CAUTION,CAUTION,REDUCE_SIZE,REDUCE_SIZE,-2e-06,0.14,0.56,0.77,8ed178409cbfcbbeb531dc2b354437c11a1fd9e192d77a88c7c8078b1db0950b
2026-05-31T03:22:47.323031+00:00,ETH/USDT,IMBALANCE_SPIKE,NORMAL,NORMAL,EXECUTE,EXECUTE,-1.7e-05,0.108807,0.4,0.658807,ddd4644560eae24ca0ab28605cbe332c79aa21605cf301a77f4b38e7e60ad88f
2026-05-31T03:23:45.801354+00:00,BNB/USDT,REGIME_TRANSITION_CAUTION_TO_NORMAL,CAUTION,NORMAL,REDUCE_SIZE,EXECUTE,-0.000554,-0.173938,-0.28,0.35,e0147ee8088449d9af7dbac79c17a0ebbb414e4252c31fa1441f26a708af7644
2026-05-31T03:24:39.948246+00:00,BTC/USDT,"IMBALANCE_SPIKE,REGIME_TRANSITION_CAUTION_TO_HIGH_STRESS",CAUTION,HIGH_STRESS,REDUCE_SIZE,PAUSE,-5e-06,0.12,0.48,0.71,6241f92d9cf446cf2c197143cac30cb79b6b268869401d53460043c99536394f
2026-05-31T03:24:39.948246+00:00,ETH/USDT,"STRESS_SCORE_JUMP,IMBALANCE_SPIKE,REGIME_TRANSITION_NORMAL_TO_CAUTION",NORMAL,CAUTION,EXECUTE,REDUCE_SIZE,-4.4e-05,0.232807,0.92,1.0,1a7c25161170677761afb1881396b8964ecadf9ad25d53439d02305038173c93
2026-05-31T03:25:44.189467+00:00,ETH/USDT,REGIME_TRANSITION_CAUTION_TO_NORMAL,CAUTION,NORMAL,REDUCE_SIZE,EXECUTE,-1.9e-05,-0.168826,-0.66,0.35,711773a49368ed58a4959ce44964140870e4add2efda3f261688094c55a9fbdf
2026-05-31T03:25:44.189467+00:00,SOL/USDT,IMBALANCE_SPIKE,NORMAL,NORMAL,EXECUTE,EXECUTE,-0.000865,0.105728,0.42,0.665728,9dd2d47bc03bc568c8b4b1848b7a90cdbc08cbc79283c0752d45be9416d2ae96
2026-05-31T03:25:44.189467+00:00,TON/USDT,SPREAD_EXPANDING_FAST,NORMAL,NORMAL,EXECUTE,EXECUTE,2.151029,0.101864,0.02,0.676967,511b81e7666c75e76679819328934282dee24bb09dae63f69ab50f3411c112b6
2026-05-31T03:26:35.915512+00:00,BTC/USDT,REGIME_TRANSITION_HIGH_STRESS_TO_CAUTION,HIGH_STRESS,CAUTION,PAUSE,REDUCE_SIZE,-4e-06,-0.105001,-0.42,0.35,7a8520421481c2dbf054d74adf1acf2f01fe53d9d1d5e610648112398db59702
2026-05-31T03:27:41.484944+00:00,ETH/USDT,IMBALANCE_SPIKE,NORMAL,NORMAL,EXECUTE,EXECUTE,2e-05,0.122831,0.5,0.722833,c0b338e6e42ea06ad0798af5e5f3e94f42e24ebfee3c9047ddcb7ba1f53e26a6
2026-05-31T03:27:41.484944+00:00,ADA/USDT,"SPREAD_EXPANDING_FAST,STRESS_SCORE_JUMP,REGIME_TRANSITION_NORMAL_TO_CAUTION",NORMAL,CAUTION,EXECUTE,REDUCE_SIZE,4.204327,0.214163,0.1,1.0,9c4822011927d8b17427034d1976751f08c64e149349635a29c07012aab1409c
2026-05-31T03:28:38.508981+00:00,BNB/USDT,"IMBALANCE_SPIKE,REGIME_TRANSITION_NORMAL_TO_CAUTION",NORMAL,CAUTION,EXECUTE,REDUCE_SIZE,-1.356018,0.140136,0.26,0.620136,7c7bc976976906cd9dbf7742ff1c2554d32ad242440d0eb52ed85ee012157782
2026-05-31T03:29:45.401349+00:00,BTC/USDT,IMBALANCE_SPIKE,CAUTION,CAUTION,REDUCE_SIZE,REDUCE_SIZE,-2e-06,-0.037884,0.22,0.46,9b84bcaa0835a0b41b51e129c029c748c4c40ab2af680e145984d3221a078b10
2026-05-31T03:29:45.401349+00:00,ADA/USDT,REGIME_TRANSITION_CAUTION_TO_NORMAL,CAUTION,NORMAL,REDUCE_SIZE,EXECUTE,-4.20609,-0.179242,0.04,0.37,e63da3648581bd9f9e1363aea984d97aa8e1d0f3e0e82477046c2dbfde4f2fcf
2026-05-31T10:31:56.588561+00:00,BNB/USDT,REGIME_TRANSITION_CAUTION_TO_NORMAL,CAUTION,NORMAL,REDUCE_SIZE,EXECUTE,0.031944,-0.205537,-0.52,0.353194,42591204fa397aeaf43c5364217728f1a39f64625f90fffb8a20c90c2847818b
2026-05-31T10:31:56.588561+00:00,XRP/USDT,"IMBALANCE_SPIKE,REGIME_TRANSITION_CAUTION_TO_NORMAL",CAUTION,NORMAL,REDUCE_SIZE,EXECUTE,-6.695106,-0.196255,0.42,0.56,4343cdb305c6bab43de422f6330f13c23ba9a8d6c247956ba3c743e093cd390c
2026-05-31T10:31:56.588561+00:00,AVAX/USDT,IMBALANCE_SPIKE,NORMAL,NORMAL,EXECUTE,EXECUTE,-1.103268,0.006227,0.22,0.466227,1d475ee5abbb0bd39036422eda8e8da5c7b5f09041eb0a20300c20ca43fb0113
